Sales,Quantity,Discount,Profit,Order Date,Month
261.96,2,0.0,41.9136,2016-11-08,11
731.94,3,0.0,219.582,2016-11-08,11
14.62,2,0.0,6.8714,2016-06-12,6
957.5775,5,0.45,-383.031,2015-10-11,10
22.368,2,0.2,2.5164,2015-10-11,10
48.86,7,0.0,14.1694,2014-06-09,6
7.28,4,0.0,1.9656,2014-06-09,6
907.152,6,0.2,90.7152,2014-06-09,6
18.504,3,0.2,5.7825,2014-06-09,6
114.9,5,0.0,34.47,2014-06-09,6
1706.184,9,0.2,85.3092,2014-06-09,6
911.424,4,0.2,68.3568,2014-06-09,6
15.552,3,0.2,5.4432,2017-04-15,4
407.976,3,0.2,132.5922,2016-12-05,12
68.81,5,0.8,-123.858,2015-11-22,11
2.544,3,0.8,-3.816,2015-11-22,11
665.88,6,0.0,13.3176,2014-11-11,11
55.5,2,0.0,9.99,2014-05-13,5
8.56,2,0.0,2.4824,2014-08-27,8
213.48,3,0.2,16.011,2014-08-27,8
22.72,4,0.2,7.384,2014-08-27,8
19.46,7,0.0,5.0596,2016-12-09,12
60.34,7,0.0,15.6884,2016-12-09,12
71.372,2,0.3,-1.0196,2017-07-16,7
1044.63,3,0.0,240.2649,2015-09-25,9
11.648,2,0.2,4.2224,2016-01-16,1
90.57,3,0.0,11.7741,2016-01-16,1
3083.43,7,0.5,-1665.0522,2015-09-17,9
9.618,2,0.7,-7.0532,2015-09-17,9
124.2,3,0.2,15.525,2015-09-17,9
3.264,2,0.2,1.1016,2015-09-17,9
86.304,6,0.2,9.7092,2015-09-17,9
6.858,6,0.7,-5.715,2015-09-17,9
15.76,2,0.2,3.546,2015-09-17,9
29.472,3,0.2,9.9468,2017-10-19,10
1097.544,7,0.2,123.4737,2016-12-08,12
190.92,5,0.6,-147.963,2016-12-08,12
113.328,9,0.2,35.415,2015-12-27,12
532.3992,3,0.32,-46.9764,2015-12-27,12
212.058,3,0.3,-15.147,2015-12-27,12
371.168,4,0.2,41.7564,2015-12-27,12
147.168,4,0.2,16.5564,2017-09-10,9
77.88,2,0.0,3.894,2016-07-17,7
95.616,2,0.2,9.5616,2017-09-19,9
45.98,2,0.0,19.7714,2016-03-11,3
17.46,2,0.0,8.2062,2016-03-11,3
211.96,4,0.0,8.4784,2014-10-20,10
45.0,3,0.0,4.95,2016-06-20,6
21.8,2,0.0,6.104,2016-06-20,6
38.22,6,0.0,17.9634,2015-04-18,4
75.18,6,0.0,35.3346,2015-04-18,4
6.16,2,0.0,2.9568,2015-04-18,4
89.99,1,0.0,17.0981,2015-04-18,4
15.26,7,0.0,6.2566,2016-12-11,12
1029.95,5,0.0,298.6855,2016-12-11,12
208.56,6,0.0,52.14,2016-06-17,6
32.4,5,0.0,15.552,2016-06-17,6
319.41,5,0.1,7.098,2016-06-17,6
14.56,2,0.0,6.9888,2016-06-17,6
30.0,2,0.0,3.3,2016-06-17,6
48.48,4,0.2,16.362,2016-06-17,6
1.68,1,0.0,0.84,2016-06-17,6
13.98,2,0.0,6.1512,2015-11-24,11
25.824,6,0.2,9.3612,2015-11-24,11
146.73,3,0.0,68.9631,2015-11-24,11
79.76,4,0.0,22.3328,2015-11-24,11
213.115,5,0.3,-15.2225,2015-04-30,4
1113.024,8,0.2,111.3024,2014-12-05,12
167.968,4,0.2,62.988,2014-12-05,12
75.88,2,0.0,35.6636,2016-06-04,6
4.616,1,0.2,1.731,2016-09-18,9
19.05,3,0.0,8.763,2017-09-14,9
831.936,8,0.2,-114.3912,2015-04-26,4
97.04,2,0.2,1.213,2015-04-26,4
72.784,1,0.2,-18.196,2015-04-26,4
1.248,3,0.8,-1.9344,2017-12-09,12
9.708,3,0.6,-5.8248,2017-12-09,12
27.24,3,0.2,2.724,2017-12-09,12
19.3,5,0.6,-14.475,2014-11-26,11
208.16,1,0.0,56.2032,2016-06-12,6
16.74,3,0.0,8.0352,2016-06-12,6
14.9,5,0.0,4.172,2014-10-12,10
21.39,1,0.0,6.2031,2014-10-12,10
200.984,7,0.2,62.8075,2015-09-03,9
230.376,3,0.2,-48.9549,2017-11-13,11
301.96,2,0.0,33.2156,2017-05-28,5
19.99,1,0.0,6.7966,2017-10-26,10
6.16,2,0.0,2.9568,2017-10-26,10
158.368,7,0.2,13.8572,2016-04-05,4
20.1,3,0.0,6.633,2016-09-17,9
73.584,2,0.2,8.2782,2016-09-17,9
6.48,1,0.0,3.1104,2016-09-17,9
12.96,2,0.0,6.2208,2015-01-31,1
53.34,3,0.0,16.5354,2015-01-31,1
32.96,2,0.0,16.1504,2015-01-31,1
5.682,1,0.7,-3.788,2017-11-06,11
96.53,7,0.0,40.5426,2017-11-09,11
51.312,3,0.2,17.9592,2017-06-17,6
77.88,6,0.0,22.5852,2016-09-06,9
64.624,7,0.2,22.6184,2016-08-29,8
95.976,3,0.2,-10.7973,2016-08-29,8
1.788,3,0.8,-3.0396,2016-08-29,8
23.92,4,0.0,11.7208,2016-12-01,12
238.896,6,0.2,-26.8758,2015-11-13,11
102.36,3,0.2,-3.8385,2015-11-13,11
36.882,3,0.7,-25.8174,2015-11-13,11
74.112,8,0.2,17.6016,2017-11-23,11
27.992,1,0.2,2.0994,2017-11-23,11
3.304,1,0.2,1.0738,2017-11-23,11
339.96,5,0.2,67.992,2015-10-15,10
41.96,2,0.0,10.9096,2017-12-25,12
75.96,2,0.0,22.788,2016-11-03,11
27.24,6,0.0,13.3476,2016-11-03,11
40.096,14,0.2,14.5348,2014-08-25,8
4.72,2,0.2,1.652,2014-08-25,8
23.976,3,0.2,7.4925,2014-08-25,8
130.464,6,0.2,44.0316,2014-08-25,8
787.53,3,0.0,165.3813,2015-03-02,3
157.794,1,0.7,-115.7156,2015-04-05,4
47.04,3,0.0,18.3456,2016-06-12,6
30.84,4,0.0,13.878,2016-06-12,6
226.56,6,0.0,63.4368,2016-06-12,6
115.02,9,0.0,51.759,2016-06-12,6
68.04,7,0.0,19.7316,2016-06-12,6
600.558,3,0.3,-8.5794,2014-12-26,12
617.7,6,0.5,-407.682,2014-09-20,9
2.388,2,0.7,-1.8308,2017-11-05,11
243.992,7,0.2,30.499,2017-11-05,11
81.424,2,0.2,-9.1602,2016-11-06,11
238.56,3,0.0,26.2416,2016-11-06,11
59.97,5,0.4,-11.994,2017-02-02,2
78.304,2,0.2,29.364,2017-02-02,2
21.456,9,0.2,6.9732,2017-02-02,2
20.04,3,0.0,9.6192,2016-10-13,10
35.44,1,0.0,16.6568,2016-10-13,10
11.52,4,0.0,3.456,2016-10-13,10
4.02,2,0.0,1.9698,2016-10-13,10
76.176,3,0.2,26.6616,2016-10-13,10
65.88,6,0.0,18.4464,2016-10-13,10
43.12,14,0.0,20.6976,2016-10-13,10
82.8,2,0.2,10.35,2016-09-05,9
8.82,3,0.0,2.3814,2017-09-18,9
10.86,3,0.0,5.1042,2017-09-18,9
143.7,3,0.0,68.976,2017-09-18,9
839.43,3,0.0,218.2518,2017-12-22,12
671.93,7,0.0,20.1579,2015-09-07,9
93.888,4,0.2,12.9096,2014-10-22,10
384.45,11,0.0,103.8015,2016-12-05,12
149.97,3,0.0,5.9988,2016-12-05,12
1951.84,8,0.0,585.552,2016-12-05,12
171.55,5,0.0,80.6285,2016-12-05,12
157.92,5,0.2,17.766,2016-03-13,3
203.184,2,0.2,15.2388,2016-03-13,3
58.38,7,0.0,26.271,2015-05-31,5
105.52,4,0.0,48.5392,2015-05-31,5
80.88,6,0.0,21.0288,2015-05-31,5
6.63,3,0.0,1.7901,2015-05-28,5
457.568,2,0.2,51.4764,2014-03-01,3
14.62,2,0.0,6.8714,2016-11-20,11
944.93,7,0.0,236.2325,2016-11-20,11
5.98,1,0.0,2.691,2016-05-11,5
54.384,2,0.2,1.3596,2015-12-28,12
28.4,5,0.0,13.348,2016-11-16,11
27.68,2,0.2,9.688,2016-11-07,11
9.936,3,0.2,2.7324,2014-09-08,9
8159.952,8,0.4,-1359.992,2014-09-08,9
275.928,3,0.2,-58.6347,2014-09-08,9
1740.06,9,0.3,-24.858,2014-09-08,9
32.064,6,0.2,6.8136,2014-09-08,9
177.98,5,0.8,-453.849,2014-09-08,9
143.976,3,0.2,8.9985,2014-09-08,9
20.94,3,0.0,9.8418,2014-08-05,8
110.96,2,0.0,53.2608,2014-08-05,8
340.144,7,0.2,21.259,2014-08-05,8
52.448,2,0.8,-131.12,2014-09-14,9
20.16,4,0.2,6.552,2014-09-14,9
97.264,4,0.8,-243.16,2017-04-21,4
396.802,7,0.3,-11.3372,2015-11-21,11
15.88,5,0.2,-3.7715,2015-11-21,11
3.28,1,0.0,1.4104,2015-12-15,12
24.816,2,0.2,1.8612,2014-12-05,12
408.744,7,0.2,76.6395,2014-12-05,12
503.96,4,0.0,131.0296,2014-11-19,11
149.95,5,0.0,41.986,2014-11-19,11
29.0,2,0.0,7.25,2014-11-19,11
7.16,2,0.0,3.4368,2016-11-28,11
176.8,8,0.0,22.984,2014-08-26,8
37.224,3,0.2,3.7224,2016-07-16,7
20.016,3,0.2,6.255,2016-07-16,7
899.136,4,0.2,112.392,2015-10-12,10
71.76,6,0.0,20.0928,2015-10-12,10
51.84,8,0.0,24.8832,2015-10-12,10
626.352,3,0.2,46.9764,2015-10-12,10
19.9,5,0.0,6.567,2015-10-12,10
14.28,7,0.0,6.7116,2015-10-31,10
7.408,2,0.2,1.2038,2014-03-21,3
6.048,3,0.2,1.5876,2014-03-21,3
46.26,3,0.0,12.0276,2017-11-06,11
2.946,2,0.7,-2.2586,2017-07-06,7
16.056,3,0.2,5.8203,2017-07-06,7
21.744,3,0.2,6.795,2017-06-24,6
218.75,2,0.5,-161.875,2014-08-03,8
2.6,1,0.2,0.2925,2014-08-03,8
66.284,2,0.8,-178.9668,2017-12-17,12
35.168,7,0.2,9.6712,2017-06-03,6
444.768,4,0.2,44.4768,2017-12-09,12
83.92,4,0.0,5.8744,2017-12-01,12
131.98,2,0.0,35.6346,2017-12-01,12
15.92,4,0.0,7.4824,2017-12-01,12
52.29,9,0.0,16.2099,2017-12-01,12
91.99,1,0.0,3.6796,2017-12-01,12
20.8,2,0.2,6.5,2015-02-09,2
23.68,2,0.2,8.88,2015-01-02,1
452.45,5,0.5,-244.323,2015-01-02,1
62.982,3,0.4,-14.6958,2015-01-02,1
1188.0,9,0.7,-950.4,2015-01-02,1
89.584,2,0.2,4.4792,2015-01-02,1
93.06,6,0.0,26.0568,2016-10-28,10
302.376,3,0.2,22.6782,2016-10-28,10
5.584,2,0.2,1.8148,2015-12-24,12
22.704,6,0.2,8.2302,2015-12-24,12
19.776,4,0.7,-13.8432,2015-12-24,12
72.704,4,0.2,19.0848,2015-12-24,12
479.988,4,0.7,-383.9904,2015-12-24,12
27.168,2,0.2,2.7168,2015-12-24,12
2.2,1,0.0,0.968,2015-08-09,8
622.45,5,0.0,136.939,2015-08-09,8
21.98,1,0.0,0.2198,2015-08-09,8
161.568,2,0.2,-28.2744,2015-02-28,2
389.696,8,0.2,43.8408,2015-02-28,2
18.648,7,0.7,-12.432,2014-09-13,9
233.86,2,0.45,-102.048,2017-04-07,4
620.6145,3,0.45,-248.2458,2017-04-07,4
5.328,2,0.7,-3.552,2017-04-07,4
258.072,3,0.2,0.0,2017-04-07,4
617.976,3,0.2,-7.7247,2017-04-07,4
10.56,2,0.0,4.752,2017-11-12,11
25.92,5,0.2,9.396,2016-06-04,6
419.68,5,0.6,-356.728,2016-06-04,6
11.688,3,0.6,-4.6752,2016-06-04,6
31.984,2,0.2,11.1944,2016-06-04,6
177.225,5,0.5,-120.513,2016-06-04,6
4.044,3,0.6,-2.8308,2016-06-04,6
7.408,2,0.2,1.2038,2016-06-04,6
2001.86,7,0.0,580.5394,2014-06-01,6
166.72,2,0.0,41.68,2014-06-01,6
47.88,6,0.0,23.94,2014-06-01,6
1503.25,5,0.0,496.0725,2014-06-01,6
25.92,4,0.0,12.4416,2014-06-01,6
321.568,2,0.2,28.1372,2016-12-10,12
7.61,1,0.0,3.5767,2016-09-11,9
3347.37,13,0.0,636.0003,2016-09-11,9
80.58,6,0.0,22.5624,2016-12-10,12
361.92,4,0.0,162.864,2016-12-10,12
12.132,9,0.6,-8.4924,2015-11-28,11
82.368,2,0.2,-19.5624,2015-11-28,11
53.92,5,0.2,4.044,2015-11-28,11
647.904,6,0.2,56.6916,2015-11-28,11
20.37,3,0.0,6.9258,2017-12-01,12
221.55,3,0.0,6.6465,2017-12-01,12
17.52,5,0.2,6.132,2017-12-01,12
1.624,2,0.8,-4.466,2017-06-08,6
3059.982,3,0.4,-509.997,2014-09-19,9
2519.958,7,0.4,-251.9958,2014-09-19,9
328.224,4,0.2,28.7196,2016-06-06,6
79.9,2,0.0,35.156,2015-11-10,11
14.016,3,0.2,4.7304,2017-06-16,6
7.56,6,0.0,0.3024,2016-01-22,1
37.208,1,0.2,-7.4416,2017-12-09,12
57.576,3,0.2,21.591,2017-12-09,12
725.84,4,0.0,210.4936,2017-12-28,12
209.93,7,0.0,92.3692,2015-07-30,7
5.28,3,0.0,2.3232,2015-07-30,7
10.92,3,0.2,4.095,2015-07-30,7
8.82,2,0.0,4.0572,2017-09-16,9
5.98,1,0.0,1.5548,2017-09-16,9
11.648,2,0.2,4.0768,2017-10-13,10
18.176,4,0.2,5.9072,2017-10-13,10
59.712,6,0.2,5.9712,2017-10-13,10
24.84,3,0.2,8.694,2017-10-13,10
2.08,5,0.8,-3.432,2015-09-26,9
1114.4,7,0.2,376.11,2015-09-26,9
1038.84,5,0.2,51.942,2015-11-02,11
141.76,5,0.2,47.844,2015-09-26,9
239.8,5,0.2,47.96,2015-09-26,9
31.104,6,0.2,10.8864,2015-09-26,9
254.058,7,0.7,-169.372,2016-12-18,12
194.528,2,0.2,24.316,2016-12-18,12
961.48,5,0.2,-204.3145,2016-12-18,12
19.096,7,0.2,6.6836,2016-11-20,11
18.496,8,0.2,6.2424,2016-11-20,11
255.984,2,0.2,54.3966,2016-11-20,11
86.97,3,0.5,-48.7032,2016-11-20,11
300.416,8,0.2,78.8592,2014-12-26,12
230.352,3,0.2,20.1558,2014-12-26,12
218.352,3,0.2,-24.5646,2014-12-26,12
78.6,5,0.7,-62.88,2014-12-26,12
27.552,3,0.2,9.2988,2014-12-26,12
32.4,5,0.0,15.552,2016-10-28,10
1082.48,8,0.0,10.8248,2016-10-28,10
56.91,3,0.0,27.3168,2016-10-28,10
77.6,4,0.0,38.024,2016-10-28,10
14.28,1,0.0,6.5688,2016-10-28,10
219.075,3,0.5,-131.445,2017-11-19,11
26.8,2,0.0,12.864,2015-05-04,5
9.84,3,0.0,2.8536,2014-12-30,12
45.48,3,0.0,20.9208,2014-06-01,6
289.2,6,0.0,83.868,2014-06-01,6
4.89,1,0.0,2.0049,2017-04-15,4
15.136,4,0.2,3.5948,2016-09-12,9
466.768,2,0.2,52.5114,2016-09-12,9
15.232,1,0.2,1.7136,2016-09-12,9
6.264,3,0.2,2.0358,2016-09-12,9
87.54,3,0.0,37.6422,2014-09-27,9
178.384,2,0.2,22.298,2014-08-09,8
15.552,3,0.2,5.4432,2014-08-09,8
99.136,4,0.2,8.6744,2014-12-28,12
135.882,1,0.1,24.1568,2014-11-04,11
3991.98,2,0.0,1995.99,2014-11-04,11
275.94,6,0.0,80.0226,2014-11-04,11
360.0,4,0.0,129.6,2014-11-04,11
43.57,1,0.0,13.071,2014-11-04,11
7.16,2,0.0,3.58,2014-09-19,9
251.52,6,0.2,81.744,2016-04-23,4
99.99,1,0.0,34.9965,2016-04-23,4
15.992,1,0.2,0.9995,2017-11-03,11
290.898,3,0.4,-67.8762,2016-08-30,8
54.224,2,0.2,3.389,2016-08-30,8
786.744,4,0.3,-258.5016,2016-08-30,8
100.24,10,0.2,33.831,2016-08-30,8
37.764,6,0.7,-27.6936,2016-08-30,8
82.8,2,0.4,-20.7,2016-04-25,4
20.724,2,0.7,-13.816,2016-04-25,4
4.896,3,0.7,-3.4272,2016-04-25,4
4.752,1,0.2,1.6038,2015-09-01,9
959.984,2,0.2,335.9944,2015-09-01,9
14.368,4,0.2,4.49,2015-09-01,9
7.712,2,0.2,2.7956,2014-07-12,7
698.352,3,0.2,-17.4588,2014-07-12,7
4.96,4,0.0,2.3312,2015-06-22,6
17.856,4,0.2,1.116,2014-04-13,4
509.97,10,0.7,-407.976,2014-04-13,4
30.992,13,0.2,10.0724,2014-04-13,4
71.928,12,0.4,8.3916,2014-04-13,4
88.8,4,0.2,-2.22,2015-12-20,12
47.976,3,0.2,4.7976,2017-06-15,6
7.56,3,0.0,3.0996,2017-07-08,7
24.56,2,0.0,11.5432,2017-07-08,7
12.96,2,0.0,4.1472,2017-07-08,7
6.79,1,0.0,2.3086,2016-09-01,9
24.56,2,0.0,11.5432,2016-09-01,9
3.048,1,0.2,1.0668,2016-09-01,9
49.12,4,0.0,23.0864,2016-09-01,9
4355.168,4,0.2,1415.4296,2016-09-01,9
388.704,6,0.2,-4.8588,2016-04-08,4
8.26,2,0.0,3.7996,2016-04-08,4
17.04,4,0.0,6.9864,2016-04-08,4
34.4,5,0.0,15.824,2016-04-08,4
36.24,5,0.2,11.325,2016-04-23,4
647.84,8,0.0,168.4384,2017-03-08,3
20.7,2,0.0,9.936,2017-03-08,3
20.7,2,0.0,9.936,2017-09-25,9
488.646,3,0.1,86.8704,2017-09-25,9
5.56,2,0.0,1.4456,2017-09-25,9
47.12,8,0.0,20.7328,2017-09-25,9
211.96,4,0.0,8.4784,2014-09-24,9
23.2,4,0.0,10.44,2016-10-21,10
7.36,2,0.0,0.1472,2016-10-21,10
104.79,7,0.0,29.3412,2016-10-21,10
1043.92,4,0.0,271.4192,2016-10-21,10
25.92,5,0.2,9.396,2017-05-29,5
53.424,3,0.2,4.6746,2017-05-29,5
8.16,5,0.7,-5.712,2014-07-23,7
1023.936,8,0.2,179.1888,2014-07-23,7
9.24,1,0.2,0.924,2014-07-23,7
479.04,10,0.2,-29.94,2014-07-23,7
99.136,4,0.2,30.98,2016-09-28,9
1488.424,7,0.3,-297.6848,2017-08-27,8
8.652,3,0.8,-20.3322,2015-04-28,4
23.832,3,0.2,2.6811,2015-04-28,4
12.176,4,0.8,-18.8728,2015-04-28,4
50.96,7,0.0,25.48,2016-10-28,10
49.536,3,0.2,17.3376,2016-10-28,10
41.9,2,0.0,8.799,2015-06-26,6
375.4575,3,0.45,-157.0095,2015-11-27,11
83.976,3,0.2,-1.0497,2015-11-27,11
482.34,4,0.7,-337.638,2015-12-03,12
2.96,1,0.2,0.777,2015-12-03,12
2.624,1,0.2,0.4264,2014-11-24,11
23.36,4,0.2,7.884,2017-12-11,12
39.98,2,0.0,13.5932,2017-12-11,12
246.384,2,0.2,27.7182,2014-09-21,9
1799.97,3,0.0,701.9883,2014-09-21,9
12.462,3,0.8,-20.5623,2014-06-07,6
75.792,3,0.2,25.5798,2017-06-30,6
49.96,2,0.0,9.4924,2017-10-17,10
12.96,2,0.0,6.2208,2017-10-17,10
70.12,4,0.0,21.036,2015-10-31,10
35.952,3,0.2,3.5952,2016-09-08,9
2396.2656,4,0.32,-317.1528,2016-09-08,9
131.136,4,0.2,-32.784,2016-09-08,9
57.584,2,0.2,0.7198,2016-09-08,9
9.568,2,0.2,3.4684,2014-12-24,12
39.072,6,0.2,9.768,2014-04-16,4
35.91,3,0.0,9.6957,2017-12-24,12
179.95,5,0.0,37.7895,2017-12-08,12
1199.976,3,0.2,434.9913,2017-12-08,12
27.15,5,0.0,13.3035,2017-12-08,12
1004.024,7,0.2,-112.9527,2017-12-08,12
9.68,1,0.0,4.6464,2017-12-08,12
28.35,9,0.0,13.608,2017-12-08,12
55.98,1,0.0,27.4302,2017-12-08,12
1336.829,13,0.15,31.4548,2017-12-08,12
113.568,2,0.2,-18.4548,2017-12-08,12
139.86,7,0.0,65.7342,2017-11-03,11
307.136,4,0.2,26.8744,2017-11-03,11
95.92,8,0.0,25.8984,2017-06-24,6
383.8,5,0.2,38.38,2016-04-14,4
5.78,1,0.0,2.8322,2017-11-06,11
9.32,4,0.0,2.7028,2017-03-04,3
15.25,1,0.0,7.015,2017-03-04,3
196.752,6,0.2,56.5662,2014-06-22,6
56.56,4,0.0,14.7056,2017-10-19,10
32.7,3,0.0,8.502,2017-10-19,10
866.4,4,0.0,225.264,2017-08-21,8
28.4,2,0.0,11.076,2017-11-23,11
287.92,8,0.0,138.2016,2017-11-23,11
69.99,1,0.0,30.0957,2014-09-12,9
6.672,6,0.2,0.5004,2017-10-01,10
189.588,2,0.7,-145.3508,2016-04-15,4
408.744,7,0.2,76.6395,2016-04-15,4
291.96,5,0.2,54.7425,2016-04-15,4
4.768,2,0.2,-0.7748,2016-04-15,4
714.3,5,0.0,207.147,2016-06-06,6
4.812,2,0.7,-3.6892,2014-12-19,12
247.8,5,0.2,-18.585,2014-12-19,12
1007.979,3,0.3,43.1991,2016-06-12,6
313.488,7,0.2,113.6394,2016-06-12,6
31.872,8,0.2,11.5536,2017-09-15,9
207.846,3,0.1,2.3094,2017-01-20,1
12.22,1,0.0,3.666,2016-09-05,9
194.94,3,0.0,23.3928,2016-09-05,9
70.95,3,0.0,20.5755,2016-09-05,9
91.36,4,0.0,42.0256,2016-09-05,9
242.94,3,0.0,29.1528,2016-09-05,9
22.05,7,0.0,10.584,2016-09-05,9
2.91,1,0.0,1.3677,2017-03-20,3
59.52,3,0.0,15.4752,2016-04-01,4
161.94,3,0.0,9.7164,2016-04-01,4
263.88,6,0.0,71.2476,2016-04-01,4
30.48,3,0.0,7.9248,2016-04-01,4
9.84,3,0.0,2.8536,2016-04-01,4
35.12,4,0.0,9.1312,2016-04-01,4
284.364,2,0.4,-75.8304,2017-10-20,10
665.408,2,0.2,66.5408,2017-10-20,10
63.88,4,0.0,24.9132,2016-12-13,12
129.568,2,0.2,-24.294,2014-02-12,2
747.558,3,0.3,-96.1146,2016-09-26,9
8.928,2,0.2,3.348,2016-09-26,9
103.92,4,0.0,36.372,2015-12-15,12
899.91,9,0.0,377.9622,2015-12-15,12
51.312,3,0.2,18.6006,2015-12-15,12
23.56,5,0.2,7.068,2016-04-22,4
1272.63,6,0.5,-814.4832,2016-04-22,4
28.485,5,0.7,-20.889,2016-04-22,4
185.376,2,0.2,-34.758,2016-04-22,4
78.272,2,0.2,5.8704,2016-04-22,4
254.744,7,0.6,-312.0614,2015-01-17,1
205.3328,2,0.32,-36.2352,2017-03-31,3
4.788,3,0.8,-7.9002,2016-12-16,12
55.48,1,0.0,26.6304,2015-12-20,12
340.92,3,0.0,3.4092,2014-11-09,11
222.666,2,0.15,10.4784,2014-11-09,11
703.968,4,0.2,87.996,2014-11-09,11
92.52,6,0.0,24.9804,2014-11-09,11
62.65,7,0.0,28.819,2014-11-09,11
94.85,5,0.0,45.528,2014-11-09,11
95.76,6,0.2,7.182,2016-07-12,7
40.2,3,0.0,19.296,2016-10-27,10
14.7,5,0.0,6.615,2016-06-26,6
704.25,5,0.0,84.51,2016-06-26,6
9.09,3,0.0,1.9089,2014-10-06,10
5.96,2,0.0,1.6688,2014-07-22,7
159.98,2,0.0,57.5928,2014-07-22,7
29.6,2,0.0,14.8,2017-06-10,6
514.165,5,0.15,-30.245,2017-06-10,6
279.96,5,0.2,17.4975,2017-06-10,6
2735.952,6,0.2,341.994,2014-10-29,10
7.992,1,0.2,0.5994,2014-06-09,6
63.984,2,0.2,10.3974,2014-06-09,6
70.368,2,0.2,6.1572,2014-06-09,6
449.15,5,0.0,8.983,2014-09-14,9
11.07,3,0.0,5.0922,2014-09-14,9
93.98,2,0.0,13.1572,2016-05-09,5
189.882,3,0.4,-94.941,2016-03-18,3
105.42,2,0.0,51.6558,2015-12-27,12
119.616,8,0.2,40.3704,2016-07-25,7
255.76,4,0.0,81.8432,2016-07-25,7
241.568,2,0.2,18.1176,2016-07-25,7
69.3,9,0.0,22.869,2016-07-25,7
22.62,2,0.7,-15.08,2016-05-30,5
14.952,2,0.7,-11.9616,2016-05-30,5
801.568,2,0.2,50.098,2016-05-30,5
2.376,3,0.7,-1.9008,2016-05-30,5
32.792,1,0.2,11.8871,2016-05-30,5
15.92,5,0.2,5.373,2017-11-12,11
2.74,1,0.0,0.7398,2015-03-16,3
8.34,3,0.0,2.1684,2015-03-16,3
46.74,3,0.0,11.685,2015-03-16,3
6354.95,5,0.0,3177.475,2015-03-16,3
126.3,3,0.0,40.416,2017-11-26,11
38.04,2,0.0,12.1728,2017-11-26,11
7.152,3,0.2,0.7152,2016-10-20,10
6.63,3,0.0,1.7901,2017-12-21,12
5.88,2,0.0,1.7052,2017-12-21,12
2999.95,5,0.0,1379.977,2017-01-22,1
51.45,3,0.0,13.8915,2017-01-22,1
11.96,2,0.0,5.382,2017-01-22,1
1126.02,3,0.0,56.301,2017-01-22,1
18.392,1,0.2,5.2877,2015-03-22,3
129.568,2,0.2,-25.9136,2015-03-22,3
14.112,9,0.8,-21.168,2015-03-22,3
210.98,2,0.0,21.098,2017-01-23,1
55.176,3,0.2,-12.4146,2016-05-21,5
66.26,2,0.0,27.1666,2016-05-21,5
22.2,5,0.0,10.434,2015-12-26,12
683.952,3,0.2,42.747,2017-10-21,10
45.696,3,0.2,5.1408,2017-10-21,10
36.336,3,0.2,-7.2672,2015-09-03,9
666.248,1,0.2,-149.9058,2015-09-03,9
52.512,6,0.2,19.692,2015-09-03,9
190.72,1,0.2,11.92,2015-11-07,11
47.94,3,0.0,2.397,2017-09-07,9
979.95,5,0.0,274.386,2016-05-29,5
22.75,5,0.0,11.375,2016-05-29,5
16.768,2,0.2,1.4672,2016-07-10,7
42.616,7,0.8,-68.1856,2017-09-03,9
10.752,4,0.2,3.36,2015-12-03,12
152.94,3,0.0,41.2938,2015-12-07,12
283.92,4,0.0,70.98,2015-12-07,12
468.9,6,0.0,206.316,2014-02-01,2
380.864,8,0.2,38.0864,2016-07-14,7
646.776,9,0.2,-145.5246,2015-12-18,12
58.112,2,0.2,7.264,2014-05-11,5
100.792,1,0.2,6.2995,2014-05-11,5
66.112,4,0.6,-84.2928,2014-05-11,5
41.28,6,0.2,13.932,2017-11-19,11
13.36,2,0.0,6.4128,2017-11-19,11
250.272,9,0.2,15.642,2015-11-15,11
11.364,3,0.8,-17.046,2015-11-15,11
8.72,5,0.2,-1.744,2015-11-15,11
1121.568,2,0.2,0.0,2016-04-15,4
34.504,1,0.2,6.0382,2017-09-11,9
10.824,3,0.2,2.5707,2017-11-24,11
1295.78,2,0.0,310.9872,2017-06-29,6
19.456,4,0.2,3.4048,2014-03-03,3
20.7,2,0.0,9.936,2016-06-10,6
1335.68,4,0.2,-217.048,2016-06-10,6
32.4,5,0.0,15.552,2016-06-10,6
42.6,3,0.0,16.614,2017-11-20,11
84.056,7,0.2,27.3182,2017-11-20,11
13.0,5,0.2,1.3,2014-09-14,9
13.128,3,0.2,3.7743,2014-09-14,9
3.96,2,0.0,0.0,2015-12-07,12
2.61,1,0.0,1.2006,2015-12-07,12
374.376,3,0.2,46.797,2017-12-07,12
91.84,8,0.0,45.0016,2017-10-01,10
81.088,7,0.2,27.3672,2017-10-01,10
19.44,3,0.0,9.3312,2017-10-01,10
451.152,3,0.2,0.0,2017-10-01,10
72.45,7,0.0,34.776,2017-12-28,12
13.96,4,0.0,6.4216,2017-12-28,12
33.264,7,0.2,11.2266,2017-12-28,12
14.85,3,0.0,4.0095,2017-12-28,12
8.82,3,0.0,2.3814,2016-11-03,11
160.72,14,0.0,78.7528,2015-09-18,9
19.92,4,0.0,9.7608,2015-09-18,9
7.3,2,0.0,2.19,2015-09-18,9
69.712,2,0.2,8.714,2017-07-20,7
8.792,1,0.6,-5.7148,2017-07-20,7
51.52,4,0.0,1.5456,2015-09-10,9
470.376,3,0.2,52.9173,2017-12-01,12
105.584,2,0.2,9.2386,2017-12-01,12
31.152,3,0.2,3.5046,2017-12-01,12
6.783,7,0.7,-4.7481,2017-12-01,12
406.368,4,0.2,30.4776,2017-12-01,12
70.98,1,0.0,4.9686,2015-07-03,7
294.93,3,0.0,144.5157,2015-07-03,7
84.784,2,0.2,-20.1362,2016-03-20,3
20.736,4,0.2,7.2576,2016-03-20,3
16.821,3,0.7,-12.8961,2016-03-20,3
10.368,2,0.2,3.6288,2016-03-20,3
9.344,2,0.2,1.168,2014-01-09,1
31.2,3,0.2,9.75,2014-01-09,1
76.12,2,0.0,22.0748,2014-08-08,8
1199.976,3,0.2,434.9913,2014-08-08,8
445.96,5,0.2,55.745,2014-08-08,8
327.76,8,0.0,91.7728,2014-08-08,8
11.632,2,0.2,1.0178,2016-07-14,7
143.982,3,0.4,-28.7964,2016-07-16,7
494.376,4,0.4,-115.3544,2016-07-16,7
5.84,2,0.2,0.73,2016-07-16,7
142.776,1,0.2,17.847,2014-03-15,3
45.696,3,0.2,5.1408,2014-03-15,3
7.218,3,0.7,-5.5338,2014-03-15,3
43.188,4,0.7,-31.6712,2014-03-15,3
131.904,3,0.2,47.8152,2014-03-15,3
3.282,2,0.7,-2.6256,2014-05-23,5
21.168,9,0.2,2.3814,2014-05-23,5
55.188,2,0.4,-10.1178,2014-05-23,5
369.576,3,0.2,41.5773,2016-04-28,4
15.712,4,0.2,5.6956,2016-04-28,4
8.448,2,0.2,2.64,2016-09-11,9
728.946,9,0.4,-157.9383,2016-09-11,9
119.94,10,0.4,15.992,2017-11-14,11
3.648,2,0.7,-2.7968,2017-11-14,11
40.48,2,0.0,15.7872,2017-08-18,8
9.94,2,0.0,3.0814,2017-08-18,8
107.424,9,0.2,33.57,2017-08-18,8
37.91,1,0.0,10.9939,2017-08-18,8
88.02,3,0.0,27.2862,2017-08-18,8
8.69,5,0.8,-14.773,2014-12-26,12
301.96,2,0.0,87.5684,2015-11-29,11
555.21,5,0.1,178.901,2015-11-29,11
523.48,4,0.0,130.87,2015-11-29,11
161.82,9,0.0,46.9278,2015-11-29,11
35.56,7,0.0,12.0904,2017-09-15,9
97.16,2,0.0,28.1764,2017-05-19,5
15.24,5,0.2,5.1435,2017-12-17,12
13.23,3,0.0,6.0858,2017-12-17,12
243.384,3,0.2,-51.7191,2016-12-11,12
119.8,5,0.2,29.95,2016-12-11,12
300.768,4,0.2,30.0768,2016-12-11,12
17.88,3,0.2,2.4585,2017-09-24,9
235.944,3,0.2,85.5297,2017-09-24,9
392.94,3,0.0,43.2234,2015-10-04,10
18.882,3,0.7,-13.8468,2016-08-15,8
122.328,3,0.2,12.2328,2016-08-15,8
1049.2,5,0.0,272.792,2016-05-20,5
15.424,4,0.2,5.0128,2016-05-20,5
18.84,3,0.0,6.0288,2016-12-18,12
330.4,2,0.0,85.904,2017-07-30,7
26.25,7,0.0,12.6,2017-07-30,7
132.52,4,0.0,54.3332,2017-06-10,6
6.48,1,0.0,3.1752,2017-07-21,7
209.3,2,0.0,56.511,2017-12-30,12
31.56,5,0.2,9.8625,2016-04-01,4
30.144,2,0.2,3.0144,2016-04-01,4
14.8,4,0.0,6.068,2016-12-11,12
302.376,3,0.2,22.6782,2016-12-11,12
316.0,4,0.0,31.6,2016-12-11,12
379.4,10,0.0,178.318,2016-10-23,10
97.82,2,0.0,45.9754,2017-06-19,6
103.12,8,0.0,10.312,2017-06-19,6
113.552,2,0.2,8.5164,2016-08-22,8
3.318,2,0.7,-2.6544,2016-08-22,8
134.288,2,0.2,45.3222,2016-08-22,8
701.372,2,0.3,-50.098,2016-09-19,9
2.308,2,0.8,-3.462,2016-09-19,9
999.432,7,0.2,124.929,2015-08-24,8
724.08,14,0.2,-135.765,2015-08-24,8
918.785,5,0.3,-118.1295,2015-08-24,8
2.724,3,0.8,-4.2222,2015-08-24,8
459.95,5,0.0,18.398,2016-03-26,3
10.74,3,0.0,5.2626,2016-11-04,11
23.76,3,0.2,2.079,2017-06-08,6
85.056,3,0.2,28.7064,2017-06-08,6
381.576,3,0.2,28.6182,2017-06-08,6
30.36,5,0.2,8.7285,2014-12-24,12
23.976,3,0.6,-14.3856,2017-06-09,6
108.925,1,0.5,-71.8905,2017-06-09,6
36.352,8,0.2,11.36,2017-06-09,6
19.56,5,0.2,1.7115,2017-06-15,6
61.44,3,0.0,16.5888,2017-12-05,12
38.9,5,0.0,17.505,2017-12-05,12
99.39,3,0.0,40.7499,2017-12-05,12
2.688,3,0.8,-7.392,2017-03-18,3
27.816,3,0.2,4.5201,2017-03-18,3
82.524,3,0.6,-41.262,2017-03-18,3
182.994,3,0.8,-320.2395,2017-03-18,3
14.352,3,0.2,4.6644,2016-11-19,11
64.96,2,0.0,2.5984,2016-11-19,11
68.6,4,0.0,18.522,2016-11-19,11
7999.98,4,0.5,-3839.9904,2017-11-04,11
167.44,2,0.2,14.651,2017-11-04,11
479.97,3,0.0,163.1898,2014-07-05,7
14.62,2,0.0,6.8714,2014-07-05,7
19.44,3,0.0,9.3312,2014-07-05,7
191.984,2,0.2,4.7996,2017-12-25,12
104.01,1,0.0,14.5614,2014-06-21,6
284.82,1,0.0,74.0532,2014-06-21,6
36.84,3,0.0,10.3152,2014-06-21,6
166.24,1,0.0,24.936,2015-03-28,3
33.4,5,0.0,16.032,2015-03-28,3
198.272,8,0.2,17.3488,2015-05-14,5
47.36,4,0.2,17.76,2015-05-14,5
200.984,7,0.2,62.8075,2015-05-14,5
97.696,4,0.2,31.7512,2015-05-14,5
2.696,1,0.2,0.8088,2015-05-14,5
18.588,2,0.7,-13.6312,2015-05-14,5
4.896,3,0.7,-3.4272,2015-05-14,5
15.072,3,0.2,4.1448,2017-09-02,9
209.88,3,0.0,35.6796,2016-11-04,11
369.912,3,0.2,-13.8717,2015-04-09,4
10.368,2,0.2,3.6288,2014-09-12,9
166.84,5,0.2,18.7695,2014-09-12,9
15.216,1,0.2,2.2824,2014-09-12,9
119.96,4,0.0,52.7824,2014-12-02,12
883.92,5,0.2,-110.49,2014-12-02,12
46.72,8,0.2,15.768,2014-12-02,12
55.48,1,0.0,26.6304,2014-04-05,4
24.448,4,0.2,8.8624,2017-09-03,9
281.34,6,0.0,109.7226,2017-05-19,5
307.98,2,0.0,89.3142,2017-05-19,5
299.97,3,0.0,113.9886,2017-05-19,5
19.92,5,0.2,6.972,2014-07-01,7
9.94,2,0.0,3.0814,2014-01-11,1
103.056,3,0.2,24.4758,2017-09-24,9
59.808,3,0.2,19.4376,2014-06-02,6
73.32,6,0.0,21.996,2014-06-02,6
146.82,3,0.0,73.41,2016-02-13,2
1652.94,3,0.0,231.4116,2016-12-15,12
296.37,3,0.0,80.0199,2016-12-15,12
129.92,5,0.2,21.112,2014-10-07,10
45.584,7,0.2,5.1282,2016-07-07,7
17.568,2,0.2,6.3684,2017-09-16,9
55.992,1,0.2,5.5992,2017-09-16,9
182.72,8,0.0,84.0512,2016-12-03,12
400.032,2,0.4,-153.3456,2016-12-03,12
33.63,3,0.0,10.089,2016-12-03,12
542.646,3,0.1,102.4998,2016-12-03,12
6.3,2,0.0,3.024,2016-12-03,12
242.94,3,0.0,9.7176,2017-01-21,1
179.97,3,0.0,86.3856,2017-01-21,1
99.696,6,0.2,33.6474,2017-01-21,1
27.936,4,0.2,9.4284,2017-01-21,1
84.98,1,0.0,18.6956,2017-01-21,1
18.72,5,0.2,6.552,2017-01-21,1
49.98,2,0.0,8.4966,2014-09-08,9
11.784,3,0.2,4.2717,2014-01-04,1
272.736,3,0.2,-64.7748,2014-01-04,1
3.54,2,0.8,-5.487,2014-01-04,1
51.52,5,0.2,-10.948,2016-08-27,8
3.528,1,0.2,1.1466,2016-08-27,8
4.624,1,0.2,1.6762,2016-08-27,8
55.168,4,0.2,6.2064,2016-08-27,8
567.12,10,0.2,-28.356,2014-05-27,5
359.32,4,0.0,7.1864,2014-05-27,5
11.992,1,0.2,0.8994,2016-03-20,3
58.05,3,0.0,26.703,2017-10-02,10
157.74,11,0.0,56.7864,2017-10-02,10
56.98,7,0.0,22.792,2017-10-02,10
2.88,1,0.0,1.4112,2017-10-02,10
1199.976,3,0.2,374.9925,2016-04-07,4
79.92,4,0.0,28.7712,2015-12-07,12
383.438,4,0.45,-167.3184,2016-09-18,9
24.56,2,0.0,6.8768,2014-12-29,12
119.8,4,0.0,47.92,2014-12-29,12
13.128,3,0.2,4.2666,2017-07-23,7
22.72,4,0.0,10.224,2017-09-18,9
58.32,9,0.0,27.9936,2015-08-31,8
12.39,3,0.0,5.6994,2017-11-03,11
107.982,3,0.4,-26.9955,2015-02-08,2
11.36,2,0.0,5.3392,2014-01-13,1
50.94,3,0.0,25.47,2014-01-13,1
646.74,6,0.0,258.696,2014-01-13,1
5.64,3,0.0,2.7072,2014-01-13,1
572.58,6,0.0,34.3548,2014-01-13,1
310.88,2,0.2,23.316,2014-05-14,5
641.96,2,0.0,179.7488,2016-05-19,5
18.28,2,0.0,9.14,2017-01-30,1
207.0,3,0.0,51.75,2017-01-30,1
32.35,5,0.0,16.175,2017-01-30,1
7.71,1,0.0,3.4695,2017-01-30,1
40.3,2,0.0,10.881,2017-01-30,1
34.58,7,0.0,14.5236,2017-01-30,1
32.76,7,0.2,3.6855,2014-06-29,6
544.008,3,0.2,40.8006,2015-08-21,8
59.94,3,0.0,28.1718,2015-08-21,8
23.92,4,0.0,11.7208,2015-08-21,8
4.28,1,0.0,1.926,2015-08-21,8
32.07,5,0.7,-22.449,2015-10-03,10
24.0,2,0.2,-2.7,2015-10-03,10
35.49,1,0.5,-15.6156,2015-10-03,10
47.984,2,0.2,0.5998,2015-10-03,10
186.69,3,0.0,87.7443,2015-05-23,5
17.456,2,0.2,5.8914,2017-03-17,3
348.928,2,0.2,34.8928,2015-12-12,12
143.96,4,0.0,69.1008,2015-06-26,6
15.42,1,0.0,4.1634,2015-06-26,6
43.04,8,0.0,21.0896,2015-06-26,6
332.94,3,0.0,79.9056,2015-06-26,6
1363.96,5,0.2,85.2475,2016-05-20,5
9.96,2,0.0,4.5816,2014-09-20,9
21.72,4,0.0,10.6428,2014-09-20,9
20.16,7,0.0,9.8784,2017-09-21,9
132.79,7,0.0,63.7392,2015-12-24,12
12.96,2,0.0,6.2208,2015-12-24,12
21.56,7,0.0,10.3488,2015-12-24,12
283.92,5,0.2,17.745,2015-11-27,11
22.23,1,0.0,7.3359,2017-02-20,2
215.968,2,0.2,18.8972,2017-02-20,2
355.32,9,0.0,99.4896,2016-08-18,8
12.96,2,0.0,6.2208,2016-03-12,3
18.28,2,0.0,6.2152,2017-04-22,4
43.176,3,0.2,4.3176,2014-11-01,11
1983.968,4,0.2,247.996,2014-11-01,11
28.4,2,0.0,11.076,2015-02-03,2
149.97,3,0.0,50.9898,2015-02-03,2
11.52,4,0.0,3.2256,2014-10-13,10
1298.55,5,0.0,311.652,2014-10-13,10
213.92,4,0.0,62.0368,2014-10-13,10
25.78,2,0.0,2.578,2014-10-13,10
18.28,2,0.0,6.2152,2017-05-14,5
1399.93,7,0.0,601.9699,2017-05-14,5
51.84,8,0.0,24.8832,2015-03-20,3
5.344,1,0.2,1.8704,2016-09-15,9
41.472,8,0.2,14.5152,2014-06-28,6
3.168,3,0.7,-2.4288,2014-06-28,6
1228.465,5,0.3,0.0,2014-06-28,6
31.086,3,0.7,-22.7964,2014-06-28,6
335.52,4,0.2,117.432,2014-06-28,6
239.97,3,0.0,71.991,2017-06-20,6
9.82,2,0.0,4.8118,2017-06-20,6
67.8,4,0.0,4.068,2014-05-09,5
167.97,3,0.0,40.3128,2014-05-09,5
35.0,7,0.0,16.8,2017-08-21,8
37.24,4,0.0,10.7996,2017-08-21,8
15.28,2,0.0,7.4872,2017-08-21,8
301.96,2,0.0,90.588,2017-06-16,6
180.66,3,0.0,50.5848,2017-06-16,6
191.98,2,0.0,51.8346,2017-06-16,6
65.99,1,0.0,17.1574,2017-06-16,6
35.216,2,0.2,2.6412,2016-07-23,7
23.696,2,0.2,6.5164,2016-07-23,7
265.475,1,0.5,-111.4995,2016-07-23,7
51.184,4,0.8,-79.3352,2014-09-08,9
9.664,2,0.2,3.2616,2017-11-04,11
21.072,3,0.2,1.5804,2016-03-07,3
60.45,3,0.0,16.3215,2015-11-20,11
11.52,4,0.0,3.3408,2015-11-20,11
186.048,4,0.2,9.3024,2015-11-20,11
37.44,4,0.2,11.7,2016-11-07,11
26.976,4,0.2,8.7672,2016-11-07,11
11.36,2,0.0,3.2944,2016-11-07,11
14.62,2,0.0,6.8714,2016-11-07,11
83.72,7,0.0,23.4416,2015-10-13,10
287.94,3,0.0,77.7438,2015-10-13,10
48.896,4,0.2,8.5568,2017-01-01,1
115.36,7,0.0,49.6048,2014-02-07,2
5.16,2,0.0,1.3416,2016-06-20,6
38.88,6,0.0,18.6624,2016-06-20,6
185.88,6,0.0,50.1876,2016-05-28,5
44.46,2,0.0,14.6718,2016-02-19,2
242.94,3,0.0,9.7176,2016-02-19,2
39.96,2,0.0,18.7812,2014-08-03,8
102.3,10,0.0,26.598,2014-08-03,8
21.36,2,0.0,5.7672,2014-08-03,8
7.61,1,0.0,3.5767,2017-04-10,4
7.16,2,0.0,3.58,2017-04-10,4
7.36,2,0.0,0.1472,2014-06-09,6
23.1,2,0.0,10.626,2014-06-09,6
191.472,6,0.2,40.6878,2016-01-05,1
5.248,2,0.2,0.5904,2016-01-05,1
59.184,2,0.2,5.1786,2016-01-05,1
2.89,1,0.0,1.3583,2014-01-10,1
51.94,1,0.0,21.2954,2014-01-10,1
15.936,4,0.2,5.1792,2016-09-29,9
44.91,6,0.7,-35.928,2014-04-06,4
1141.47,5,0.7,-760.98,2016-09-03,9
280.782,3,0.4,-46.797,2016-09-03,9
34.44,3,0.0,17.22,2015-10-19,10
11.36,2,0.0,5.2256,2014-12-10,12
106.344,7,0.2,37.2204,2014-12-10,12
192.16,5,0.2,67.256,2017-08-25,8
322.59,3,0.0,64.518,2016-01-17,1
29.99,1,0.0,13.1956,2016-01-17,1
371.97,3,0.0,66.9546,2016-01-17,1
5.892,4,0.7,-4.1244,2014-09-17,9
68.472,3,0.2,23.1093,2017-11-30,11
1242.9,5,0.1,262.39,2017-11-30,11
30.84,2,0.0,8.3268,2015-10-09,10
13.48,4,0.0,5.9312,2017-12-23,12
31.4,5,0.0,10.048,2016-10-22,10
17.46,2,0.0,5.9364,2014-04-29,4
13.944,3,0.2,4.5318,2015-04-25,4
83.76,12,0.0,1.6752,2017-06-26,6
37.66,7,0.0,18.4534,2017-10-14,10
34.68,6,0.0,16.9932,2014-12-09,12
149.95,5,0.0,14.995,2017-06-20,6
51.312,3,0.2,18.6006,2017-06-20,6
4.54,1,0.0,2.043,2017-06-26,6
15.92,4,0.0,5.4128,2017-06-26,6
543.92,8,0.0,135.98,2017-06-26,6
155.82,7,0.0,42.0714,2016-11-10,11
70.008,3,0.2,24.5028,2016-11-10,11
15.648,2,0.2,5.0856,2016-10-03,10
103.6,7,0.0,51.8,2014-09-09,9
46.96,8,0.0,22.5408,2017-10-29,10
8.904,2,0.7,-6.5296,2016-04-10,4
10.44,5,0.2,3.393,2017-11-11,11
18.336,4,0.8,-32.088,2017-11-11,11
323.976,3,0.2,20.2485,2017-09-15,9
20.04,3,0.0,9.6192,2016-04-08,4
64.96,2,0.0,2.5984,2016-04-08,4
12.96,2,0.0,6.2208,2016-04-08,4
323.136,4,0.2,12.1176,2017-12-30,12
90.93,7,0.0,2.7279,2017-12-30,12
52.776,3,0.2,19.791,2017-12-30,12
1199.8,4,0.0,323.946,2017-09-02,9
1928.78,7,0.0,829.3754,2017-09-02,9
352.38,2,0.0,81.0474,2017-09-02,9
22.2,6,0.0,9.102,2015-05-31,5
46.94,1,0.0,19.2454,2017-11-27,11
143.73,9,0.0,56.0547,2017-11-27,11
99.918,2,0.3,-18.5562,2014-06-15,6
797.944,4,0.3,-56.996,2014-06-15,6
8.568,3,0.8,-14.5656,2014-06-15,6
149.352,3,0.2,50.4063,2016-03-05,3
12.992,1,0.2,-0.812,2016-03-05,3
24.56,2,0.0,6.8768,2014-12-05,12
85.14,3,0.0,34.9074,2015-04-11,4
21.99,1,0.0,10.5552,2015-04-11,4
406.6,5,0.0,113.848,2015-04-11,4
841.568,2,0.2,294.5488,2016-09-15,9
15.552,3,0.2,5.4432,2014-09-13,9
252.0,5,0.2,53.55,2014-09-13,9
46.2,4,0.0,12.936,2015-10-05,10
28.84,2,0.0,9.5172,2015-10-05,10
14.592,3,0.2,2.5536,2017-04-14,4
89.856,3,0.2,21.3408,2017-04-14,4
13.872,3,0.2,5.0286,2017-04-14,4
12.192,3,0.2,4.1148,2017-09-02,9
45.056,8,0.2,15.2064,2016-06-20,6
29.718,6,0.7,-21.7932,2016-06-20,6
15.552,3,0.2,5.4432,2016-06-20,6
447.696,2,0.2,33.5772,2016-06-20,6
159.99,1,0.0,54.3966,2017-11-05,11
12.96,2,0.0,6.2208,2015-12-13,12
134.48,4,0.0,34.9648,2015-12-13,12
17.12,2,0.0,8.0464,2016-06-19,6
6.096,2,0.2,2.2098,2016-12-13,12
1114.272,4,0.2,41.7852,2016-12-13,12
32.4,5,0.0,15.552,2015-05-29,5
540.57,3,0.0,140.5482,2015-05-29,5
167.76,5,0.2,62.91,2015-05-29,5
393.165,3,0.5,-204.4458,2015-07-26,7
516.488,7,0.2,-12.9122,2017-11-28,11
1007.232,6,0.2,75.5424,2017-11-28,11
2065.32,12,0.4,-619.596,2017-11-28,11
15.552,3,0.2,5.4432,2017-11-28,11
25.344,6,0.2,7.92,2017-11-28,11
25.472,4,0.2,7.6416,2017-04-03,4
27.168,2,0.2,2.7168,2017-12-28,12
78.8528,2,0.32,-11.596,2017-12-28,12
173.8,5,0.0,43.45,2017-11-30,11
29.592,1,0.2,2.5893,2017-05-15,5
4.752,2,0.7,-3.168,2017-05-15,5
15.552,3,0.2,5.6376,2017-05-15,5
204.6,2,0.0,53.196,2015-09-22,9
321.568,2,0.2,28.1372,2017-11-14,11
6.24,2,0.0,3.0576,2015-11-27,11
21.88,2,0.0,10.94,2016-09-01,9
4.608,2,0.2,1.6704,2014-09-22,9
9.82,2,0.0,4.8118,2017-04-09,4
35.97,3,0.0,9.7119,2017-04-09,4
12.96,2,0.0,6.2208,2017-04-09,4
191.6,4,0.0,91.968,2017-04-09,4
8.64,3,0.0,4.2336,2017-04-09,4
501.81,3,0.0,0.0,2017-04-09,4
127.104,6,0.2,28.5984,2014-01-16,1
124.2,3,0.4,-31.05,2014-01-16,1
18.588,2,0.7,-13.6312,2014-01-16,1
30.072,3,0.2,10.1493,2014-01-16,1
160.93,7,0.0,3.2186,2017-10-05,10
75.792,3,0.2,25.5798,2017-10-05,10
1.08,2,0.7,-0.792,2017-07-09,7
3059.982,2,0.1,679.996,2017-01-07,1
3.282,2,0.7,-2.6256,2016-05-30,5
34.02,3,0.0,16.6698,2015-12-09,12
599.292,6,0.1,93.2232,2016-10-03,10
3.392,1,0.2,0.8056,2014-11-11,11
559.984,2,0.2,55.9984,2014-11-11,11
603.92,5,0.2,75.49,2014-11-11,11
7.968,2,0.2,2.5896,2017-09-29,9
27.968,4,0.2,9.4392,2017-09-29,9
336.51,3,0.4,44.868,2017-09-29,9
1.112,2,0.8,-1.8904,2015-03-10,3
520.05,5,0.0,72.807,2017-05-21,5
17.97,3,0.0,5.2113,2017-05-21,5
1166.92,5,0.2,131.2785,2015-03-29,3
14.624,2,0.2,5.484,2016-09-09,9
10.23,3,0.0,4.9104,2016-08-26,8
154.9,5,0.0,69.705,2016-08-26,8
2715.93,7,0.0,1276.4871,2014-05-21,5
617.97,3,0.0,173.0316,2014-05-21,5
10.67,1,0.0,4.9082,2015-10-28,10
36.63,3,0.0,9.8901,2015-10-28,10
24.1,5,0.0,9.158,2015-10-28,10
33.11,7,0.0,12.9129,2015-10-28,10
44.02,2,0.0,11.4452,2016-11-13,11
2309.65,7,0.0,762.1845,2015-07-31,7
1090.782,7,0.4,-290.8752,2015-07-31,7
19.44,3,0.0,9.3312,2015-07-31,7
484.65,3,0.0,92.0835,2015-08-27,8
115.296,3,0.2,40.3536,2015-11-13,11
7.08,3,0.2,2.478,2015-11-06,11
4.401,3,0.7,-3.5208,2015-11-06,11
44.75,5,0.0,20.585,2017-12-26,12
95.984,2,0.2,5.999,2017-08-01,8
151.72,4,0.0,27.3096,2014-11-24,11
155.25,3,0.0,46.575,2017-06-17,6
14.03,1,0.0,4.0687,2017-06-17,6
1618.37,13,0.0,356.0414,2015-12-21,12
99.6,1,0.0,36.852,2015-12-21,12
32.4,5,0.0,15.552,2015-09-17,9
13.96,2,0.0,6.7008,2015-07-06,7
155.82,3,0.0,63.8862,2015-07-06,7
124.95,5,0.0,2.499,2015-07-06,7
601.65,5,0.0,156.429,2015-07-06,7
22.74,3,0.0,8.8686,2015-04-27,4
1267.53,3,0.0,316.8825,2015-04-27,4
1379.92,8,0.0,648.5624,2015-04-27,4
6.208,2,0.2,2.1728,2015-06-16,6
11.808,2,0.2,4.2804,2017-12-17,12
15.552,3,0.2,5.4432,2016-01-11,1
63.312,3,0.2,20.5764,2016-01-11,1
15.588,2,0.4,-9.8724,2016-01-11,1
177.2,5,0.0,83.284,2014-07-11,7
197.97,3,0.0,57.4113,2014-07-11,7
854.94,3,0.0,213.735,2014-07-11,7
124.11,9,0.0,52.1262,2014-07-11,7
14.4,5,0.0,7.056,2014-07-11,7
15.696,3,0.2,5.1012,2016-11-20,11
2.628,2,0.7,-1.9272,2016-11-20,11
14.427,3,0.7,-10.5798,2016-11-20,11
86.62,2,0.0,8.662,2016-04-22,4
36.624,3,0.2,13.734,2015-06-13,6
23.968,7,0.2,2.6964,2017-11-20,11
28.728,3,0.2,1.7955,2017-11-20,11
697.16,4,0.0,146.4036,2016-03-20,3
31.86,2,0.0,11.151,2016-09-06,9
722.352,3,0.2,90.294,2016-09-06,9
8.84,5,0.2,2.9835,2017-07-09,7
58.464,9,0.8,-146.16,2017-07-09,7
254.604,14,0.3,-18.186,2017-10-12,10
1363.96,5,0.2,85.2475,2016-03-08,3
102.36,3,0.2,-3.8385,2016-03-08,3
1113.504,12,0.2,125.2692,2014-05-27,5
99.99,1,0.0,37.9962,2014-05-27,5
168.464,2,0.2,-29.4812,2015-07-03,7
6.72,2,0.2,2.436,2015-07-03,7
282.888,9,0.2,56.5776,2015-07-03,7
11.16,2,0.0,4.3524,2015-04-04,4
108.4,2,0.0,22.764,2015-04-04,4
82.344,3,0.2,27.7911,2015-04-04,4
9.088,4,0.2,3.2944,2015-04-04,4
19.936,4,0.2,7.2268,2017-12-10,12
65.568,2,0.2,22.9488,2017-12-10,12
4.416,3,0.2,1.6008,2016-11-24,11
107.772,2,0.3,-29.2524,2015-03-23,3
45.216,3,0.2,4.5216,2015-04-16,4
10.416,7,0.2,-2.2134,2015-04-16,4
7.872,3,0.2,1.2792,2015-04-16,4
118.782,3,0.4,-27.7158,2015-04-16,4
1.448,1,0.2,0.2353,2015-04-16,4
55.47,5,0.7,-46.225,2015-04-16,4
194.848,4,0.2,12.178,2016-10-01,10
1.744,1,0.2,-0.3488,2017-09-28,9
25.176,4,0.7,-18.4624,2015-07-25,7
19.46,7,0.0,5.0596,2015-11-20,11
29.472,3,0.2,9.9468,2016-04-28,4
8.64,2,0.2,3.024,2017-11-14,11
6.27,5,0.7,-4.598,2016-11-12,11
4.368,7,0.7,-3.3488,2016-11-12,11
31.984,2,0.2,1.999,2016-11-12,11
40.88,7,0.0,10.6288,2016-09-29,9
119.96,2,0.0,33.5888,2017-09-23,9
31.44,3,0.0,8.4888,2017-09-23,9
6.88,1,0.2,2.322,2017-09-23,9
19.92,4,0.0,9.3624,2015-11-29,11
1106.91,9,0.0,121.7601,2015-11-29,11
836.592,8,0.4,-264.9208,2016-03-01,3
26.38,1,0.0,12.1348,2016-03-01,3
362.92,2,0.0,105.2468,2016-03-01,3
4899.93,7,0.0,2400.9657,2016-03-01,3
6.48,1,0.0,3.1104,2016-08-12,8
71.976,3,0.2,7.1976,2016-08-15,8
3.15,1,0.0,1.512,2016-08-15,8
31.984,2,0.2,1.999,2017-06-04,6
71.984,2,0.2,25.1944,2017-06-04,6
120.15,9,0.0,33.642,2015-12-06,12
219.184,2,0.2,19.1786,2015-12-06,12
28.9,5,0.0,14.161,2015-12-27,12
355.96,2,0.0,103.2284,2015-12-27,12
348.208,7,0.2,30.4682,2017-01-21,1
35.784,7,0.7,-28.6272,2017-01-21,1
447.84,5,0.2,11.196,2014-06-25,6
7.04,4,0.0,2.0416,2016-06-14,6
8.73,3,0.0,4.1031,2016-06-14,6
29.29,1,0.0,9.6657,2016-06-14,6
8.64,3,0.0,2.5056,2016-06-14,6
2.694,3,0.8,-4.7145,2017-04-21,4
2.934,3,0.8,-4.9878,2017-04-21,4
22.92,3,0.0,11.2308,2016-10-21,10
100.704,6,0.2,-16.3644,2016-11-19,11
2.328,2,0.6,-0.7566,2016-11-19,11
10.78,5,0.8,-17.248,2016-11-19,11
58.368,12,0.2,21.888,2016-11-19,11
40.968,3,0.2,13.8267,2016-11-19,11
71.96,5,0.2,25.186,2016-11-19,11
10.368,2,0.2,3.6288,2016-11-19,11
1.192,2,0.8,-2.0264,2016-11-19,11
46.672,2,0.2,16.3352,2017-12-18,12
119.833,1,0.15,-12.6882,2017-12-18,12
119.98,2,0.0,57.5904,2017-12-18,12
6.3,2,0.0,3.024,2016-07-22,7
279.9,5,0.0,137.151,2015-09-04,9
619.95,5,0.0,111.591,2015-09-04,9
4.36,2,0.0,2.0492,2015-09-04,9
15.28,2,0.0,7.4872,2015-09-04,9
699.93,7,0.0,181.9818,2014-01-20,1
22.96,7,0.0,6.6584,2014-01-20,1
38.6,4,0.0,11.58,2014-01-20,1
6.63,3,0.0,1.7901,2014-01-20,1
23.34,3,0.0,10.9698,2014-01-20,1
1067.94,3,0.0,224.2674,2014-01-20,1
10.16,1,0.0,2.6416,2015-03-02,3
101.88,6,0.0,50.94,2015-03-02,3
343.92,4,0.0,75.6624,2016-04-12,4
40.99,1,0.0,20.0851,2016-04-12,4
63.9,5,0.0,28.755,2016-04-12,4
19.44,3,0.0,9.3312,2016-12-06,12
124.608,4,0.2,-23.364,2016-06-05,6
7.56,3,0.2,2.646,2016-06-05,6
85.224,3,0.2,7.4571,2016-12-11,12
287.52,8,0.0,129.384,2016-11-12,11
37.68,2,0.0,10.5504,2016-11-12,11
19.98,2,0.0,8.991,2016-11-12,11
20.58,7,0.0,5.5566,2016-11-12,11
17.38,2,0.0,8.69,2016-11-12,11
204.6,2,0.0,53.196,2014-09-29,9
8.72,4,0.0,2.8776,2014-09-29,9
6.48,1,0.0,3.1104,2014-09-29,9
686.32,2,0.2,223.054,2014-09-29,9
62.18,1,0.0,16.7886,2014-09-29,9
644.076,2,0.1,107.346,2015-04-04,4
5.84,2,0.0,2.628,2015-04-04,4
12.76,2,0.0,5.8696,2015-04-04,4
10.95,1,0.0,0.438,2015-04-04,4
599.98,2,0.0,209.993,2015-04-04,4
8.352,6,0.2,1.2528,2015-05-08,5
3.64,2,0.0,1.638,2016-12-31,12
159.768,7,0.2,53.9217,2016-12-31,12
122.48,2,0.0,0.0,2014-12-20,12
2244.48,7,0.0,493.7856,2014-12-20,12
62.31,3,0.0,29.2857,2014-12-20,12
455.1,2,0.0,100.122,2014-12-20,12
195.184,1,0.2,19.5184,2016-07-02,7
362.94,3,0.0,90.735,2017-06-29,6
11.54,2,0.0,5.77,2017-06-29,6
53.94,3,0.0,15.6426,2014-09-01,9
9.99,1,0.0,4.5954,2014-03-03,3
125.76,3,0.2,40.872,2014-03-03,3
25.32,5,0.2,9.1785,2014-03-03,3
46.8,4,0.0,21.06,2014-05-04,5
447.93,9,0.0,49.2723,2015-11-02,11
109.48,2,0.0,33.9388,2017-12-08,12
272.94,3,0.0,0.0,2017-12-08,12
19.44,3,0.0,9.3312,2017-12-08,12
31.92,4,0.0,8.2992,2017-12-08,12
22.38,2,0.0,10.7424,2014-03-10,3
16.52,5,0.2,5.5755,2014-04-21,4
5.176,4,0.8,-7.764,2015-10-22,10
50.112,6,0.2,16.2864,2015-08-22,8
27.93,3,0.0,8.0997,2016-08-29,8
11.56,4,0.0,5.4332,2014-12-27,12
172.5,2,0.0,51.75,2016-12-01,12
179.97,3,0.0,44.9925,2016-12-01,12
258.696,3,0.2,64.674,2016-04-24,4
1322.93,7,0.0,357.1911,2014-06-21,6
3.76,2,0.0,1.0904,2014-06-21,6
21.744,1,0.2,7.3386,2017-01-14,1
7.92,5,0.2,0.693,2017-01-14,1
12.096,7,0.2,4.2336,2014-11-24,11
485.88,6,0.0,9.7176,2014-11-24,11
25.92,4,0.0,12.4416,2014-11-24,11
197.58,2,0.0,53.3466,2014-11-24,11
81.92,4,0.0,22.1184,2017-02-26,2
889.536,8,0.2,66.7152,2017-02-26,2
892.224,3,0.2,89.2224,2017-02-26,2
223.92,4,0.0,109.7208,2017-02-26,2
23.12,4,0.0,11.3288,2017-02-26,2
15.552,3,0.2,5.4432,2015-09-15,9
15.712,4,0.2,2.5532,2015-09-15,9
24.672,2,0.2,2.1588,2015-09-15,9
55.968,1,0.2,-2.0988,2015-09-15,9
431.928,9,0.2,64.7892,2016-04-08,4
95.984,4,0.3,-4.1136,2016-04-08,4
1088.792,4,0.8,-1850.9464,2016-04-08,4
544.008,3,0.2,40.8006,2016-07-18,7
1.872,3,0.7,-1.4352,2016-07-18,7
854.352,3,0.2,10.6794,2016-07-18,7
593.568,2,0.2,0.0,2016-07-18,7
338.04,3,0.2,-33.804,2016-07-18,7
271.96,5,0.2,16.9975,2017-08-01,8
11.21,1,0.0,3.363,2016-07-14,7
9.144,3,0.2,3.2004,2016-07-14,7
14.07,7,0.0,6.8943,2016-07-14,7
41.86,7,0.0,10.465,2016-07-14,7
8.544,2,0.2,2.8836,2016-07-14,7
579.136,4,0.2,21.7176,2016-07-14,7
141.372,2,0.3,-48.4704,2017-09-09,9
3.036,2,0.7,-2.3276,2017-09-09,9
4.503,1,0.7,-3.6024,2017-09-09,9
4.672,1,0.2,1.5768,2017-09-09,9
95.88,3,0.2,28.764,2017-09-09,9
17.024,2,0.2,1.7024,2017-09-09,9
258.696,3,0.2,64.674,2017-09-09,9
1931.958,7,0.4,-386.3916,2017-09-09,9
249.75,9,0.0,44.955,2014-07-12,7
255.936,8,0.2,28.7928,2014-07-12,7
113.79,3,0.0,20.4822,2016-12-04,12
78.15,1,0.0,34.386,2016-12-04,12
1.728,1,0.2,0.6048,2016-12-04,12
40.56,4,0.0,19.8744,2016-12-04,12
182.94,3,0.0,3.6588,2016-12-04,12
193.86,2,0.0,11.6316,2016-12-04,12
15.28,2,0.0,7.4872,2017-11-06,11
8.73,1,0.0,2.9682,2017-11-06,11
5.68,2,0.0,1.7608,2017-11-06,11
2.78,2,0.0,0.7228,2015-10-31,10
79.96,2,0.0,35.982,2015-10-31,10
839.988,2,0.4,69.999,2016-05-30,5
47.952,3,0.2,13.7862,2016-10-28,10
37.425,5,0.7,-29.94,2016-10-28,10
63.968,2,0.2,0.0,2016-10-28,10
165.048,3,0.2,41.262,2016-10-28,10
12.35,1,0.0,5.434,2014-08-11,8
40.97,1,0.0,10.6522,2014-08-11,8
22.96,2,0.0,10.7912,2014-08-11,8
22.0,4,0.0,5.5,2016-08-29,8
398.352,3,0.2,124.485,2016-02-15,2
8.72,4,0.0,3.5752,2016-02-15,2
48.69,9,0.0,23.8581,2017-05-14,5
764.688,6,0.2,95.586,2014-12-12,12
3610.848,12,0.2,135.4068,2014-12-12,12
254.9745,3,0.15,11.9988,2014-12-12,12
38.82,6,0.0,17.469,2017-12-18,12
1141.938,9,0.1,139.5702,2017-12-18,12
1704.56,13,0.0,511.368,2017-12-18,12
3.2,2,0.0,1.376,2017-12-18,12
1099.96,4,0.0,285.9896,2015-07-04,7
5.248,2,0.2,0.5904,2017-03-10,3
35.91,3,0.4,-8.379,2017-03-10,3
6.696,1,0.2,0.5022,2017-03-10,3
43.872,2,0.2,11.5164,2017-03-10,3
27.882,3,0.7,-20.4468,2016-12-24,12
540.048,3,0.2,-47.2542,2016-12-24,12
255.68,8,0.2,76.704,2016-12-24,12
863.88,3,0.2,107.985,2017-10-23,10
17.616,4,0.7,-14.0928,2016-10-28,10
17.472,3,0.2,6.3336,2017-07-07,7
69.9,2,0.0,18.873,2016-10-01,10
41.85,5,0.0,10.881,2016-10-01,10
6.57,3,0.0,1.7739,2017-09-02,9
142.86,1,0.0,41.4294,2014-12-24,12
292.272,6,0.2,18.267,2014-12-24,12
29.328,3,0.2,3.666,2017-09-23,9
12.48,2,0.0,5.616,2017-06-04,6
102.336,4,0.2,-12.792,2016-04-21,4
48.792,3,0.8,-126.8592,2016-04-21,4
44.848,8,0.8,-67.272,2016-04-21,4
10.368,2,0.2,3.6288,2016-05-26,5
388.43,5,0.3,-88.784,2016-05-26,5
14.352,3,0.2,5.2026,2016-05-26,5
63.992,1,0.2,-7.1991,2016-05-26,5
86.352,3,0.2,5.397,2016-05-02,5
32.97,3,0.0,12.8583,2014-09-08,9
83.88,4,0.0,30.1968,2014-09-08,9
278.4,3,0.0,80.736,2016-09-05,9
15.12,3,0.2,4.914,2017-04-09,4
17.43,1,0.7,-13.363,2017-04-09,4
251.64,3,0.2,88.074,2017-04-09,4
2.772,7,0.8,-4.851,2015-12-06,12
14.9,5,0.0,1.043,2016-06-26,6
15.48,3,0.0,4.4892,2015-07-04,7
39.88,2,0.0,11.1664,2016-11-22,11
12.192,4,0.2,4.1148,2016-11-22,11
20.82,3,0.0,7.4952,2016-11-22,11
13.216,4,0.2,4.4604,2016-11-10,11
32.4,5,0.0,15.552,2016-11-10,11
32.94,3,0.0,9.2232,2015-08-27,8
114.2,5,0.0,52.532,2015-08-27,8
3.08,1,0.0,1.4784,2015-08-27,8
845.728,13,0.2,84.5728,2015-05-25,5
13.904,2,0.2,4.5188,2017-12-30,12
20.72,2,0.2,6.475,2017-12-30,12
114.95,5,0.0,2.299,2016-12-08,12
26.96,2,0.0,7.0096,2015-10-04,10
572.76,6,0.0,166.1004,2016-12-23,12
286.38,3,0.0,83.0502,2016-12-23,12
61.96,2,0.0,4.3372,2015-09-19,9
23.99,1,0.0,5.5177,2017-07-03,7
287.97,3,0.0,77.7519,2017-07-03,7
419.944,7,0.2,52.493,2016-07-14,7
46.76,7,0.0,22.4448,2016-06-20,6
17.712,3,0.2,6.4206,2016-06-20,6
21.78,2,0.0,5.6628,2016-06-20,6
161.94,3,0.0,9.7164,2016-06-20,6
161.568,2,0.2,-8.0784,2016-06-20,6
3.69,1,0.0,1.7343,2016-12-09,12
122.12,4,0.0,56.1752,2016-12-09,12
155.372,2,0.3,-13.3176,2016-09-24,9
38.88,6,0.0,18.6624,2016-12-18,12
183.84,8,0.0,62.5056,2016-12-18,12
579.3,5,0.0,28.965,2016-12-18,12
14.2,1,0.2,3.3725,2017-12-10,12
575.92,2,0.2,71.99,2014-07-01,7
5.184,6,0.7,-3.6288,2014-07-01,7
5.229,3,0.7,-4.1832,2017-02-03,2
285.552,2,0.2,35.694,2017-02-03,2
72.8,5,0.0,19.656,2017-03-03,3
10.816,4,0.2,3.5152,2017-10-09,10
46.26,3,0.0,12.4902,2014-09-28,9
17.46,6,0.8,-30.555,2014-05-27,5
51.072,6,0.2,5.1072,2015-06-14,6
11.34,1,0.0,5.5566,2016-03-30,3
87.92,4,0.0,26.376,2017-10-15,10
37.05,3,0.0,16.302,2016-05-23,5
2.97,1,0.4,-0.6435,2017-06-02,6
27.44,2,0.2,2.401,2017-06-02,6
1.08,3,0.8,-1.728,2014-02-16,2
7.96,2,0.8,-13.93,2014-02-16,2
140.736,8,0.2,52.776,2014-05-06,5
552.56,4,0.0,0.0,2016-05-16,5
25.11,3,0.0,6.5286,2017-04-02,4
29.78,2,0.0,8.0406,2017-03-31,3
677.58,3,0.0,176.1708,2017-03-31,3
75.04,8,0.0,36.0192,2017-03-31,3
695.7,2,0.5,-27.828,2017-01-02,1
15.66,5,0.7,-12.528,2017-01-02,1
28.854,6,0.7,-21.1596,2017-01-02,1
47.82,3,0.0,14.346,2015-05-28,5
13.05,5,0.0,6.003,2015-05-28,5
93.78,2,0.0,36.5742,2014-03-17,3
47.18,7,0.0,23.59,2014-03-17,3
19.68,6,0.0,5.7072,2014-03-17,3
53.4,10,0.0,25.098,2014-03-17,3
35.88,6,0.0,17.2224,2014-03-17,3
258.279,3,0.3,-70.1043,2014-10-03,10
31.4,2,0.0,7.85,2016-03-28,3
183.96,5,0.2,20.6955,2017-05-04,5
17.61,3,0.0,8.4528,2017-05-04,5
300.904,1,0.2,11.2839,2017-05-04,5
220.776,3,0.2,-44.1552,2014-07-05,7
281.424,11,0.2,-35.178,2014-07-05,7
79.14,3,0.0,36.4044,2016-05-05,5
1.988,1,0.6,-1.4413,2017-04-26,4
145.568,2,0.2,0.0,2014-09-26,9
123.256,7,0.2,9.2442,2017-10-19,10
23.68,4,0.2,7.4,2017-10-19,10
309.576,4,0.4,-56.7556,2017-10-19,10
38.388,14,0.7,-25.592,2017-11-10,11
95.994,2,0.7,-63.996,2017-11-10,11
239.952,6,0.2,-35.9928,2017-11-10,11
201.584,2,0.2,15.1188,2017-11-10,11
899.136,4,0.2,-146.1096,2017-11-10,11
145.9,5,0.0,62.737,2017-07-08,7
590.058,7,0.7,-786.744,2015-12-24,12
14.04,3,0.2,1.5795,2015-12-24,12
49.08,3,0.0,4.908,2017-03-07,3
29.6,2,0.0,14.8,2014-04-01,4
17.088,4,0.2,5.5536,2014-04-01,4
912.75,5,0.0,118.6575,2015-09-14,9
1089.75,3,0.0,305.13,2014-08-04,8
447.84,8,0.0,219.4416,2014-08-04,8
16.4,5,0.0,4.264,2014-08-04,8
399.96,5,0.2,34.9965,2014-08-04,8
158.9,5,0.0,7.945,2014-08-04,8
13.184,1,0.2,4.7792,2014-08-04,8
83.952,3,0.6,-90.2484,2016-09-03,9
80.98,1,0.0,1.6196,2016-02-05,2
348.84,9,0.0,170.9316,2016-02-05,2
9.45,5,0.0,0.189,2016-02-05,2
18.84,3,0.0,7.1592,2016-02-05,2
239.98,2,0.0,52.7956,2016-02-05,2
167.96,2,0.0,78.9412,2016-02-05,2
104.85,3,0.0,28.3095,2016-02-05,2
484.83,3,0.0,126.0558,2016-02-05,2
122.97,3,0.0,60.2553,2016-02-05,2
154.44,3,0.0,1.5444,2016-02-05,2
342.37,7,0.0,160.9139,2016-02-05,2
9.552,3,0.2,1.5522,2017-07-03,7
652.45,5,0.5,-430.617,2017-10-09,10
66.645,3,0.5,-42.6528,2017-10-09,10
17.216,4,0.2,6.0256,2016-11-24,11
11.56,2,0.0,5.6644,2016-11-24,11
88.4,4,0.0,11.492,2016-11-24,11
6.48,1,0.0,3.1104,2016-11-24,11
21.8,2,0.0,6.104,2016-11-01,11
251.79,3,0.0,118.3413,2016-11-01,11
205.176,2,0.4,-58.1332,2016-04-19,4
419.4,5,0.2,146.79,2016-04-19,4
10.304,1,0.2,-2.1896,2014-04-06,4
154.764,3,0.4,-36.1116,2014-04-06,4
116.784,2,0.2,21.897,2014-04-06,4
75.48,2,0.0,19.6248,2016-09-02,9
39.98,2,0.0,9.995,2016-09-02,9
393.165,3,0.5,-204.4458,2016-09-25,9
23.68,2,0.2,8.88,2017-11-04,11
408.006,2,0.1,72.5344,2016-07-09,7
165.28,4,0.0,14.8752,2016-07-09,7
334.768,7,0.2,108.7996,2014-06-30,6
239.97,3,0.0,26.3967,2017-01-28,1
37.74,3,0.0,12.8316,2017-01-28,1
946.344,7,0.2,118.293,2015-09-21,9
151.2,3,0.2,32.13,2015-09-21,9
4.928,4,0.6,-1.4784,2015-09-21,9
86.272,4,0.2,31.2736,2015-09-26,9
72.588,2,0.7,-48.392,2015-09-26,9
60.672,2,0.2,14.4096,2015-09-26,9
77.031,9,0.7,-59.0571,2015-09-26,9
119.904,6,0.2,-1.4988,2015-09-26,9
263.96,5,0.2,23.0965,2015-09-26,9
363.648,4,0.2,-86.3664,2015-09-26,9
9.728,2,0.2,3.2832,2015-10-31,10
14.75,5,0.0,7.08,2015-10-31,10
29.8,5,0.2,9.3125,2015-10-31,10
427.42,14,0.0,196.6132,2015-10-31,10
220.752,8,0.4,-40.4712,2017-11-26,11
152.76,6,0.0,74.8524,2014-12-19,12
7.27,1,0.0,1.9629,2014-12-19,12
1819.86,14,0.0,163.7874,2014-12-19,12
33.9,5,0.0,15.594,2016-12-26,12
31.104,6,0.2,10.8864,2017-06-20,6
5.248,2,0.2,0.5904,2017-06-20,6
263.88,3,0.2,42.8805,2015-10-15,10
2453.43,5,0.3,-350.49,2015-10-15,10
29.7,5,0.0,13.365,2017-04-12,4
39.96,4,0.0,17.982,2017-04-12,4
36.672,2,0.2,11.46,2017-12-19,12
13.76,2,0.0,6.3296,2017-08-05,8
139.424,4,0.2,17.428,2015-10-01,10
1979.928,9,0.2,148.4946,2016-05-23,5
164.736,4,0.2,-39.1248,2017-06-13,6
470.302,7,0.3,-87.3418,2017-06-13,6
47.984,2,0.2,5.998,2017-06-13,6
2.502,3,0.7,-1.7514,2014-04-23,4
88.752,3,0.2,11.094,2015-05-01,5
2.025,1,0.7,-1.35,2015-07-19,7
70.98,7,0.0,34.7802,2016-11-26,11
91.68,3,0.0,45.84,2016-11-26,11
33.75,5,0.0,16.875,2016-11-26,11
3040.0,8,0.0,1459.2,2016-11-26,11
91.2,3,0.0,41.952,2017-06-12,6
452.94,3,0.0,67.941,2017-06-12,6
52.2,9,0.0,23.49,2015-08-17,8
15.936,4,0.2,5.1792,2016-09-25,9
27.46,2,0.0,9.8856,2014-05-04,5
55.424,2,0.2,19.3984,2015-12-01,12
244.006,2,0.3,-31.3722,2016-03-11,3
159.984,2,0.2,43.9956,2016-08-26,8
1024.716,6,0.3,-29.2776,2016-08-26,8
3.68,2,0.0,1.8032,2016-12-16,12
121.376,4,0.2,-3.0344,2014-08-08,8
95.976,3,0.2,-10.7973,2014-08-08,8
255.968,4,0.2,31.996,2015-05-16,5
872.94,3,0.0,226.9644,2017-12-09,12
41.54,2,0.0,19.5238,2017-12-09,12
12.96,2,0.0,6.2208,2017-12-09,12
6.848,2,0.2,0.5992,2015-09-24,9
8.67,3,0.0,4.0749,2017-07-11,7
6.688,4,0.6,-4.0128,2015-12-01,12
17.28,6,0.0,5.0112,2016-11-19,11
17.712,3,0.2,6.4206,2016-11-19,11
28.91,7,0.0,13.2986,2017-03-19,3
52.136,7,0.2,5.8653,2016-11-13,11
31.968,4,0.2,2.3976,2017-11-19,11
25.92,4,0.0,12.4416,2016-12-02,12
40.46,7,0.0,19.8254,2016-12-02,12
33.87,3,0.0,8.8062,2016-12-02,12
9.728,2,0.2,1.7024,2017-08-25,8
3.424,1,0.2,1.07,2017-08-25,8
177.0,3,0.0,30.09,2016-10-14,10
3.76,2,0.0,1.316,2014-11-27,11
1212.848,7,0.2,106.1242,2015-11-03,11
89.97,3,0.0,37.7874,2015-11-03,11
42.6,3,0.0,16.614,2015-11-03,11
5.04,2,0.2,1.764,2014-11-29,11
62.96,4,0.0,28.332,2017-04-30,4
5.88,1,0.0,2.8812,2017-11-24,11
977.292,6,0.1,173.7408,2017-11-24,11
9.64,2,0.0,3.6632,2017-10-30,10
40.05,3,0.0,11.214,2014-12-17,12
10.192,7,0.2,3.185,2017-09-04,9
16.784,1,0.2,-0.2098,2017-09-04,9
13.12,5,0.2,3.772,2017-09-04,9
18.16,5,0.2,6.583,2016-10-17,10
16.056,3,0.2,5.8203,2017-11-12,11
223.056,9,0.2,69.705,2017-11-12,11
540.048,3,0.2,-47.2542,2017-11-12,11
33.52,2,0.2,3.352,2016-11-24,11
9.94,2,0.0,3.0814,2016-11-24,11
6.72,4,0.0,3.36,2015-08-01,8
1004.976,6,0.2,-175.8708,2015-08-01,8
17.88,3,0.2,5.5875,2017-12-24,12
396.0,4,0.0,190.08,2016-09-17,9
34.5,3,0.0,15.525,2017-12-10,12
8.36,2,0.0,3.0096,2017-09-12,9
385.6,8,0.0,111.824,2017-06-24,6
35.82,9,0.0,11.8206,2017-06-24,6
200.064,3,0.2,12.504,2017-08-18,8
21.38,5,0.8,-33.139,2017-08-18,8
6.744,4,0.8,-11.4648,2017-08-18,8
63.686,1,0.3,-9.098,2017-12-11,12
1669.6,4,0.0,116.872,2017-12-10,12
83.84,2,0.2,27.248,2014-02-03,2
13.272,3,0.2,4.3134,2014-02-03,2
21.336,7,0.2,7.7343,2017-02-11,2
16.52,5,0.2,2.065,2017-04-16,4
206.112,6,0.2,48.9516,2015-12-06,12
19.92,5,0.2,6.723,2015-12-06,12
198.272,8,0.2,61.96,2015-12-06,12
247.104,6,0.2,-58.6872,2015-12-06,12
86.304,6,0.2,9.7092,2015-12-06,12
4.16,2,0.2,0.364,2016-07-22,7
11.648,2,0.2,3.3488,2016-07-22,7
26.18,7,0.0,0.5236,2015-11-07,11
7.3,2,0.0,3.431,2015-11-07,11
74.352,3,0.2,23.235,2015-03-26,3
10.744,1,0.2,0.8058,2017-08-31,8
8.376,3,0.2,2.7222,2017-08-31,8
212.88,6,0.0,0.0,2016-12-04,12
203.983,2,0.15,16.7986,2017-02-10,2
40.74,3,0.0,0.4074,2016-10-29,10
11.67,3,0.0,3.0342,2016-10-29,10
39.99,1,0.0,11.5971,2017-09-15,9
16.28,2,0.0,6.512,2017-09-15,9
782.94,3,0.0,203.5644,2017-09-15,9
242.48,7,0.0,116.3904,2017-09-15,9
8.32,5,0.2,2.288,2014-03-11,3
10.464,6,0.2,1.7004,2014-03-11,3
82.896,3,0.2,29.0136,2014-02-04,2
34.24,4,0.0,16.0928,2014-02-04,2
1573.488,7,0.2,196.686,2014-12-31,12
335.52,4,0.2,117.432,2015-11-23,11
23.912,2,0.8,-40.6504,2015-11-23,11
27.056,2,0.2,2.3674,2015-11-23,11
559.992,1,0.2,174.9975,2014-07-06,7
9.324,6,0.8,-24.7086,2017-11-13,11
111.96,2,0.0,54.8604,2016-06-17,6
21.56,7,0.0,10.3488,2014-05-03,5
124.75,5,0.0,57.385,2017-10-16,10
5.28,3,0.0,1.5312,2015-02-06,2
91.96,4,0.0,39.5428,2017-09-04,9
9.344,1,0.2,3.504,2016-05-09,5
79.36,5,0.2,9.92,2016-05-09,5
171.96,2,0.0,44.7096,2015-03-16,3
35.352,9,0.2,12.8151,2016-04-09,4
18.9,6,0.0,9.072,2014-04-04,4
2.78,1,0.0,0.7228,2017-09-05,9
1044.63,5,0.4,-295.9785,2017-06-30,6
11.352,3,0.2,4.1151,2015-11-09,11
354.9,5,0.0,17.745,2014-03-04,3
453.576,3,0.2,39.6879,2015-03-19,3
21.48,3,0.2,-0.2685,2015-11-29,11
8.784,4,0.8,-13.6152,2015-11-29,11
122.97,3,0.0,60.2553,2017-06-11,6
12.84,3,0.0,3.7236,2017-11-26,11
603.92,5,0.2,-67.941,2014-11-23,11
21.84,3,0.0,10.4832,2014-11-23,11
29.99,1,0.0,6.2979,2014-11-23,11
381.44,2,0.2,23.84,2014-11-23,11
40.68,3,0.2,-9.153,2014-12-15,12
763.28,5,0.3,-21.808,2014-12-15,12
23.952,2,0.2,2.3952,2016-04-22,4
4.98,1,0.0,2.4402,2016-05-23,5
170.88,3,0.0,49.5552,2016-02-27,2
307.98,2,0.0,89.3142,2015-08-09,8
382.806,9,0.4,-153.1224,2015-08-09,8
41.96,2,0.0,2.9372,2015-08-09,8
1217.568,2,0.2,456.588,2015-08-09,8
47.04,3,0.0,18.3456,2015-08-09,8
6.16,2,0.0,2.9568,2015-08-09,8
979.95,5,0.0,274.386,2015-08-09,8
143.7,3,0.0,68.976,2015-08-09,8
10.65,3,0.0,5.0055,2015-08-09,8
247.8,4,0.0,34.692,2015-08-09,8
10.96,4,0.0,2.9592,2016-05-12,5
33.488,7,0.2,5.8604,2016-04-15,4
8.04,5,0.2,2.9145,2016-04-15,4
201.568,4,0.2,22.6764,2015-06-23,6
13.44,3,0.0,6.5856,2014-10-19,10
359.058,3,0.3,-35.9058,2015-03-24,3
47.992,2,0.3,-2.0568,2017-05-08,5
547.3,13,0.0,175.136,2017-10-16,10
16.896,4,0.2,5.28,2017-11-19,11
6.672,1,0.2,0.5004,2017-11-19,11
99.136,4,0.2,8.6744,2017-11-19,11
15.992,2,0.6,-13.993,2017-11-19,11
211.96,2,0.0,42.392,2016-05-08,5
6.672,3,0.2,1.668,2016-12-11,12
155.94,6,0.0,45.2226,2017-11-30,11
39.96,5,0.2,12.987,2016-04-19,4
5.46,3,0.0,1.5288,2016-04-19,4
73.2,5,0.0,21.228,2016-04-19,4
5.84,1,0.2,1.971,2016-04-19,4
22.72,4,0.0,10.224,2016-04-19,4
9.336,3,0.2,3.2676,2016-04-19,4
290.666,2,0.15,27.3568,2014-05-26,5
201.584,2,0.2,20.1584,2014-05-26,5
83.984,2,0.2,31.494,2014-05-26,5
1000.02,7,0.0,290.0058,2017-12-21,12
83.976,3,0.2,-13.6461,2016-03-15,3
3.75,1,0.0,1.8,2015-08-10,8
41.4,4,0.0,19.872,2015-08-10,8
29.79,3,0.0,12.5118,2015-08-10,8
59.48,2,0.0,8.922,2016-09-10,9
6.69,1,0.0,3.0774,2016-09-10,9
198.46,2,0.0,99.23,2017-07-08,7
786.48,8,0.0,385.3752,2017-07-08,7
23.168,2,0.2,7.8192,2017-07-08,7
50.0,2,0.0,10.5,2017-07-08,7
675.96,5,0.2,84.495,2015-12-19,12
1265.85,3,0.0,556.974,2015-12-19,12
523.25,5,0.0,141.2775,2015-11-16,11
517.5,6,0.0,155.25,2015-09-24,9
17.92,5,0.2,2.464,2017-06-21,6
41.256,6,0.7,-34.38,2017-06-21,6
1006.056,3,0.2,88.0299,2016-05-08,5
10.688,2,0.2,3.7408,2016-05-08,5
10.368,2,0.2,3.6288,2016-05-08,5
25.12,2,0.2,1.57,2016-05-08,5
58.112,2,0.2,7.264,2016-05-08,5
15.552,3,0.2,5.4432,2014-11-26,11
669.08,5,0.2,-167.27,2014-11-26,11
438.336,4,0.2,-87.6672,2014-11-26,11
19.44,3,0.0,9.3312,2016-05-26,5
9.64,2,0.0,4.4344,2016-05-26,5
12.7,2,0.0,5.842,2016-05-26,5
41.37,3,0.0,17.3754,2016-05-26,5
12.624,2,0.2,3.945,2014-11-29,11
1247.64,3,0.0,349.3392,2015-03-19,3
3149.93,7,0.0,1480.4671,2015-03-19,3
209.7,2,0.0,100.656,2015-03-19,3
35.36,2,0.2,-3.094,2015-11-01,11
3.168,2,0.2,-0.7128,2015-11-01,11
121.104,6,0.7,-100.92,2015-09-26,9
45.894,1,0.4,-9.1788,2015-09-26,9
109.92,2,0.0,53.8608,2014-08-29,8
13.36,2,0.0,6.4128,2014-08-29,8
169.68,6,0.0,45.8136,2017-11-18,11
132.52,4,0.0,54.3332,2017-11-18,11
2.96,2,0.0,1.4208,2017-11-18,11
8.448,2,0.2,2.9568,2017-11-18,11
95.94,3,0.0,9.594,2017-11-18,11
34.79,7,0.0,10.7849,2014-05-12,5
160.776,3,0.2,10.0485,2017-01-20,1
88.752,3,0.2,27.735,2017-10-30,10
13.904,2,0.2,5.214,2017-10-30,10
677.58,5,0.4,-158.102,2017-04-30,4
13.896,3,0.7,-9.264,2017-04-30,4
41.92,5,0.2,3.668,2016-11-24,11
297.576,3,0.2,-7.4394,2016-11-24,11
4.344,3,0.2,0.8688,2016-11-24,11
94.992,2,0.2,-2.3748,2016-11-24,11
74.352,3,0.2,23.235,2016-11-24,11
14.04,3,0.2,1.5795,2016-11-24,11
1018.104,4,0.4,-373.3048,2015-01-10,1
16.68,3,0.2,5.2125,2017-10-19,10
58.58,2,0.0,19.3314,2016-03-22,3
167.968,4,0.2,62.988,2017-07-03,7
196.62,2,0.0,96.3438,2015-12-11,12
21.936,2,0.6,-10.4196,2015-09-17,9
6.588,3,0.8,-10.2114,2015-09-17,9
104.28,3,0.0,26.07,2016-05-18,5
17.94,3,0.0,8.7906,2016-05-18,5
64.784,1,0.2,-14.5764,2014-09-07,9
32.382,3,0.4,4.3176,2014-09-07,9
42.368,2,0.2,8.4736,2014-09-07,9
399.54,4,0.7,-559.356,2014-09-07,9
18.97,1,0.0,9.1056,2016-09-29,9
14.82,3,0.0,6.2244,2016-11-07,11
99.28,2,0.2,12.41,2017-04-24,4
1.188,2,0.7,-0.99,2017-04-24,4
7.518,2,0.7,-5.7638,2017-04-24,4
10.368,2,0.2,3.6288,2017-12-10,12
310.88,2,0.2,23.316,2017-12-10,12
853.092,6,0.4,-227.4912,2014-08-16,8
33.45,5,0.0,15.387,2017-12-09,12
10.4,5,0.0,5.096,2017-12-09,12
21.88,5,0.2,6.2905,2016-03-14,3
13.616,2,0.2,3.5742,2016-06-26,6
63.96,4,0.0,19.8276,2015-09-25,9
14.46,3,0.0,7.0854,2015-09-25,9
104.98,2,0.0,52.49,2015-09-25,9
106.96,2,0.0,31.0184,2015-12-27,12
21.56,7,0.0,10.3488,2015-12-27,12
515.88,6,0.0,113.4936,2014-06-03,6
11.808,2,0.2,4.2804,2015-07-13,7
1931.04,9,0.1,321.84,2015-07-13,7
9.96,2,0.0,4.6812,2015-07-13,7
12.35,5,0.0,5.8045,2014-02-02,2
9.702,3,0.7,-7.1148,2016-03-08,3
11.61,2,0.7,-9.288,2015-11-22,11
43.86,6,0.0,20.6142,2017-10-30,10
148.48,2,0.2,16.704,2017-10-30,10
7.42,2,0.0,3.71,2017-10-30,10
71.992,1,0.2,-0.8999,2017-10-30,10
19.9,5,0.0,6.567,2017-10-30,10
1702.12,14,0.0,510.636,2017-10-30,10
14.304,6,0.2,5.0064,2015-01-30,1
765.625,7,0.5,-566.5625,2017-09-08,9
307.666,2,0.15,-14.4784,2017-10-07,10
7.712,2,0.2,2.7956,2016-04-30,4
242.9,5,0.0,70.441,2016-05-19,5
454.9,5,0.0,0.0,2016-05-19,5
35.92,4,0.0,15.0864,2016-05-19,5
39.76,8,0.0,12.3256,2016-05-19,5
47.744,4,0.2,14.92,2016-05-19,5
159.984,2,0.2,11.9988,2015-12-20,12
255.968,4,0.2,51.1936,2015-12-20,12
359.058,3,0.3,-71.8116,2015-12-20,12
434.352,3,0.2,43.4352,2015-12-19,12
3.552,2,0.2,0.444,2015-12-19,12
88.832,4,0.2,7.7728,2015-12-19,12
1048.35,5,0.4,-69.89,2017-04-29,4
100.0,4,0.0,21.0,2016-02-07,2
7.83,3,0.0,3.6018,2016-02-07,2
96.256,8,0.2,31.2832,2014-09-28,9
10.688,2,0.2,3.7408,2014-09-28,9
338.04,3,0.2,-33.804,2016-07-10,7
154.24,4,0.2,17.352,2016-07-10,7
34.848,2,0.2,6.534,2017-07-29,7
22.0,5,0.2,1.375,2017-07-29,7
4.368,3,0.2,0.3822,2017-07-29,7
31.44,3,0.0,8.4888,2015-09-03,9
17.9,2,0.0,3.401,2015-09-03,9
129.45,5,0.0,46.602,2015-09-03,9
20.88,8,0.0,9.6048,2014-08-09,8
20.736,4,0.2,7.2576,2017-10-30,10
7.168,2,0.2,0.9856,2017-10-30,10
11.168,2,0.2,-2.5128,2017-10-30,10
442.4,7,0.2,-55.3,2017-10-30,10
13.36,2,0.0,4.9432,2014-06-06,6
11.232,8,0.7,-8.2368,2016-08-13,8
10.272,3,0.2,3.21,2016-08-13,8
10.368,2,0.2,3.6288,2014-04-25,4
6.24,3,0.2,0.546,2014-04-25,4
206.962,2,0.3,-32.5226,2015-11-22,11
9.46,2,0.0,3.6894,2017-10-14,10
559.62,9,0.0,151.0974,2017-12-02,12
109.92,2,0.0,53.8608,2017-12-02,12
8.56,2,0.0,3.852,2017-12-02,12
360.712,11,0.2,130.7581,2015-12-08,12
1718.4,6,0.2,150.36,2015-12-08,12
41.568,6,0.8,-66.5088,2015-07-13,7
46.864,2,0.2,7.6154,2014-05-11,5
19.536,3,0.2,4.884,2014-01-05,1
411.332,4,0.15,-4.8392,2015-09-05,9
28.752,6,0.2,9.7038,2015-09-05,9
293.199,3,0.15,-20.6964,2015-09-05,9
35.06,2,0.0,10.518,2016-08-04,8
4.13,1,0.0,1.8998,2016-08-04,8
109.8,9,0.0,46.116,2016-08-04,8
9.82,2,0.0,4.8118,2016-08-04,8
7.644,4,0.7,-5.8604,2014-03-22,3
51.465,5,0.7,-39.4565,2014-03-22,3
6.976,4,0.2,-1.3952,2017-03-02,3
12.222,7,0.8,-20.1663,2017-03-02,3
97.984,2,0.2,-24.496,2016-11-27,11
62.4,6,0.2,19.5,2016-11-27,11
20.86,2,0.0,9.387,2014-04-28,4
497.61,9,0.0,129.3786,2014-04-28,4
5.34,2,0.0,1.4952,2014-04-28,4
3.15,1,0.0,1.512,2014-04-28,4
368.91,9,0.0,180.7659,2015-11-24,11
14.7,5,0.0,6.615,2015-11-24,11
59.97,3,0.0,14.9925,2016-11-11,11
83.36,1,0.0,20.84,2016-11-11,11
6.58,2,0.0,3.0268,2015-07-09,7
122.94,3,0.0,59.0112,2015-07-09,7
219.84,4,0.0,107.7216,2017-09-22,9
98.16,6,0.0,9.816,2017-09-22,9
33.04,8,0.0,15.5288,2017-09-22,9
86.97,3,0.0,25.2213,2017-09-22,9
134.97,3,0.0,64.7856,2015-02-15,2
699.98,2,0.0,195.9944,2015-02-15,2
139.95,5,0.0,26.5905,2015-02-15,2
48.94,1,0.0,24.47,2014-09-30,9
2807.84,8,0.0,673.8816,2014-12-01,12
46.64,4,0.0,12.5928,2014-12-01,12
60.416,2,0.2,6.0416,2014-12-08,12
107.94,3,0.0,26.985,2016-09-05,9
63.84,8,0.0,16.5984,2017-08-27,8
347.97,3,0.0,100.9113,2017-08-27,8
37.008,6,0.2,11.565,2017-08-27,8
215.65,5,0.0,73.321,2016-07-07,7
11.168,4,0.2,3.6296,2016-08-08,8
53.952,3,0.2,17.5344,2016-08-08,8
4.18,1,0.0,1.5048,2016-11-13,11
5.607,1,0.7,-4.2987,2017-09-22,9
4663.736,7,0.2,-1049.3406,2017-09-22,9
79.984,2,0.2,22.9954,2017-09-22,9
2575.944,7,0.2,257.5944,2016-12-25,12
45.36,7,0.0,21.7728,2016-12-25,12
254.24,7,0.0,76.272,2016-12-25,12
69.93,7,0.0,0.6993,2016-02-11,2
16.156,7,0.6,-12.117,2016-10-23,10
54.816,3,0.2,17.8152,2016-10-23,10
1441.3,7,0.0,245.021,2014-06-09,6
77.6,5,0.2,28.13,2017-11-20,11
4.656,2,0.2,1.5714,2017-11-20,11
170.136,3,0.2,-8.5068,2015-09-14,9
7.38,2,0.0,3.4686,2015-06-04,6
9.26,2,0.0,3.0558,2015-06-04,6
9.96,2,0.0,4.5816,2015-12-13,12
75.6,2,0.8,-166.32,2014-05-25,5
29.32,2,0.6,-24.189,2014-05-25,5
92.064,6,0.8,-225.5568,2016-02-16,2
6.976,4,0.2,1.8312,2016-02-16,2
62.958,3,0.3,-2.6982,2016-02-16,2
5.184,1,0.2,1.8144,2016-02-16,2
31.32,10,0.7,-25.056,2016-12-22,12
11.84,4,0.2,3.108,2016-12-22,12
22.784,1,0.2,4.8416,2016-12-22,12
1127.976,3,0.2,126.8973,2016-02-08,2
38.88,6,0.0,18.6624,2015-07-13,7
779.796,2,0.4,-168.9558,2014-05-18,5
1439.92,8,0.0,374.3792,2017-10-21,10
262.11,1,0.0,62.9064,2017-10-21,10
207.0,3,0.2,25.875,2015-11-05,11
1439.982,3,0.4,-263.9967,2017-08-01,8
36.288,7,0.2,12.7008,2017-08-01,8
21.4,5,0.0,6.206,2014-06-21,6
1245.86,7,0.0,361.2994,2017-02-19,2
17.544,3,0.2,5.9211,2014-08-01,8
44.128,4,0.2,12.1352,2014-08-01,8
62.92,1,0.2,10.2245,2014-08-01,8
78.304,2,0.2,29.364,2014-08-01,8
140.81,1,0.0,39.4268,2016-07-18,7
40.096,4,0.2,13.5324,2015-02-09,2
40.784,2,0.6,-30.588,2015-02-09,2
90.57,3,0.0,11.7741,2017-07-29,7
40.08,6,0.0,19.2384,2017-01-12,1
37.68,2,0.0,15.8256,2017-01-12,1
362.352,3,0.2,27.1764,2017-09-10,9
7.184,2,0.2,2.245,2017-09-10,9
34.76,1,0.0,9.7328,2015-07-20,7
831.2,5,0.0,124.68,2015-07-20,7
26.4,5,0.0,11.88,2015-07-20,7
106.75,7,0.0,49.105,2015-07-20,7
97.82,2,0.0,45.9754,2015-07-20,7
141.4,5,0.0,38.178,2015-07-20,7
14.52,3,0.0,4.7916,2014-06-13,6
127.92,5,0.2,-15.99,2017-05-12,5
34.24,4,0.8,-53.072,2017-05-12,5
137.62,2,0.0,60.5528,2015-09-03,9
100.49,1,0.0,25.1225,2015-09-03,9
257.568,2,0.2,-28.9764,2017-03-26,3
119.96,4,0.0,33.5888,2017-03-26,3
49.632,4,0.2,4.9632,2014-11-12,11
727.45,5,0.5,-465.568,2016-10-13,10
24.96,3,0.2,4.368,2016-10-13,10
370.782,3,0.4,-92.6955,2017-11-12,11
196.45,5,0.0,70.722,2017-04-15,4
31.104,6,0.2,10.8864,2015-06-25,6
78.256,2,0.2,-17.6076,2015-06-25,6
6.48,1,0.0,3.1104,2016-08-26,8
99.2,5,0.0,25.792,2014-07-21,7
801.568,2,0.2,50.098,2014-07-21,7
272.848,1,0.2,27.2848,2014-07-21,7
70.98,1,0.0,20.5842,2017-11-21,11
16.224,2,0.2,5.8812,2014-06-04,6
176.784,1,0.2,-22.098,2016-03-10,3
470.376,3,0.2,47.0376,2017-03-25,3
393.568,4,0.2,-44.2764,2017-12-29,12
302.376,3,0.2,22.6782,2017-12-29,12
68.742,9,0.7,-48.1194,2017-03-28,3
29.34,3,0.0,14.67,2015-03-05,3
383.607,7,0.1,63.9345,2015-03-05,3
563.4,4,0.0,67.608,2015-03-05,3
217.056,7,0.2,78.6828,2016-11-13,11
6.0,2,0.2,2.1,2017-01-19,1
31.56,3,0.0,10.4148,2016-04-22,4
7.104,2,0.2,2.3976,2014-05-13,5
398.352,8,0.7,-331.96,2014-05-13,5
121.792,4,0.2,13.7016,2014-10-21,10
409.59,3,0.4,-122.877,2014-10-21,10
10.56,2,0.0,4.752,2014-03-14,3
3.38,1,0.0,1.2506,2014-03-14,3
7.824,1,0.2,2.934,2017-12-22,12
24.784,1,0.2,7.745,2016-11-24,11
34.65,3,0.0,10.395,2017-12-02,12
487.984,2,0.2,152.495,2015-12-31,12
1793.98,2,0.0,843.1706,2017-10-03,10
29.808,2,0.2,10.8054,2014-08-29,8
505.176,4,0.7,-336.784,2014-08-29,8
174.0585,3,0.45,-110.7645,2014-08-29,8
191.88,6,0.0,19.188,2016-06-29,6
14.78,2,0.0,3.9906,2016-08-20,8
5.184,1,0.2,1.8144,2017-10-21,10
478.48,2,0.2,47.848,2017-10-21,10
28.4,2,0.2,6.745,2017-10-21,10
909.12,8,0.0,9.0912,2017-10-21,10
2.952,2,0.7,-2.1648,2016-05-17,5
27.018,6,0.7,-21.6144,2016-05-17,5
136.92,4,0.0,41.076,2015-02-03,2
18.96,2,0.0,8.532,2017-12-18,12
99.39,3,0.0,40.7499,2016-11-15,11
273.896,7,0.2,92.4399,2017-07-03,7
597.132,3,0.4,49.761,2017-07-03,7
149.95,5,0.0,65.978,2014-01-15,1
4.608,2,0.2,1.6704,2017-04-30,4
15.528,3,0.2,4.8525,2017-04-30,4
11.952,3,0.2,3.8844,2017-04-30,4
11.65,5,0.0,3.3785,2015-11-08,11
299.9,2,0.0,74.975,2015-10-30,10
895.92,5,0.2,302.373,2017-08-17,8
462.564,2,0.1,97.6524,2017-08-17,8
15.008,2,0.2,1.5008,2015-10-03,10
863.64,9,0.2,107.955,2016-07-08,7
47.616,3,0.2,3.5712,2016-07-08,7
92.94,3,0.0,41.823,2017-12-05,12
199.98,2,0.0,69.993,2017-03-09,3
177.48,3,0.2,19.9665,2016-06-09,6
88.768,2,0.2,31.0688,2017-11-28,11
6.48,1,0.0,3.1104,2017-03-16,3
46.51,1,0.0,1.8604,2017-03-16,3
659.976,3,0.2,49.4982,2017-03-16,3
271.992,1,0.2,23.7993,2016-11-27,11
145.74,3,0.0,23.3184,2017-08-06,8
15.4,5,0.0,7.392,2017-08-06,8
244.55,5,0.0,114.9385,2017-11-27,11
166.16,8,0.0,59.8176,2017-11-27,11
14.73,3,0.0,4.8609,2015-05-25,5
19.968,2,0.7,-13.312,2016-07-08,7
33.488,7,0.2,-1.2558,2016-07-08,7
8.736,4,0.7,-6.1152,2016-07-08,7
662.88,3,0.2,74.574,2016-07-08,7
47.36,4,0.2,17.76,2017-08-29,8
27.44,2,0.2,2.401,2017-08-29,8
3.24,9,0.8,-5.184,2017-08-29,8
95.968,4,0.2,26.3912,2016-06-20,6
10.368,2,0.2,3.6288,2016-06-20,6
23.1,2,0.0,6.468,2017-09-02,9
11.54,2,0.0,3.462,2017-09-02,9
254.526,1,0.4,-93.3262,2017-09-02,9
12.98,1,0.0,3.7642,2017-09-02,9
26.432,8,0.2,8.9208,2017-09-02,9
197.97,3,0.0,57.4113,2017-09-02,9
18.9,6,0.0,9.072,2017-09-02,9
1282.41,5,0.1,213.735,2017-09-02,9
4.92,3,0.0,2.214,2017-09-02,9
238.0,2,0.0,38.08,2017-09-02,9
167.97,3,0.0,40.3128,2017-09-02,9
17.12,4,0.0,7.704,2017-09-02,9
16.2,3,0.0,7.776,2017-09-10,9
33.99,3,0.0,14.6157,2017-09-10,9
296.85,5,0.0,53.433,2017-09-10,9
112.8,6,0.0,6.768,2017-09-10,9
13.71,3,0.0,6.5808,2017-09-10,9
24.9,5,0.0,11.703,2017-09-10,9
286.29,3,0.0,17.1774,2017-09-10,9
24.18,2,0.0,7.254,2017-09-10,9
281.97,3,0.0,78.9516,2017-12-21,12
69.5,5,0.0,20.155,2017-12-21,12
166.44,3,0.0,79.8912,2017-12-21,12
291.96,4,0.0,102.186,2017-09-23,9
6.408,3,0.2,0.6408,2017-05-06,5
408.744,7,0.2,76.6395,2017-05-06,5
5.104,4,0.8,-8.6768,2014-12-14,12
2.896,2,0.2,0.4706,2014-12-14,12
35.016,3,0.2,-2.1885,2014-12-14,12
275.97,3,0.0,11.0388,2014-10-18,10
1394.95,5,0.0,362.687,2014-10-18,10
545.88,6,0.0,70.9644,2014-10-18,10
5.248,2,0.2,0.5904,2015-05-08,5
933.536,4,0.2,105.0228,2016-04-14,4
42.976,4,0.2,4.2976,2016-04-14,4
3.76,2,0.0,1.8048,2015-12-14,12
479.96,4,0.0,134.3888,2014-12-03,12
320.88,6,0.0,93.0552,2014-11-25,11
23.88,3,0.0,10.5072,2014-11-25,11
26.76,4,0.0,12.3096,2014-11-25,11
1439.976,4,0.4,191.9968,2016-07-25,7
17.22,3,0.0,7.9212,2015-11-09,11
1024.38,7,0.0,215.1198,2015-11-09,11
26.22,3,0.0,12.3234,2015-11-09,11
17.34,3,0.0,8.4966,2015-11-09,11
4.956,4,0.7,-3.7996,2017-02-24,2
71.04,6,0.2,26.64,2017-06-25,6
5.344,2,0.2,0.7348,2017-06-25,6
11.304,3,0.2,-2.1195,2017-06-25,6
294.62,5,0.8,-766.012,2017-12-02,12
8.752,4,0.6,-3.7196,2017-12-02,12
15.0,4,0.0,7.2,2014-02-06,2
161.61,1,0.0,42.0186,2014-02-06,2
144.95,5,0.0,42.0355,2014-02-06,2
199.95,5,0.0,21.9945,2017-04-11,4
41.86,7,0.0,14.2324,2017-04-11,4
95.94,3,0.0,9.594,2017-12-25,12
304.45,5,0.0,76.1125,2017-12-25,12
11.364,3,0.8,-17.046,2017-04-11,4
29.68,7,0.0,11.5752,2014-12-31,12
47.53,7,0.0,16.1602,2014-12-31,12
183.372,2,0.3,-36.6744,2017-08-03,8
4.224,3,0.2,0.4752,2014-11-15,11
333.056,2,0.2,29.1424,2014-11-15,11
24.896,4,0.2,7.78,2014-11-15,11
159.984,2,0.2,35.9964,2015-12-11,12
46.344,3,0.2,4.6344,2015-12-11,12
350.98,1,0.0,84.2352,2016-09-18,9
13.08,2,0.0,6.0168,2016-09-18,9
900.08,4,0.0,117.0104,2016-09-18,9
17.568,2,0.2,6.3684,2015-03-19,3
14.62,2,0.0,6.8714,2015-03-19,3
33.36,4,0.0,8.6736,2015-03-19,3
40.14,6,0.0,19.6686,2015-03-19,3
1606.23,9,0.0,481.869,2016-09-19,9
17.04,3,0.0,7.668,2016-09-19,9
49.53,3,0.0,23.7744,2016-09-19,9
872.32,4,0.0,244.2496,2016-09-19,9
239.12,5,0.2,77.714,2017-08-20,8
141.96,2,0.0,39.7488,2015-03-13,3
33.024,2,0.2,11.5584,2016-09-08,9
67.136,4,0.2,23.4976,2016-09-08,9
14.73,3,0.0,6.9231,2015-11-26,11
104.9,5,0.0,25.176,2015-11-26,11
61.04,4,0.0,30.52,2015-11-26,11
10.95,3,0.0,5.1465,2015-11-26,11
9.392,2,0.2,3.2872,2016-12-09,12
9.328,1,0.2,0.8162,2016-12-09,12
8.26,2,0.0,3.8822,2017-09-25,9
269.97,3,0.0,51.2943,2017-09-25,9
29.04,3,0.0,13.9392,2015-01-23,1
14.62,2,0.0,6.8714,2015-01-23,1
11.952,3,0.2,4.3326,2015-06-18,6
4.536,7,0.7,-3.3264,2015-06-18,6
9.156,2,0.7,-6.104,2015-06-18,6
75.36,5,0.2,20.724,2015-06-18,6
57.504,6,0.2,20.1264,2015-10-02,10
38.864,7,0.2,7.7728,2017-11-18,11
15.552,3,0.2,5.4432,2014-08-17,8
162.64,2,0.0,45.5392,2016-07-17,7
597.0,3,0.0,280.59,2016-07-17,7
55.48,1,0.0,26.6304,2016-07-17,7
289.8,7,0.2,36.225,2015-07-11,7
2.502,3,0.7,-2.0016,2015-07-11,7
6.48,4,0.7,-4.752,2015-07-11,7
341.488,8,0.3,-73.176,2015-07-11,7
11.12,5,0.2,0.834,2015-07-11,7
25.344,6,0.2,3.4848,2015-07-11,7
17.31,3,0.0,5.193,2016-12-01,12
199.95,5,0.0,63.984,2017-12-22,12
1586.69,7,0.0,412.5394,2017-12-22,12
84.99,1,0.0,30.5964,2017-12-22,12
411.8,2,0.0,70.006,2017-12-22,12
11.34,3,0.0,5.2164,2014-10-31,10
80.3,5,0.0,20.878,2014-10-31,10
15.968,2,0.2,5.3892,2014-10-31,10
64.74,13,0.0,30.4278,2014-10-31,10
19.296,3,0.2,6.03,2014-10-31,10
405.64,4,0.0,12.1692,2014-10-31,10
146.352,3,0.2,-9.147,2014-10-31,10
251.91,9,0.0,47.8629,2014-10-31,10
12.39,3,0.0,3.717,2014-10-31,10
199.96,4,0.0,69.986,2015-04-13,4
710.832,3,0.2,-97.7394,2015-04-13,4
1.941,1,0.7,-1.294,2016-07-21,7
283.92,5,0.2,-46.137,2017-11-20,11
7.312,2,0.2,2.5592,2016-11-26,11
59.97,3,0.0,13.7931,2017-11-07,11
761.544,7,0.2,66.6351,2017-11-07,11
58.2,3,0.0,28.518,2014-12-01,12
39.9,5,0.0,19.95,2017-09-12,9
90.86,7,0.0,26.3494,2017-09-12,9
94.85,5,0.0,45.528,2017-09-12,9
106.232,7,0.2,37.1812,2015-12-24,12
111.984,2,0.2,11.1984,2015-12-24,12
7.712,2,0.2,1.7352,2015-12-24,12
37.44,6,0.0,16.848,2017-02-23,2
23.68,2,0.2,8.88,2014-11-23,11
122.12,4,0.0,56.1752,2016-06-23,6
18.45,5,0.0,8.6715,2016-06-23,6
324.9,5,0.0,38.988,2016-06-23,6
146.73,3,0.0,68.9631,2016-06-23,6
3.96,2,0.0,1.4652,2016-06-23,6
5.76,2,0.0,2.6496,2015-10-26,10
26.55,3,0.0,13.0095,2017-07-15,7
310.443,3,0.3,-48.7839,2017-07-15,7
479.9,5,0.0,81.583,2014-11-17,11
12.88,1,0.0,0.3864,2015-04-13,4
13.12,5,0.2,1.476,2015-11-25,11
511.84,8,0.0,240.5648,2016-05-15,5
91.96,4,0.0,25.7488,2016-05-15,5
8.34,3,0.0,2.1684,2016-05-15,5
37.68,3,0.2,2.355,2017-09-07,9
279.944,7,0.2,80.4839,2017-09-07,9
636.408,3,0.2,-15.9102,2014-03-10,3
83.168,4,0.2,9.3564,2014-03-10,3
259.136,4,0.2,-25.9136,2014-07-18,7
221.92,4,0.0,106.5216,2017-03-24,3
26.0,2,0.0,11.7,2017-03-24,3
15.552,3,0.2,5.4432,2014-09-30,9
0.876,1,0.8,-1.4016,2014-09-26,9
19.98,1,0.0,9.3906,2015-10-31,10
398.352,3,0.2,124.485,2015-10-31,10
5.04,3,0.0,1.26,2015-10-31,10
17.45,5,0.0,8.027,2015-10-31,10
323.136,4,0.2,20.196,2015-10-31,10
29.7,3,0.0,8.019,2015-10-31,10
1295.84,4,0.2,145.782,2015-10-31,10
46.84,2,0.0,12.6468,2015-10-31,10
425.833,1,0.15,20.0392,2015-10-31,10
209.67,1,0.4,-13.978,2015-10-12,10
159.88,7,0.0,73.5448,2016-09-19,9
5.28,1,0.0,2.376,2017-04-13,4
895.92,5,0.2,302.373,2017-04-13,4
2.808,3,0.7,-1.9656,2017-01-07,1
215.976,3,0.2,-2.6997,2017-11-09,11
241.96,2,0.0,41.1332,2017-09-22,9
27.72,9,0.0,13.3056,2017-09-22,9
104.68,5,0.2,35.3295,2017-12-01,12
62.958,7,0.4,9.4437,2017-12-01,12
86.376,3,0.2,1.0797,2014-06-23,6
64.944,3,0.2,6.4944,2015-10-04,10
20.736,4,0.2,7.2576,2015-10-04,10
33.28,4,0.0,9.3184,2014-05-20,5
38.52,9,0.0,11.9412,2014-05-20,5
139.86,7,0.0,60.1398,2014-05-20,5
19.65,3,0.0,9.039,2015-11-20,11
152.991,3,0.7,-122.3928,2015-11-30,11
10.584,7,0.2,-2.3814,2015-11-30,11
94.92,4,0.4,15.82,2015-11-30,11
14.76,5,0.6,-11.439,2015-12-31,12
3.656,4,0.8,-5.8496,2015-12-31,12
146.82,3,0.0,73.41,2017-11-16,11
149.544,9,0.2,50.4711,2014-06-06,6
17.14,2,0.0,4.4564,2014-06-06,6
991.764,3,0.4,-347.1174,2014-06-06,6
30.48,6,0.2,9.906,2016-09-01,9
23.988,2,0.4,-4.7976,2016-09-01,9
16.688,7,0.2,5.4236,2016-09-01,9
422.058,3,0.3,-18.0882,2016-06-25,6
38.088,4,0.7,-27.9312,2016-06-25,6
254.352,6,0.2,-50.8704,2016-06-25,6
43.31,1,0.0,4.331,2014-12-12,12
84.95,5,0.0,22.087,2017-03-31,3
233.058,3,0.3,-53.2704,2017-11-19,11
111.79,7,0.0,43.5981,2014-11-24,11
14.94,3,0.0,7.0218,2015-11-22,11
14.16,2,0.2,5.133,2016-07-14,7
22.608,3,0.6,-10.1736,2016-04-30,4
21.48,6,0.0,10.74,2016-07-25,7
501.81,3,0.0,0.0,2014-06-22,6
161.94,3,0.0,9.7164,2014-06-22,6
17.856,4,0.2,2.0088,2017-10-21,10
8.808,3,0.8,-14.9736,2016-09-03,9
79.384,1,0.2,29.769,2016-05-14,5
34.58,1,0.0,10.0282,2016-01-07,1
314.55,3,0.0,150.984,2017-03-13,3
191.976,3,0.2,23.997,2016-10-13,10
8.288,2,0.2,3.0044,2016-10-13,10
139.92,5,0.6,-150.414,2016-10-13,10
15.872,1,0.2,1.1904,2016-10-13,10
6.286,7,0.8,-11.0005,2016-10-13,10
14.016,3,0.2,1.752,2017-01-27,1
71.976,3,0.2,-8.997,2017-01-27,1
107.982,3,0.4,-26.9955,2017-01-27,1
305.312,2,0.3,-8.7232,2017-11-19,11
19.752,3,0.2,6.9132,2014-08-01,8
9.264,3,0.8,-13.896,2016-07-30,7
61.792,4,0.2,6.1792,2015-07-30,7
45.68,2,0.0,21.0128,2016-10-15,10
60.12,9,0.0,28.8576,2016-10-15,10
41.72,5,0.2,13.0375,2016-10-15,10
71.6,8,0.0,32.936,2016-10-15,10
85.232,7,0.2,30.8966,2016-05-07,5
44.4,3,0.0,22.2,2016-05-07,5
442.764,4,0.1,59.0352,2016-05-07,5
3999.95,5,0.0,1159.9855,2016-05-07,5
199.95,5,0.0,21.9945,2016-05-07,5
63.68,8,0.0,28.0192,2016-05-07,5
54.896,2,0.2,18.5274,2017-08-01,8
29.0,2,0.0,7.25,2016-07-14,7
70.08,6,0.0,35.04,2017-08-10,8
121.3,2,0.0,25.473,2017-08-10,8
1454.49,9,0.0,378.1674,2017-08-10,8
60.81,3,0.0,17.0268,2016-06-25,6
153.552,3,0.2,51.8238,2016-12-10,12
65.34,3,0.0,22.869,2016-12-10,12
123.92,4,0.0,55.764,2016-12-10,12
35.1,3,0.0,12.285,2016-12-10,12
44.75,5,0.0,8.5025,2016-12-10,12
4.704,2,0.2,0.4116,2016-12-01,12
14.67,3,0.0,3.9609,2014-11-28,11
15.552,3,0.2,5.4432,2015-03-28,3
5.232,1,0.2,1.7004,2015-03-28,3
22.2,6,0.0,9.102,2014-06-01,6
881.93,7,0.0,229.3018,2014-06-01,6
6.096,2,0.2,2.1336,2015-09-06,9
191.82,3,0.0,74.8098,2015-09-06,9
20.104,1,0.2,1.7591,2015-06-29,6
67.56,3,0.2,8.445,2016-09-10,9
29.932,7,0.8,-46.3946,2014-07-14,7
38.272,4,0.2,3.8272,2014-07-14,7
16.52,4,0.0,7.5992,2015-08-22,8
832.93,7,0.0,233.2204,2014-11-14,11
43.8,10,0.0,21.024,2014-11-14,11
167.292,6,0.1,29.7408,2016-11-27,11
27.42,1,0.0,11.2422,2017-11-21,11
1.44,1,0.2,0.504,2017-10-01,10
61.776,13,0.2,20.8494,2017-10-01,10
241.96,2,0.0,60.49,2017-10-01,10
108.608,4,0.2,9.5032,2017-10-01,10
2.816,2,0.2,0.9856,2014-09-20,9
9.984,4,0.2,3.6192,2017-07-28,7
14.98,1,0.0,4.1944,2017-07-28,7
1145.6,4,0.2,100.24,2017-07-28,7
485.94,2,0.4,-89.089,2015-12-06,12
37.376,8,0.2,4.672,2015-12-06,12
70.686,1,0.3,-24.2352,2015-12-06,12
54.816,3,0.2,17.8152,2017-07-31,7
72.294,1,0.7,-98.8018,2016-03-19,3
2.896,2,0.2,0.4706,2017-07-29,7
124.792,1,0.2,15.599,2017-07-29,7
330.588,1,0.4,-115.7058,2016-10-01,10
673.568,2,0.2,252.588,2014-03-31,3
52.98,2,0.0,14.8344,2014-03-31,3
526.45,5,0.0,31.587,2017-06-26,6
228.92,5,0.2,14.3075,2017-07-09,7
319.968,4,0.2,35.9964,2015-12-14,12
205.03,7,0.0,67.6599,2017-12-05,12
190.86,2,0.0,11.4516,2015-09-15,9
24.32,8,0.0,8.2688,2015-09-15,9
44.4,5,0.0,12.432,2016-07-15,7
44.4,2,0.6,-52.17,2017-04-20,4
1016.792,1,0.2,381.297,2016-11-15,11
38.136,7,0.2,13.3476,2016-11-15,11
494.982,3,0.4,-115.4958,2016-11-26,11
56.56,2,0.0,15.2712,2017-11-21,11
5.56,2,0.0,1.4456,2017-11-21,11
9.02,2,0.0,3.5178,2017-11-21,11
8.62,1,0.0,2.2412,2017-11-21,11
659.976,3,0.2,49.4982,2017-11-21,11
13.36,2,0.0,6.4128,2015-02-15,2
41.72,5,0.2,13.0375,2015-02-15,2
11.52,5,0.2,4.176,2015-02-15,2
541.44,6,0.0,157.0176,2015-02-15,2
19.44,3,0.0,9.3312,2015-02-15,2
143.7,3,0.0,68.976,2016-04-15,4
43.26,3,0.0,14.2758,2015-09-28,9
43.56,2,0.0,15.246,2015-09-28,9
437.85,3,0.0,131.355,2016-09-17,9
109.48,2,0.0,33.9388,2016-09-17,9
1212.96,7,0.2,90.972,2017-06-16,6
18.54,2,0.0,8.7138,2017-06-16,6
5.0,1,0.0,2.4,2015-11-08,11
371.97,3,0.0,66.9546,2015-11-08,11
166.24,1,0.0,24.936,2015-12-18,12
359.97,3,0.0,79.1934,2017-02-06,2
499.98,2,0.0,114.9954,2016-11-14,11
5.28,1,0.0,2.376,2016-11-14,11
8.26,2,0.0,3.8822,2016-11-14,11
7.968,2,0.2,2.6892,2017-10-12,10
12.96,2,0.0,6.3504,2017-09-17,9
6.48,1,0.0,3.1104,2017-12-20,12
6.984,1,0.2,2.3571,2017-12-20,12
47.96,5,0.2,4.1965,2017-12-02,12
199.74,6,0.0,47.9376,2015-09-21,9
435.26,7,0.0,95.7572,2015-03-06,3
1119.984,2,0.2,377.9946,2015-03-06,3
143.432,1,0.2,3.5858,2014-10-03,10
122.352,3,0.2,13.7646,2014-10-03,10
306.2,5,0.0,0.0,2014-06-27,6
85.98,1,0.0,22.3548,2014-06-27,6
223.96,4,0.0,53.7504,2014-06-27,6
97.568,2,0.2,-6.098,2017-10-30,10
614.272,8,0.2,-23.0352,2017-10-30,10
199.98,2,0.0,37.9962,2017-10-30,10
48.16,7,0.0,22.1536,2016-09-03,9
23.92,2,0.0,6.6976,2015-03-05,3
60.69,7,0.0,16.3863,2015-03-05,3
14.352,3,0.2,5.2026,2016-05-05,5
35.04,2,0.0,12.264,2017-11-17,11
17.48,5,0.2,1.311,2017-06-01,6
16.4,5,0.0,4.756,2017-06-10,6
892.98,2,0.0,80.3682,2017-01-08,1
287.97,3,0.0,77.7519,2015-04-20,4
595.38,6,0.0,297.69,2015-04-20,4
12.96,2,0.0,6.2208,2015-04-20,4
4.95,1,0.0,1.3365,2015-11-01,11
181.95,3,0.0,38.2095,2017-12-23,12
13.52,4,0.0,6.2192,2015-11-01,11
259.7,5,0.0,106.477,2015-11-01,11
42.95,1,0.0,1.2885,2015-11-01,11
1399.93,7,0.0,601.9699,2015-11-01,11
503.96,4,0.0,125.99,2015-11-01,11
12.72,3,0.0,6.36,2014-11-14,11
11.52,4,0.0,5.6448,2014-11-14,11
316.0,4,0.0,31.6,2016-01-17,1
723.92,4,0.0,188.2192,2017-09-17,9
106.32,3,0.0,49.9704,2017-09-17,9
141.372,2,0.3,-14.1372,2016-12-23,12
27.216,3,0.2,9.8658,2015-08-06,8
390.75,5,0.0,171.93,2017-11-05,11
280.792,1,0.2,35.099,2017-06-11,6
68.448,4,0.2,7.7004,2017-06-11,6
88.04,5,0.2,6.603,2017-06-11,6
15.872,1,0.2,1.984,2017-06-11,6
215.592,3,0.2,-48.5082,2017-06-11,6
14.62,2,0.0,6.8714,2017-07-20,7
416.32,2,0.0,112.4064,2017-07-20,7
43.0,5,0.0,20.21,2017-07-20,7
182.94,3,0.0,27.441,2017-07-20,7
60.83,7,0.0,30.415,2017-07-20,7
389.97,3,0.0,132.5898,2017-07-20,7
194.32,4,0.0,56.3528,2015-12-23,12
265.93,7,0.0,63.8232,2017-03-20,3
94.74,3,0.0,44.5278,2015-12-31,12
60.64,4,0.0,27.8944,2015-12-31,12
76.3,5,0.0,38.15,2015-12-31,12
364.8,12,0.0,167.808,2015-12-31,12
79.872,3,0.2,29.952,2015-09-15,9
46.384,1,0.2,1.1596,2015-09-15,9
12.96,2,0.0,6.2208,2015-09-15,9
14.352,3,0.2,5.2026,2017-09-23,9
547.136,4,0.2,-68.392,2015-12-25,12
41.96,2,0.0,2.9372,2016-09-24,9
41.7,5,0.0,20.85,2016-09-24,9
277.4,5,0.0,133.152,2017-03-21,3
5.78,1,0.0,2.8322,2017-03-21,3
69.216,6,0.2,11.2476,2014-09-30,9
10.86,3,0.0,5.1042,2017-12-10,12
426.79,7,0.0,123.7691,2017-12-10,12
25.92,4,0.0,12.4416,2014-08-23,8
45.92,4,0.0,22.5008,2014-08-23,8
10.72,2,0.2,1.742,2014-08-19,8
41.86,7,0.0,10.465,2016-11-10,11
63.2,5,0.0,23.384,2014-12-31,12
113.97,3,0.0,27.3528,2014-12-31,12
123.552,3,0.2,-29.3436,2014-07-26,7
490.32,9,0.0,137.2896,2016-02-22,2
70.08,5,0.2,24.528,2016-03-13,3
1.272,2,0.8,-2.1624,2016-03-13,3
557.585,5,0.3,0.0,2016-03-13,3
9.024,6,0.2,3.1584,2017-12-02,12
69.456,2,0.2,22.5732,2017-12-02,12
10.86,2,0.0,5.3214,2017-12-02,12
79.47,3,0.0,22.2516,2017-12-02,12
10.08,6,0.0,5.04,2017-12-02,12
1552.831,7,0.15,200.9546,2015-08-31,8
137.24,5,0.2,46.3185,2015-08-31,8
36.51,1,0.0,15.6993,2015-08-31,8
239.976,3,0.2,80.9919,2015-08-31,8
1579.746,7,0.4,-447.5947,2014-03-17,3
1071.576,4,0.4,-553.6476,2014-03-17,3
613.908,3,0.4,-122.7816,2014-03-17,3
34.86,7,0.0,16.3842,2014-03-17,3
155.04,4,0.0,75.9696,2014-03-17,3
13.71,5,0.7,-10.054,2017-04-16,4
127.88,2,0.0,40.9216,2016-03-13,3
160.32,2,0.0,44.8896,2016-03-13,3
46.0,4,0.0,20.7,2016-03-13,3
120.712,1,0.2,-18.1068,2014-11-24,11
23.12,4,0.0,11.3288,2017-02-10,2
532.704,6,0.2,-26.6352,2016-09-23,9
4.912,2,0.2,0.307,2016-09-23,9
252.0,4,0.0,93.24,2017-07-07,7
60.288,8,0.6,-27.1296,2016-07-07,7
2.632,1,0.2,0.8225,2016-07-07,7
23.688,9,0.2,7.6986,2016-07-07,7
253.372,2,0.3,-14.4784,2016-07-07,7
5.67,3,0.0,0.1134,2017-01-24,1
76.776,4,0.7,-58.8616,2014-08-19,8
9.184,2,0.2,1.148,2014-08-19,8
32.75,5,0.0,15.065,2015-12-06,12
7.216,2,0.2,1.7138,2016-05-06,5
49.568,2,0.2,15.49,2016-05-06,5
54.712,7,0.2,11.6263,2016-05-06,5
176.04,4,0.0,45.7704,2017-03-25,3
16.02,9,0.0,4.4856,2017-03-25,3
185.92,4,0.2,62.748,2017-03-25,3
211.168,4,0.2,15.8376,2017-03-25,3
479.984,2,0.2,59.998,2017-03-25,3
7.86,2,0.0,3.6156,2015-12-12,12
24.448,2,0.2,8.8624,2015-12-12,12
6.48,1,0.0,3.1104,2015-12-06,12
41.86,7,0.0,20.5114,2015-12-06,12
1619.91,9,0.0,97.1946,2015-12-06,12
113.92,4,0.0,42.1504,2015-12-06,12
39.68,2,0.0,10.3168,2016-03-17,3
37.6,2,0.0,2.256,2015-11-14,11
59.9,2,0.0,23.96,2015-11-14,11
37.0,5,0.0,16.65,2015-11-14,11
5.76,2,0.0,2.8224,2017-08-14,8
16.68,6,0.0,4.3368,2017-08-14,8
628.81,7,0.0,12.5762,2017-09-09,9
56.45,5,0.0,14.677,2017-09-09,9
94.2,6,0.0,23.55,2017-04-01,4
28.4,5,0.0,13.348,2017-04-01,4
956.6648,7,0.32,-225.0976,2016-09-27,9
1115.91,9,0.0,200.8638,2017-10-07,10
128.744,7,0.2,-28.9674,2017-10-07,10
79.92,10,0.2,26.973,2017-10-07,10
24.2,5,0.0,7.986,2017-01-20,1
359.976,3,0.2,130.4913,2017-01-20,1
211.84,8,0.0,76.2624,2017-03-23,3
5.68,2,0.2,1.917,2014-08-01,8
7.52,5,0.2,2.632,2015-06-07,6
11.96,2,0.0,5.8604,2014-11-12,11
629.064,3,0.2,31.4532,2014-11-12,11
754.45,5,0.0,60.356,2016-12-29,12
301.96,2,0.0,60.392,2015-07-06,7
595.0,5,0.0,95.2,2017-10-12,10
79.872,3,0.2,29.952,2017-10-12,10
2396.4,10,0.2,179.73,2016-05-21,5
63.56,2,0.0,3.178,2017-11-09,11
99.99,1,0.0,43.9956,2017-11-09,11
230.376,3,0.2,-48.9549,2016-04-18,4
9.664,2,0.2,3.2616,2016-04-18,4
158.928,7,0.2,41.7186,2017-12-25,12
13.023,1,0.7,-10.4184,2017-12-25,12
273.06,2,0.4,-104.673,2017-12-25,12
39.312,13,0.2,12.7764,2017-12-25,12
1.344,4,0.8,-2.1504,2016-06-11,6
8.272,4,0.8,-13.6488,2016-06-11,6
12.544,7,0.6,-9.0944,2016-06-11,6
58.48,8,0.0,27.4856,2017-05-13,5
7.4,2,0.0,3.034,2017-12-28,12
366.786,7,0.1,65.2064,2014-03-25,3
54.368,4,0.2,4.0776,2017-05-28,5
33.96,2,0.0,16.98,2015-11-14,11
826.11,3,0.0,322.1829,2015-11-14,11
545.85,9,0.0,114.6285,2017-07-03,7
145.98,2,0.5,-99.2664,2014-11-18,11
35.808,4,0.2,12.5328,2014-11-18,11
7.904,2,0.2,2.1736,2017-07-17,7
345.0,5,0.0,86.25,2016-05-22,5
174.286,2,0.3,-19.9184,2016-05-22,5
662.84,4,0.0,172.3384,2016-05-22,5
95.1,5,0.0,30.432,2016-05-22,5
26.88,6,0.0,12.9024,2016-05-22,5
257.98,2,0.0,74.8142,2016-05-22,5
17.48,2,0.0,8.2156,2015-09-25,9
492.835,5,0.3,-14.081,2016-10-31,10
269.49,3,0.0,5.3898,2015-09-14,9
29.12,5,0.2,9.828,2016-11-05,11
18.75,5,0.0,9.0,2017-03-17,3
119.7,6,0.0,31.122,2017-03-17,3
9.144,3,0.2,3.0861,2017-03-17,3
57.06,3,0.0,18.2592,2017-03-17,3
71.6,8,0.0,13.604,2017-03-17,3
107.44,8,0.0,27.9344,2017-03-17,3
7.31,1,0.0,3.4357,2017-03-17,3
59.1,6,0.0,22.458,2017-03-17,3
46.53,3,0.0,12.0978,2017-03-17,3
97.84,2,0.0,25.4384,2017-08-15,8
29.97,3,0.0,13.4865,2015-07-11,7
98.352,3,0.2,34.4232,2015-07-11,7
83.92,5,0.2,29.372,2017-12-03,12
14.624,2,0.2,5.1184,2017-12-03,12
136.99,1,0.0,36.9873,2017-12-03,12
3.15,1,0.0,1.512,2017-12-03,12
9.11,1,0.0,4.0995,2017-05-04,5
571.44,4,0.0,165.7176,2017-05-04,5
32.4,5,0.0,15.552,2017-05-04,5
16.91,1,0.0,4.5657,2017-05-04,5
14.272,8,0.2,4.2816,2016-01-22,1
451.136,4,0.2,-67.6704,2016-01-22,1
64.864,4,0.2,6.4864,2016-01-22,1
217.584,2,0.2,-29.9178,2016-11-03,11
82.95,5,0.0,29.0325,2016-11-03,11
87.71,7,0.0,41.2237,2016-11-03,11
1101.48,4,0.0,429.5772,2016-11-03,11
1322.352,3,0.2,-99.1764,2017-09-04,9
5.46,3,0.0,1.4742,2014-09-13,9
11.184,1,0.2,0.8388,2017-06-19,6
153.584,2,0.2,-32.6366,2017-06-19,6
1003.62,6,0.0,0.0,2017-12-24,12
35.168,4,0.2,11.4296,2017-08-28,8
1137.75,5,0.0,250.305,2017-08-28,8
99.68,5,0.2,32.396,2017-08-28,8
5.56,2,0.0,1.4456,2017-08-28,8
85.52,2,0.0,22.2352,2015-01-02,1
9.84,3,0.0,2.6568,2015-01-02,1
20.04,3,0.0,9.6192,2015-01-02,1
631.96,4,0.0,303.3408,2015-10-09,10
23.92,4,0.0,10.764,2015-10-09,10
90.24,6,0.0,41.5104,2014-12-13,12
4548.81,7,0.0,1228.1787,2014-11-19,11
300.93,5,0.3,-34.392,2016-09-10,9
719.96,5,0.2,53.997,2016-09-10,9
647.84,8,0.0,32.392,2014-06-16,6
64.17,3,0.0,18.6093,2015-09-26,9
124.46,2,0.0,58.4962,2015-09-26,9
9.584,1,0.2,3.3544,2016-05-19,5
37.608,3,0.2,12.6927,2017-06-22,6
12.224,2,0.2,4.4312,2017-06-17,6
2.304,4,0.8,-3.5712,2017-06-17,6
9.36,4,0.8,-16.38,2017-06-17,6
7.38,2,0.0,3.4686,2016-11-14,11
53.72,4,0.0,15.0416,2014-07-25,7
8187.65,5,0.0,327.506,2014-07-25,7
77.92,8,0.0,34.2848,2014-07-25,7
32.784,4,0.8,-85.2384,2015-07-02,7
196.776,3,0.2,14.7582,2017-03-02,3
479.94,6,0.0,52.7934,2017-03-02,3
1117.92,4,0.0,55.896,2016-11-18,11
106.5,6,0.0,41.535,2015-04-18,4
45.66,5,0.7,-33.484,2017-12-02,12
95.968,4,0.2,1.1996,2016-11-11,11
47.992,2,0.3,-2.0568,2016-11-11,11
264.32,2,0.2,19.824,2014-09-05,9
604.656,9,0.2,204.0714,2014-11-15,11
129.93,3,0.0,12.993,2017-05-02,5
20.16,7,0.0,9.8784,2016-10-15,10
29.46,6,0.0,14.4354,2016-10-15,10
868.59,3,0.0,251.8911,2016-10-15,10
12.96,2,0.0,6.2208,2016-10-15,10
5.5,1,0.0,1.375,2016-10-15,10
121.6,4,0.0,55.936,2016-10-15,10
42.048,9,0.2,5.256,2015-04-06,4
25.488,2,0.2,4.4604,2015-04-06,4
6.9,3,0.8,-12.075,2015-04-06,4
9.648,6,0.8,-16.884,2015-04-06,4
7.968,2,0.2,2.8884,2015-04-06,4
10.368,2,0.2,3.6288,2014-10-24,10
114.2,5,0.0,52.532,2014-08-17,8
17.96,4,0.0,8.2616,2014-08-17,8
12.67,7,0.0,4.5612,2014-08-17,8
339.96,4,0.0,122.3856,2014-08-17,8
1801.632,6,0.2,-337.806,2017-08-15,8
46.32,4,0.0,18.0648,2015-09-06,9
181.986,2,0.3,-54.5958,2015-01-27,1
431.976,4,0.4,-100.7944,2015-01-27,1
155.37,1,0.4,-36.253,2015-01-27,1
1348.704,6,0.2,-219.1644,2015-07-16,7
700.152,3,0.2,78.7671,2015-07-16,7
111.888,7,0.2,22.3776,2016-04-30,4
143.952,3,0.2,14.3952,2014-09-26,9
173.94,3,0.0,13.9152,2016-09-08,9
14.76,4,0.0,6.9372,2016-09-08,9
205.92,4,0.0,2.0592,2017-04-16,4
102.833,1,0.15,-6.049,2017-04-16,4
2.304,1,0.2,0.2592,2015-08-16,8
1879.96,5,0.2,211.4955,2015-08-16,8
313.024,8,0.2,105.6456,2015-08-16,8
5.04,2,0.2,1.764,2015-08-16,8
821.88,6,0.0,213.6888,2017-11-19,11
21.96,2,0.0,10.7604,2017-11-19,11
25.92,4,0.0,12.4416,2016-09-14,9
705.544,7,0.2,70.5544,2016-08-15,8
50.0,2,0.0,12.0,2015-09-26,9
51.712,8,0.6,-32.32,2016-10-08,10
6.992,2,0.2,0.5244,2015-03-24,3
1406.86,7,0.0,140.686,2015-05-31,5
15.75,5,0.0,7.56,2015-05-31,5
323.1,2,0.0,61.389,2015-05-31,5
9.216,4,0.2,3.3408,2015-12-25,12
10.368,2,0.2,3.6288,2015-12-25,12
15.02,1,0.0,2.7036,2015-03-17,3
33.82,2,0.0,9.1314,2015-03-17,3
71.0,4,0.0,27.69,2017-12-21,12
25.12,5,0.2,7.85,2017-11-01,11
2665.62,9,0.0,239.9058,2017-11-01,11
478.08,8,0.0,133.8624,2017-09-07,9
164.388,2,0.4,-35.6174,2017-12-27,12
13.248,4,0.2,3.6432,2017-12-27,12
2.912,2,0.2,0.91,2017-07-16,7
1399.944,7,0.2,52.4979,2016-08-12,8
526.45,5,0.0,31.587,2017-07-09,7
16.23,3,0.0,7.9527,2014-11-22,11
319.9,5,0.0,156.751,2014-11-22,11
11.36,2,0.0,5.3392,2014-11-22,11
675.12,3,0.0,290.3016,2014-11-22,11
62.82,3,0.0,30.7818,2014-01-26,1
489.92,8,0.0,0.0,2014-01-26,1
19.44,3,0.0,9.3312,2014-01-26,1
16.68,2,0.0,8.34,2014-01-26,1
155.35,13,0.0,0.0,2014-01-26,1
12.42,3,0.0,4.4712,2014-01-26,1
187.98,2,0.0,52.6344,2014-01-26,1
6.608,2,0.2,2.1476,2015-11-03,11
248.57,7,0.0,67.1139,2017-06-30,6
22.23,1,0.0,9.7812,2017-06-30,6
5.98,1,0.0,1.0166,2016-05-05,5
246.168,3,0.2,21.5397,2016-05-05,5
14.136,2,0.6,-7.7748,2016-09-08,9
601.47,3,0.5,-300.735,2016-09-08,9
79.1,2,0.0,39.55,2017-11-24,11
327.84,8,0.0,157.3632,2017-11-24,11
180.96,2,0.0,81.432,2017-05-13,5
914.97,3,0.0,411.7365,2017-05-13,5
587.97,3,0.0,158.7519,2017-05-13,5
530.34,2,0.0,95.4612,2017-05-13,5
14.94,3,0.0,7.3206,2017-05-13,5
121.94,2,0.0,35.3626,2017-04-23,4
122.71,7,0.0,36.813,2017-04-23,4
14.94,3,0.0,7.0218,2016-06-04,6
1349.85,3,0.0,364.4595,2016-06-04,6
136.784,1,0.2,5.1294,2016-06-04,6
61.12,4,0.0,20.7808,2016-06-04,6
1.167,1,0.7,-0.8558,2014-12-16,12
16.99,1,0.0,4.9271,2016-03-04,3
24.672,3,0.2,0.0,2014-11-25,11
2.52,1,0.2,0.882,2014-11-25,11
1218.735,5,0.3,-121.8735,2014-11-25,11
5.904,2,0.2,1.9926,2014-11-25,11
15.696,3,0.2,5.1012,2014-11-25,11
6.096,3,0.6,-3.9624,2014-11-25,11
41.568,2,0.2,2.598,2016-04-28,4
230.28,3,0.2,23.028,2014-04-26,4
18.288,6,0.2,5.715,2014-04-26,4
5.78,2,0.0,2.7166,2017-04-01,4
121.68,13,0.2,38.025,2017-04-01,4
4.17,3,0.0,1.0842,2017-12-22,12
67.04,4,0.2,6.704,2017-12-22,12
37.32,3,0.0,10.4496,2017-12-22,12
18.45,5,0.0,8.6715,2017-12-22,12
25.92,4,0.0,12.4416,2014-12-03,12
11199.968,4,0.2,3919.9888,2017-10-22,10
2399.6,8,0.0,647.892,2017-10-22,10
63.9,5,0.0,28.755,2017-10-22,10
52.99,1,0.0,0.5299,2017-10-22,10
60.864,4,0.2,9.1296,2017-11-13,11
652.995,7,0.7,-935.9595,2017-11-13,11
11.22,10,0.7,-7.48,2017-11-13,11
14.94,3,0.0,7.0218,2015-09-10,9
39.96,2,0.0,17.1828,2017-05-15,5
42.624,2,0.2,4.2624,2017-05-15,5
220.96,1,0.2,24.858,2017-05-15,5
4.928,2,0.2,0.7392,2015-07-05,7
7.23,5,0.7,-5.784,2015-07-05,7
323.1,2,0.0,61.389,2015-08-15,8
19.04,4,0.0,9.3296,2017-06-12,6
13.128,3,0.2,4.2666,2017-06-12,6
64.14,3,0.0,16.6764,2017-06-12,6
858.24,4,0.1,143.04,2017-06-12,6
29.99,1,0.0,2.999,2015-02-20,2
186.048,6,0.2,67.4424,2016-12-29,12
36.792,1,0.2,4.1391,2016-04-17,4
18.624,8,0.2,6.2856,2016-04-17,4
57.69,3,0.0,23.6529,2014-09-07,9
42.81,3,0.0,20.1207,2014-09-07,9
12.96,2,0.0,6.2208,2014-09-07,9
821.88,6,0.0,213.6888,2014-09-07,9
104.85,3,0.0,28.3095,2014-09-07,9
424.9575,5,0.15,19.998,2016-09-26,9
10.776,3,0.2,3.5022,2017-09-17,9
11.784,3,0.2,4.2717,2017-09-17,9
164.88,3,0.0,80.7912,2017-09-17,9
1292.94,3,0.0,77.5764,2017-09-17,9
25.584,2,0.2,8.9544,2017-09-17,9
261.74,2,0.0,65.435,2017-09-17,9
14.4,5,0.0,7.056,2017-09-17,9
10.86,3,0.0,5.1042,2016-08-16,8
883.84,4,0.2,99.432,2015-12-24,12
1979.89,11,0.0,494.9725,2017-11-28,11
79.96,2,0.0,35.982,2017-11-28,11
8.76,2,0.0,4.2048,2017-04-14,4
3.984,1,0.2,1.2948,2016-05-01,5
370.62,3,0.4,-142.071,2016-05-01,5
2.742,2,0.7,-2.0108,2016-05-01,5
79.512,3,0.2,20.8719,2016-10-01,10
28.352,1,0.2,9.5688,2016-10-01,10
40.784,1,0.2,4.5882,2015-08-25,8
105.96,4,0.0,29.6688,2015-08-25,8
166.44,3,0.0,79.8912,2014-09-09,9
785.88,6,0.0,212.1876,2014-09-09,9
26.2,2,0.0,12.838,2014-09-09,9
1325.85,5,0.0,238.653,2014-09-09,9
166.44,3,0.0,79.8912,2017-12-03,12
8.76,5,0.2,0.7665,2017-11-27,11
43.584,1,0.2,4.3584,2017-11-27,11
11.088,7,0.7,-8.1312,2014-06-21,6
25.164,2,0.7,-16.776,2014-06-21,6
14.4,5,0.0,7.056,2017-01-21,1
619.95,5,0.0,111.591,2017-01-21,1
89.52,4,0.0,42.0744,2017-01-21,1
350.973,3,0.1,152.0883,2017-01-21,1
164.99,1,0.0,49.497,2017-01-21,1
312.552,9,0.2,101.5794,2017-06-29,6
95.952,3,0.2,29.985,2016-09-06,9
3.204,2,0.7,-2.4564,2016-09-06,9
3.98,5,0.8,-6.567,2016-08-04,8
15.7,5,0.0,7.065,2015-11-12,11
5.248,4,0.2,1.64,2014-06-30,6
5.346,3,0.7,-4.455,2017-12-04,12
15.48,3,0.2,5.6115,2016-08-28,8
108.576,3,0.2,8.1432,2016-08-28,8
109.9,5,0.0,37.366,2016-01-22,1
15.384,1,0.2,4.0383,2014-10-15,10
30.352,2,0.2,10.6232,2016-02-07,2
821.3,4,0.5,-16.426,2014-03-18,3
22638.48,6,0.5,-1811.0784,2014-03-18,3
21.376,4,0.2,7.4816,2014-03-18,3
8.016,3,0.2,1.002,2014-03-18,3
30.768,2,0.2,8.0766,2014-03-18,3
18.936,3,0.2,5.9175,2014-03-18,3
122.352,3,0.2,15.294,2014-03-18,3
116.28,3,0.0,56.9772,2014-05-24,5
132.6,6,0.0,17.238,2017-07-11,7
16.68,2,0.0,4.3368,2017-06-16,6
19.44,3,0.0,9.3312,2017-06-16,6
192.16,4,0.0,92.2368,2017-06-16,6
227.36,7,0.0,81.8496,2015-01-30,1
1919.976,3,0.2,215.9973,2015-01-30,1
12.828,2,0.7,-8.9796,2015-12-11,12
45.888,4,0.2,9.1776,2017-10-09,10
60.12,9,0.0,22.2444,2017-07-29,7
302.376,3,0.2,37.797,2014-04-25,4
13.9,5,0.0,5.56,2015-12-01,12
129.98,2,0.0,62.3904,2014-12-04,12
71.98,2,0.0,15.1158,2017-08-26,8
377.97,3,0.0,109.6113,2014-09-07,9
124.36,2,0.0,33.5772,2017-12-21,12
23.976,3,0.6,-14.3856,2014-12-06,12
8.376,3,0.2,2.7222,2014-11-04,11
58.24,5,0.2,5.096,2014-11-04,11
81.2,5,0.0,12.18,2016-04-14,4
14.45,5,0.0,6.7915,2014-10-04,10
95.648,2,0.2,31.0856,2014-10-04,10
359.97,5,0.4,-71.994,2017-11-07,11
350.352,4,0.4,-140.1408,2017-11-07,11
1.641,1,0.7,-1.3128,2017-12-22,12
629.958,7,0.4,94.4937,2017-12-22,12
6.63,3,0.0,1.7901,2017-02-13,2
799.96,4,0.0,343.9828,2017-02-13,2
107.53,1,0.0,21.506,2017-02-13,2
73.98,2,0.0,19.9746,2014-07-02,7
5.58,1,0.0,2.1762,2014-07-02,7
49.12,4,0.0,23.0864,2015-02-21,2
377.97,3,0.0,94.4925,2015-11-13,11
42.28,7,0.0,19.8716,2015-11-13,11
299.97,3,0.0,56.9943,2015-11-13,11
89.98,2,0.0,43.1904,2015-11-13,11
477.24,4,0.0,9.5448,2017-04-16,4
25.98,2,0.0,1.5588,2017-04-16,4
46.72,5,0.2,17.52,2016-02-25,2
35.34,2,0.0,13.4292,2014-11-04,11
257.64,6,0.0,100.4796,2015-06-20,6
125.976,3,0.2,47.241,2015-06-20,6
79.992,1,0.2,21.9978,2017-08-07,8
700.056,3,0.3,-130.0104,2014-05-12,5
27.168,4,0.2,-1.3584,2015-11-22,11
8.226,3,0.7,-6.0324,2015-12-04,12
585.552,3,0.2,73.194,2014-06-08,6
423.28,11,0.0,110.0528,2014-08-08,8
225.296,2,0.2,22.5296,2014-05-26,5
5.56,2,0.0,2.224,2015-04-17,4
323.37,3,0.0,129.348,2015-04-17,4
783.96,5,0.2,68.5965,2015-04-17,4
1447.65,5,0.0,419.8185,2015-04-17,4
11.96,2,0.0,5.8604,2015-04-17,4
239.97,3,0.0,71.991,2016-06-11,6
76.92,4,0.0,31.5372,2016-03-11,3
481.32,4,0.0,125.1432,2016-03-11,3
48.4,5,0.0,23.232,2014-05-26,5
0.99,1,0.0,0.4356,2017-10-12,10
101.84,5,0.2,36.917,2017-10-12,10
10.332,3,0.7,-7.5768,2017-06-22,6
31.155,5,0.7,-23.8855,2017-06-22,6
8.928,2,0.2,0.6696,2017-06-22,6
34.384,1,0.2,3.8682,2017-01-15,1
1924.16,8,0.2,312.676,2017-01-15,1
32.192,2,0.8,-80.48,2015-04-02,4
50.12,7,0.2,-0.6265,2015-04-02,4
47.976,3,0.2,1.7991,2015-04-02,4
54.5,5,0.0,14.17,2016-09-03,9
19.104,3,0.2,5.7312,2017-12-10,12
49.44,3,0.0,24.2256,2016-11-22,11
10.368,2,0.2,3.6288,2017-11-11,11
154.44,3,0.0,1.5444,2016-10-21,10
60.984,7,0.2,4.5738,2015-12-21,12
195.466,2,0.15,-13.7976,2015-07-17,7
23.68,8,0.2,6.216,2017-04-30,4
2.376,3,0.2,0.7425,2017-04-30,4
59.2,4,0.0,29.6,2017-05-06,5
22.0,10,0.0,9.68,2017-11-20,11
257.98,2,0.0,74.8142,2016-11-11,11
23.988,2,0.4,-15.992,2016-11-05,11
23.976,4,0.4,-15.5844,2016-10-09,10
601.536,4,0.2,0.0,2015-09-21,9
7.9,2,0.0,2.528,2015-09-21,9
58.36,5,0.6,-24.803,2014-12-02,12
16.464,7,0.2,1.4406,2014-12-02,12
39.96,5,0.6,-23.976,2014-12-02,12
25.96,2,0.0,7.5284,2014-09-21,9
36.27,3,0.0,10.881,2014-09-21,9
6.48,1,0.0,3.1104,2014-09-21,9
1075.088,14,0.2,94.0702,2014-04-12,4
438.368,4,0.2,38.3572,2014-04-12,4
18.088,7,0.2,6.5569,2014-04-12,4
308.499,3,0.15,-18.147,2014-04-12,4
13.36,4,0.0,4.1416,2017-10-20,10
39.96,2,0.0,18.7812,2017-10-20,10
145.85,5,0.0,70.008,2017-10-20,10
783.96,5,0.2,78.396,2016-10-25,10
7.88,1,0.2,1.773,2015-11-01,11
41.37,3,0.0,17.3754,2017-11-03,11
12.84,3,0.0,5.778,2015-05-12,5
25.68,6,0.0,11.556,2015-05-12,5
47.516,2,0.3,-2.0364,2015-09-07,9
9.42,2,0.0,0.471,2015-07-25,7
12.96,2,0.0,6.2208,2015-07-25,7
704.9,5,0.0,56.392,2015-07-25,7
561.568,2,0.2,28.0784,2015-07-25,7
179.82,9,0.0,84.5154,2015-11-16,11
185.58,6,0.0,76.0878,2015-11-16,11
214.11,3,0.0,36.3987,2015-11-16,11
999.96,4,0.0,229.9908,2015-11-16,11
653.55,3,0.0,111.1035,2015-11-16,11
114.6,5,0.0,51.57,2015-09-01,9
60.74,1,0.0,15.185,2015-09-01,9
124.36,2,0.0,27.3592,2015-09-01,9
1088.76,6,0.0,315.7404,2015-09-01,9
6.72,5,0.2,2.352,2016-05-05,5
298.776,3,0.2,7.4694,2016-05-05,5
302.376,3,0.2,22.6782,2016-12-31,12
8.928,2,0.2,0.558,2017-09-18,9
47.584,2,0.2,-2.974,2017-09-18,9
33.792,8,0.2,10.56,2014-09-25,9
300.5328,2,0.32,-97.2312,2014-09-25,9
2.724,2,0.8,-4.3584,2014-09-25,9
3.264,2,0.2,1.1016,2014-09-25,9
108.336,6,0.2,37.9176,2016-04-23,4
55.92,5,0.2,6.291,2016-04-23,4
78.304,2,0.2,29.364,2016-04-23,4
443.92,5,0.2,-94.333,2014-11-01,11
155.976,3,0.2,54.5916,2014-11-01,11
15.47,7,0.0,4.1769,2017-01-26,1
7.16,2,0.0,3.4368,2017-01-26,1
10.89,1,0.0,2.8314,2017-11-11,11
19.44,3,0.0,9.3312,2017-11-11,11
121.6,5,0.2,39.52,2017-11-11,11
695.7,2,0.5,-27.828,2016-06-09,6
120.33,1,0.0,31.2858,2015-09-03,9
1139.92,4,0.0,284.98,2014-03-14,3
229.544,7,0.2,83.2097,2017-08-31,8
143.728,2,0.2,-32.3388,2017-03-23,3
36.048,3,0.2,-0.9012,2017-05-18,5
845.488,8,0.3,-12.0784,2016-12-27,12
50.94,3,0.0,14.2632,2017-11-17,11
762.594,3,0.8,-1143.891,2017-09-10,9
56.28,6,0.0,15.7584,2017-04-08,4
2690.97,3,0.0,1264.7559,2017-04-08,4
7.434,6,0.7,-5.6994,2016-11-28,11
64.784,1,0.2,-12.9568,2016-06-02,6
28.16,4,0.0,13.2352,2017-12-17,12
14.98,1,0.0,6.8908,2016-03-19,3
20.32,4,0.0,6.9088,2016-03-19,3
40.29,3,0.0,10.4754,2017-08-20,8
20.23,7,0.0,9.5081,2017-07-25,7
1603.136,4,0.2,100.196,2016-08-26,8
225.296,2,0.2,22.5296,2016-08-15,8
67.8,4,0.0,4.068,2017-05-19,5
377.97,3,0.0,98.2722,2017-05-19,5
1628.82,9,0.0,374.6286,2017-05-19,5
286.93,7,0.0,140.5957,2017-05-19,5
20.736,4,0.2,7.2576,2017-08-12,8
31.44,3,0.0,8.4888,2017-08-13,8
83.79,7,0.0,22.6233,2017-08-13,8
59.52,3,0.0,15.4752,2017-08-13,8
31.92,4,0.0,9.2568,2017-08-13,8
14.72,5,0.2,-3.312,2016-11-10,11
38.976,3,0.2,-2.436,2016-11-10,11
17.088,2,0.2,1.068,2017-06-12,6
74.352,3,0.2,23.235,2014-03-22,3
314.352,3,0.2,-35.3646,2014-03-22,3
4.26,1,0.0,1.7466,2017-06-15,6
811.28,8,0.0,24.3384,2017-11-16,11
6.03,3,0.0,2.9547,2017-12-29,12
153.568,2,0.2,-5.7588,2016-01-21,1
1013.488,7,0.2,76.0116,2016-01-21,1
52.34,2,0.0,24.5998,2016-01-15,1
4.66,2,0.0,1.3514,2016-01-15,1
254.97,3,0.0,91.7892,2016-01-15,1
25.44,6,0.0,12.72,2016-09-19,9
27.93,3,0.0,8.0997,2016-09-19,9
8.85,5,0.8,-13.7175,2014-02-21,2
6.96,4,0.0,2.2272,2016-11-11,11
17.456,2,0.2,5.8914,2016-01-30,1
307.92,5,0.2,-34.641,2016-10-18,10
6.63,3,0.0,1.7901,2017-12-18,12
12.96,2,0.0,6.2208,2017-12-18,12
32.4,5,0.0,15.552,2017-12-18,12
23.85,5,0.0,10.7325,2017-11-02,11
51.96,2,0.0,12.99,2014-04-29,4
17.94,3,0.0,8.6112,2014-04-29,4
11.56,2,0.0,5.6644,2017-10-23,10
26.4,5,0.0,11.88,2017-10-23,10
69.08,11,0.0,29.0136,2017-10-23,10
35.88,3,0.0,10.0464,2017-10-23,10
49.65,5,0.0,20.853,2014-03-30,3
959.968,4,0.2,119.996,2016-01-04,1
408.422,2,0.3,-5.8346,2015-04-26,4
479.984,2,0.2,59.998,2015-09-12,9
12.6,4,0.0,6.048,2015-09-12,9
184.66,7,0.0,84.9436,2017-09-11,9
23.12,5,0.2,8.381,2016-06-12,6
37.464,7,0.2,12.1758,2016-06-27,6
539.658,3,0.3,-7.7094,2016-06-27,6
310.12,2,0.0,80.6312,2014-09-26,9
8.56,2,0.0,3.852,2017-11-03,11
52.4,5,0.0,14.148,2017-11-03,11
14.94,3,0.0,6.8724,2017-11-03,11
11.22,3,0.0,0.2244,2017-02-19,2
387.136,4,0.2,24.196,2015-11-05,11
41.4,5,0.0,19.458,2014-06-16,6
35.0,4,0.0,10.5,2014-06-16,6
39.552,3,0.2,14.3376,2014-06-16,6
135.72,3,0.0,35.2872,2015-10-12,10
12.56,2,0.0,5.652,2015-10-12,10
263.96,4,0.0,71.2692,2015-10-12,10
5.952,1,0.2,0.372,2017-08-27,8
15.8,5,0.2,2.37,2016-11-23,11
14.368,2,0.2,3.9512,2016-11-23,11
70.448,7,0.2,12.3284,2016-11-23,11
129.3,2,0.0,6.465,2017-01-30,1
3.882,3,0.8,-5.823,2015-11-30,11
6.08,1,0.0,3.04,2014-06-28,6
19.9,1,0.0,8.955,2014-09-02,9
70.71,1,0.0,4.9497,2014-09-02,9
18.84,3,0.0,7.9128,2017-07-10,7
8.64,3,0.0,2.5056,2017-06-04,6
1633.188,4,0.7,-1306.5504,2017-10-19,10
19.76,4,0.0,8.2992,2017-11-18,11
6.608,2,0.2,2.2302,2015-08-08,8
7.28,2,0.2,2.73,2015-08-08,8
144.784,1,0.2,10.8588,2015-08-08,8
156.792,1,0.2,13.7193,2016-12-06,12
431.976,3,0.2,26.9985,2016-12-06,12
35.89,1,0.0,16.1505,2016-12-06,12
47.208,7,0.2,15.3426,2016-12-06,12
248.08,7,0.0,116.5976,2016-12-06,12
189.7,5,0.0,89.159,2016-12-06,12
59.808,3,0.2,19.4376,2016-12-06,12
90.99,1,0.0,14.5584,2017-03-25,3
1526.56,7,0.0,427.4368,2017-03-25,3
368.97,3,0.0,40.5867,2017-03-25,3
305.01,9,0.0,76.2525,2017-11-19,11
18.7,1,0.0,7.106,2017-11-19,11
38.29,7,0.0,16.4647,2016-11-04,11
26.25,3,0.0,11.025,2017-12-14,12
64.96,14,0.2,22.736,2017-12-14,12
43.7,5,0.0,20.539,2017-12-14,12
41.6,4,0.2,13.0,2017-11-12,11
23.12,5,0.2,8.381,2017-11-12,11
113.888,2,0.2,9.9652,2017-11-12,11
113.568,2,0.2,-5.6784,2017-11-12,11
7.92,2,0.2,0.693,2017-11-12,11
671.984,2,0.2,50.3988,2017-11-12,11
39.99,1,0.0,11.5971,2016-08-18,8
191.646,3,0.1,31.941,2017-06-27,6
2.313,1,0.7,-1.9275,2017-05-04,5
19.936,4,0.2,7.2268,2015-12-24,12
45.92,4,0.0,21.5824,2015-12-24,12
20.34,3,0.0,9.3564,2017-04-26,4
39.28,8,0.0,19.2472,2017-04-26,4
81.568,2,0.2,9.1764,2017-12-16,12
97.184,2,0.2,6.074,2017-12-16,12
24.32,5,0.2,8.208,2017-12-16,12
18.96,2,0.0,7.584,2017-12-16,12
32.952,6,0.6,-19.7712,2014-12-27,12
30.016,4,0.2,3.0016,2014-12-27,12
499.584,3,0.2,43.7136,2017-11-06,11
31.104,6,0.2,10.8864,2017-11-06,11
13.272,8,0.7,-10.6176,2017-11-06,11
28.272,2,0.2,6.3612,2017-11-06,11
259.136,4,0.2,-51.8272,2017-11-06,11
10.8,5,0.0,5.184,2017-12-16,12
244.006,2,0.3,-31.3722,2015-05-07,5
15.936,4,0.2,5.3784,2015-05-07,5
188.552,7,0.3,-2.6936,2017-12-04,12
22.58,2,0.0,5.8708,2017-10-03,10
545.94,6,0.0,87.3504,2014-01-13,1
20.736,4,0.2,7.2576,2015-06-12,6
43.296,2,0.2,4.3296,2015-06-12,6
123.136,4,0.2,13.8528,2014-07-12,7
11.264,4,0.2,3.8016,2014-07-12,7
53.424,3,0.2,4.6746,2014-12-06,12
275.49,1,0.5,-170.8038,2014-12-06,12
24.96,4,0.0,6.24,2016-05-25,5
19.36,2,0.0,9.2928,2016-05-25,5
1267.65,9,0.0,152.118,2016-05-25,5
12.99,1,0.0,0.7794,2016-02-21,2
18.56,4,0.2,6.496,2016-02-21,2
449.15,5,0.0,8.983,2016-02-21,2
31.248,7,0.2,10.9368,2016-02-21,2
61.44,3,0.0,16.5888,2016-10-02,10
895.92,4,0.0,421.0824,2017-03-11,3
55.36,4,0.2,18.684,2016-09-09,9
55.92,5,0.2,6.291,2014-07-14,7
24.896,4,0.2,8.4024,2014-06-21,6
3.984,1,0.2,0.6474,2014-06-21,6
95.968,4,0.2,28.7904,2014-06-21,6
206.991,3,0.7,-172.4925,2014-06-21,6
44.416,2,0.2,3.8864,2014-06-21,6
9.006,2,0.7,-7.2048,2014-06-21,6
19.0,5,0.0,8.93,2015-07-05,7
33.376,4,0.2,10.43,2017-12-16,12
207.48,1,0.0,62.244,2016-09-08,9
91.68,3,0.0,45.84,2014-05-17,5
904.9,5,0.0,253.372,2017-10-13,10
34.272,3,0.2,11.1384,2014-10-24,10
191.82,3,0.0,74.8098,2016-12-05,12
243.88,5,0.2,27.4365,2016-07-25,7
12.03,5,0.7,-9.223,2017-04-17,4
2549.985,5,0.7,-3399.98,2017-04-17,4
21.594,2,0.7,-15.8356,2017-04-17,4
8.964,6,0.7,-6.5736,2017-04-17,4
20.736,4,0.2,7.2576,2017-04-17,4
344.22,2,0.4,-103.266,2015-09-17,9
727.296,8,0.2,-172.7328,2016-08-23,8
22.608,3,0.6,-10.1736,2016-08-23,8
666.4,7,0.2,-33.32,2016-08-23,8
5.04,3,0.0,0.2016,2015-11-08,11
92.94,3,0.0,41.823,2015-11-08,11
66.69,3,0.0,22.0077,2015-11-08,11
91.68,5,0.2,28.65,2015-11-08,11
327.7328,2,0.32,-14.4588,2017-11-17,11
52.272,11,0.2,17.6418,2015-11-08,11
17.94,3,0.0,8.073,2015-11-08,11
254.352,3,0.2,0.0,2017-04-22,4
8.288,2,0.2,2.6936,2014-08-24,8
504.9,5,0.0,80.784,2017-12-17,12
403.168,4,0.2,25.198,2016-03-24,3
194.32,4,0.0,31.0912,2015-09-21,9
25.99,1,0.0,7.5371,2015-09-21,9
195.136,4,0.2,-12.196,2016-11-21,11
20.736,4,0.2,7.2576,2017-09-16,9
53.7,6,0.0,10.203,2015-06-11,6
36.26,7,0.0,16.6796,2015-06-11,6
56.3,2,0.0,15.764,2015-06-11,6
32.4,5,0.0,15.552,2015-06-11,6
29.16,2,0.0,10.7892,2015-06-11,6
171.288,3,0.2,-6.4233,2017-10-03,10
16.72,5,0.2,3.344,2016-05-05,5
12.96,2,0.0,6.2208,2017-09-11,9
22.18,2,0.0,10.8682,2017-09-11,9
2054.272,8,0.2,256.784,2017-09-11,9
1022.97,5,0.4,-255.7425,2015-04-30,4
13.9,5,0.0,3.614,2017-11-06,11
26.38,1,0.0,12.1348,2017-11-06,11
43.176,7,0.2,13.4925,2014-09-30,9
411.8,2,0.0,70.006,2017-04-02,4
360.0,4,0.0,129.6,2017-04-02,4
41.96,2,0.0,2.9372,2017-10-06,10
227.84,4,0.0,66.0736,2017-10-06,10
37.94,2,0.0,18.2112,2017-10-06,10
517.9,2,0.0,134.654,2016-04-09,4
5.28,2,0.0,2.4288,2016-04-09,4
2799.96,5,0.2,874.9875,2015-08-28,8
8.96,2,0.0,4.3008,2017-10-19,10
31.5,10,0.0,15.12,2017-10-19,10
30.56,2,0.0,10.3904,2017-10-19,10
24.368,2,0.2,-3.3506,2017-10-19,10
119.976,3,0.2,22.4955,2016-11-07,11
26.88,8,0.2,9.744,2017-03-03,3
83.97,3,0.0,23.5116,2015-11-27,11
104.97,3,0.0,7.3479,2015-11-27,11
90.8,8,0.0,25.424,2017-03-13,3
140.736,8,0.2,49.2576,2017-03-13,3
214.95,5,0.0,88.1295,2017-03-13,3
45.36,7,0.0,21.7728,2017-03-13,3
288.24,6,0.0,138.3552,2017-03-13,3
663.936,4,0.2,82.992,2017-11-30,11
2934.33,7,0.0,792.2691,2014-11-17,11
124.41,3,0.0,14.9292,2014-11-17,11
57.75,5,0.0,26.565,2014-11-17,11
114.46,2,0.0,28.615,2016-01-03,1
120.666,2,0.15,18.4548,2015-10-03,10
342.864,3,0.2,38.5722,2014-07-20,7
16.74,5,0.6,-14.229,2014-07-20,7
981.372,2,0.3,-140.196,2014-07-20,7
31.84,8,0.0,10.5072,2014-05-21,5
12.96,2,0.0,6.2208,2017-09-04,9
43.176,3,0.2,15.1116,2017-09-04,9
58.34,2,0.0,28.0032,2017-05-27,5
539.97,3,0.0,134.9925,2017-05-27,5
3.928,1,0.2,1.3257,2014-01-28,1
252.784,4,0.8,-417.0936,2017-02-09,2
127.984,2,0.2,15.998,2017-02-09,2
3.984,2,0.6,-2.6892,2017-02-09,2
12.992,2,0.8,-32.48,2017-02-09,2
61.0,5,0.0,25.62,2017-03-31,3
671.93,7,0.0,188.1404,2017-03-31,3
447.86,7,0.0,219.4514,2016-03-03,3
479.95,5,0.0,129.5865,2016-03-03,3
166.44,3,0.0,79.8912,2016-03-03,3
31.68,4,0.2,2.772,2015-08-23,8
10.368,2,0.2,3.6288,2015-08-23,8
12.032,8,0.2,2.256,2015-08-23,8
5.768,2,0.8,-13.5548,2015-08-23,8
33.12,4,0.2,11.592,2017-04-27,4
220.2656,4,0.32,-42.1096,2017-04-27,4
10.776,3,0.2,3.5022,2017-04-14,4
242.352,3,0.2,9.0882,2017-04-14,4
695.16,6,0.0,34.758,2017-12-22,12
220.98,1,0.0,50.8254,2017-12-22,12
12.957,7,0.7,-9.5018,2016-12-08,12
25.68,6,0.0,11.556,2017-03-23,3
15.712,4,0.2,5.6956,2016-07-25,7
298.464,6,0.2,26.1156,2017-07-10,7
21.93,3,0.0,10.0878,2016-07-17,7
242.94,3,0.0,4.8588,2016-07-17,7
7.64,1,0.0,3.7436,2016-07-17,7
51.84,8,0.0,25.4016,2016-07-17,7
265.17,1,0.0,47.7306,2016-07-17,7
837.6,3,0.2,62.82,2016-08-23,8
135.9,5,0.0,63.873,2016-08-23,8
34.68,6,0.0,16.9932,2016-08-23,8
532.704,6,0.2,-39.9528,2016-08-23,8
43.1,5,0.0,11.206,2016-08-23,8
15.88,4,0.0,0.1588,2016-08-23,8
1123.92,5,0.2,-182.637,2015-06-11,6
249.584,2,0.2,31.198,2015-06-11,6
48.672,3,0.2,7.3008,2015-06-11,6
60.768,2,0.2,7.596,2015-06-11,6
78.6,5,0.7,-62.88,2015-06-11,6
3.768,2,0.7,-3.14,2015-06-11,6
1036.624,2,0.2,51.8312,2015-06-11,6
563.808,4,0.2,21.1428,2015-06-11,6
258.528,2,0.4,-47.3968,2017-09-08,9
49.12,4,0.0,23.0864,2017-10-02,10
44.46,2,0.0,14.6718,2014-12-16,12
241.568,2,0.2,18.1176,2014-12-16,12
395.0,5,0.0,39.5,2014-12-16,12
627.168,4,0.2,70.5564,2014-12-16,12
13.28,2,0.0,6.3744,2014-08-24,8
12.672,3,0.2,4.4352,2014-08-24,8
30.56,5,0.8,-45.84,2017-11-12,11
77.952,3,0.2,-15.5904,2017-11-12,11
67.992,1,0.2,8.499,2017-11-12,11
12.224,2,0.2,4.4312,2017-11-12,11
44.784,2,0.2,-0.5598,2017-11-12,11
22.848,3,0.6,-17.7072,2017-11-12,11
206.43,3,0.0,90.8292,2015-04-25,4
210.392,2,0.8,-336.6272,2014-12-12,12
119.96,5,0.2,35.988,2017-09-25,9
10.608,6,0.2,0.9282,2017-09-25,9
347.802,7,0.3,-24.843,2016-09-05,9
963.136,4,0.2,108.3528,2017-02-11,2
88.776,3,0.2,7.7679,2017-02-11,2
32.4,5,0.0,10.368,2014-06-30,6
32.4,5,0.0,15.552,2016-06-07,6
31.05,3,0.0,14.904,2014-12-20,12
2025.36,6,0.2,607.608,2015-12-15,12
1799.994,2,0.7,-2639.9912,2015-12-15,12
101.988,2,0.4,-16.998,2015-12-15,12
262.864,7,0.2,69.0018,2015-12-15,12
735.98,2,0.0,331.191,2017-07-20,7
93.024,3,0.2,33.7212,2014-08-03,8
284.364,2,0.4,-75.8304,2015-08-24,8
26.0,2,0.0,11.7,2015-08-24,8
67.64,5,0.2,5.9185,2016-03-26,3
119.976,3,0.2,-17.9964,2016-03-26,3
5.18,5,0.8,-8.029,2014-09-12,9
15.56,2,0.0,7.3132,2014-09-21,9
78.35,5,0.0,36.8245,2014-09-21,9
59.52,3,0.0,15.4752,2014-09-21,9
38.52,9,0.0,17.334,2014-09-21,9
239.984,2,0.2,23.9984,2014-09-21,9
19.35,3,0.0,9.4815,2014-09-21,9
67.0,5,0.0,32.16,2016-10-29,10
390.272,8,0.2,-24.392,2016-05-28,5
62.192,13,0.2,19.435,2016-05-28,5
23.88,6,0.0,11.2236,2017-12-21,12
3.168,2,0.8,-4.752,2016-03-21,3
528.43,5,0.3,0.0,2016-03-21,3
13.392,3,0.2,1.5066,2016-03-21,3
181.86,7,0.0,50.9208,2017-11-11,11
180.588,2,0.7,-240.784,2017-09-23,9
47.984,2,0.2,0.5998,2017-09-23,9
18.76,2,0.0,9.0048,2017-09-10,9
20.94,3,0.0,6.0726,2017-12-05,12
58.68,2,0.0,18.1908,2017-12-05,12
254.9,5,0.0,68.823,2017-12-05,12
9.64,2,0.0,4.4344,2017-11-09,11
826.62,3,0.0,355.4466,2017-11-09,11
1633.14,9,0.0,473.6106,2017-11-09,11
544.38,3,0.0,157.8702,2017-11-09,11
26.046,3,0.8,-44.2782,2014-11-07,11
74.352,3,0.2,26.9526,2014-11-07,11
69.93,7,0.0,32.1678,2017-03-12,3
3.75,1,0.0,1.8,2017-10-20,10
20.928,4,0.2,7.5864,2017-10-20,10
12.672,3,0.2,-3.168,2015-12-27,12
65.99,1,0.0,17.1574,2017-10-02,10
6.37,7,0.8,-9.555,2017-06-04,6
3.648,3,0.8,-6.0192,2014-09-01,9
31.104,6,0.2,10.8864,2014-09-01,9
23.34,3,0.0,0.2334,2016-08-08,8
29.97,3,0.0,14.0859,2017-07-22,7
3.366,3,0.7,-2.244,2015-07-10,7
95.968,4,0.2,9.5968,2014-12-01,12
18.704,7,0.2,2.338,2017-12-18,12
149.232,3,0.2,3.7308,2014-05-18,5
15.936,4,0.2,5.7768,2014-05-18,5
601.536,8,0.2,60.1536,2014-11-10,11
10.99,1,0.0,4.2861,2014-11-10,11
39.88,2,0.0,11.1664,2014-11-10,11
62.24,8,0.0,28.008,2014-11-10,11
53.2,5,0.0,14.896,2014-11-10,11
39.84,8,0.0,18.3264,2014-11-10,11
349.95,5,0.0,118.983,2016-01-09,1
377.928,9,0.2,141.723,2016-01-09,1
13.392,3,0.2,5.022,2017-09-22,9
11.228,7,0.8,-18.5262,2017-09-22,9
207.24,11,0.0,58.0272,2014-12-23,12
1.504,1,0.2,0.1692,2016-05-26,5
34.848,2,0.2,6.534,2016-05-26,5
75.18,6,0.0,35.3346,2017-07-08,7
149.97,3,0.0,52.4895,2014-05-13,5
931.176,3,0.2,314.2719,2017-11-10,11
430.88,2,0.0,124.9552,2017-11-10,11
94.85,5,0.0,45.528,2015-10-02,10
51.12,4,0.0,23.004,2015-10-02,10
90.0,1,0.0,32.4,2015-10-02,10
9.408,2,0.2,3.4104,2014-10-02,10
4.672,2,0.2,1.46,2014-10-02,10
318.4,2,0.2,107.46,2014-10-02,10
12.768,6,0.2,4.6284,2014-10-02,10
15.36,2,0.2,-3.264,2014-10-02,10
230.376,3,0.2,20.1579,2014-10-02,10
7.16,1,0.2,-0.0895,2014-10-02,10
375.34,1,0.0,18.767,2014-08-11,8
114.9,5,0.0,39.066,2017-09-01,9
26.046,3,0.8,-44.2782,2017-04-16,4
2.896,1,0.8,-4.7784,2017-04-16,4
32.544,2,0.2,-7.7292,2017-04-16,4
3.984,1,0.2,1.3944,2016-04-24,4
181.797,1,0.3,-15.5826,2016-01-15,1
44.94,3,0.0,12.5832,2016-05-02,5
45.576,3,0.2,15.9516,2016-05-02,5
318.43,5,0.3,-77.333,2016-11-20,11
122.92,7,0.2,46.095,2016-11-20,11
7.068,3,0.6,-2.8272,2016-11-20,11
56.45,5,0.0,14.677,2016-02-01,2
13.468,13,0.8,-22.8956,2017-03-31,3
219.8,5,0.2,24.7275,2017-12-01,12
317.058,3,0.3,-18.1176,2017-12-01,12
49.08,3,0.0,4.908,2017-12-10,12
324.9,5,0.0,38.988,2017-12-10,12
18.24,3,0.0,5.2896,2017-12-10,12
113.888,2,0.2,9.9652,2016-09-17,9
105.584,2,0.2,7.9188,2016-09-17,9
24.85,7,0.0,11.6795,2016-12-23,12
60.312,3,0.2,5.2773,2017-04-17,4
7.056,3,0.2,2.205,2017-10-27,10
27.184,2,0.2,2.0388,2017-10-27,10
107.984,1,0.2,9.4486,2016-07-08,7
19.296,3,0.2,6.03,2016-07-08,7
4.608,2,0.2,1.6704,2015-08-09,8
79.974,3,0.4,-29.3238,2016-12-09,12
2.946,2,0.7,-2.0622,2016-12-09,12
3.136,2,0.8,-4.704,2016-11-13,11
20.736,4,0.2,7.2576,2014-11-14,11
99.98,2,0.0,7.9984,2014-11-17,11
733.95,7,0.0,352.296,2014-11-17,11
241.44,3,0.0,72.432,2014-11-17,11
10.08,4,0.2,3.528,2016-03-04,3
281.904,2,0.2,10.5714,2014-10-11,10
201.432,3,0.2,67.9833,2014-10-11,10
135.98,2,0.0,33.995,2014-05-22,5
44.95,1,0.0,12.586,2014-05-22,5
2.97,3,0.0,1.3068,2014-07-15,7
6.54,3,0.0,2.6814,2014-07-15,7
7.92,8,0.0,3.4848,2015-12-27,12
203.92,5,0.2,22.941,2015-02-09,2
3359.952,6,0.2,1049.985,2017-05-08,5
18.24,3,0.0,9.12,2017-11-02,11
27.78,6,0.0,9.1674,2017-11-02,11
22.96,7,0.0,7.5768,2014-04-05,4
28.99,1,0.0,8.4071,2014-04-05,4
12.96,2,0.0,6.3504,2014-04-05,4
22.96,7,0.0,6.6584,2014-04-05,4
4164.05,5,0.0,83.281,2014-04-05,4
47.984,2,0.2,13.1956,2014-09-17,9
4.624,1,0.2,1.6762,2014-09-17,9
15.24,3,0.0,5.1816,2014-09-30,9
63.924,7,0.7,-46.8776,2014-09-12,9
6.56,2,0.0,1.9024,2017-02-20,2
13.11,3,0.0,3.4086,2017-02-20,2
494.376,3,0.2,49.4376,2015-12-13,12
29.2,5,0.2,9.855,2015-12-13,12
248.85,5,0.0,27.3735,2015-12-13,12
36.24,1,0.0,15.2208,2015-12-13,12
11.68,2,0.0,3.504,2016-10-30,10
11.91,3,0.0,0.1191,2014-12-26,12
3.48,2,0.0,1.1136,2014-12-26,12
30.96,8,0.8,-52.632,2014-08-15,8
1704.89,11,0.0,767.2005,2017-10-01,10
19.194,7,0.7,-12.796,2015-05-23,5
121.792,4,0.2,13.7016,2015-05-23,5
1919.976,3,0.2,215.9973,2017-11-16,11
50.997,1,0.7,-40.7976,2014-11-18,11
76.792,1,0.2,-16.3183,2014-11-18,11
539.964,6,0.4,-107.9928,2014-11-18,11
60.312,3,0.2,5.2773,2014-11-18,11
1.944,3,0.7,-1.4256,2014-11-18,11
12.984,3,0.2,4.7067,2014-12-30,12
217.584,2,0.2,19.0386,2014-12-30,12
328.776,3,0.2,28.7679,2014-12-30,12
2.286,3,0.8,-3.6576,2014-12-30,12
47.984,2,0.2,14.3952,2014-12-30,12
25.344,6,0.2,8.8704,2015-11-05,11
232.4,5,0.2,78.435,2016-09-17,9
86.45,7,0.0,38.038,2016-03-20,3
603.92,5,0.2,45.294,2014-09-27,9
81.98,2,0.0,40.1702,2014-09-27,9
271.764,2,0.1,48.3136,2017-12-24,12
14.376,3,0.2,4.8519,2017-12-24,12
341.96,5,0.6,-427.45,2017-11-10,11
181.35,9,0.0,48.9645,2015-09-11,9
8.64,3,0.0,4.2336,2015-09-11,9
43.512,7,0.2,3.8073,2014-12-20,12
662.88,3,0.2,74.574,2014-12-20,12
25.92,5,0.2,9.072,2014-12-20,12
68.94,3,0.0,20.682,2015-07-23,7
128.82,3,0.0,50.2398,2015-07-23,7
896.99,5,0.8,-1480.0335,2014-11-11,11
1.234,1,0.8,-1.9744,2014-11-11,11
67.56,3,0.2,6.756,2014-11-11,11
21.72,5,0.2,7.8735,2014-11-11,11
262.336,8,0.2,95.0968,2014-11-11,11
148.48,2,0.2,16.704,2014-11-11,11
241.176,3,0.2,15.0735,2014-11-11,11
227.976,3,0.2,28.497,2017-12-14,12
52.68,3,0.2,19.755,2017-12-14,12
2.032,1,0.6,-1.3208,2017-12-14,12
17.12,4,0.0,4.9648,2017-08-21,8
431.968,4,0.2,37.7972,2017-08-21,8
129.92,4,0.0,10.3936,2017-08-21,8
568.728,3,0.2,28.4364,2017-08-21,8
117.144,9,0.2,42.4647,2017-08-21,8
203.52,3,0.0,54.9504,2017-08-21,8
51.75,5,0.0,24.84,2017-08-21,8
122.97,3,0.0,60.2553,2016-08-27,8
244.615,1,0.3,20.967,2016-08-27,8
59.97,3,0.0,28.7856,2016-08-27,8
81.54,9,0.0,36.693,2016-08-27,8
11.68,4,0.0,5.256,2016-08-27,8
29.0,5,0.0,13.92,2016-08-27,8
50.8,5,0.0,13.208,2015-08-13,8
16.03,5,0.8,-25.648,2017-11-05,11
15.712,4,0.2,5.6956,2016-08-17,8
89.97,3,0.0,18.8937,2016-12-26,12
435.999,3,0.15,20.5176,2014-09-23,9
83.984,2,0.2,31.494,2014-09-23,9
359.98,2,0.0,93.5948,2014-07-19,7
70.56,1,0.3,-4.032,2014-07-19,7
20.88,2,0.0,9.6048,2014-07-19,7
3.81,1,0.0,1.8288,2014-07-19,7
73.008,9,0.2,26.4654,2017-09-07,9
3.208,2,0.8,-5.2932,2016-05-06,5
26.176,2,0.2,-3.272,2016-05-06,5
30.44,4,0.0,14.3068,2015-06-04,6
35.28,3,0.0,11.9952,2015-06-04,6
19.44,3,0.0,9.3312,2015-12-13,12
37.88,2,0.0,18.94,2015-12-13,12
9.552,3,0.6,-3.8208,2016-07-16,7
290.666,2,0.15,3.4196,2014-01-31,1
10.368,2,0.2,3.6288,2014-07-09,7
14.352,3,0.2,4.485,2014-07-09,7
141.96,2,0.0,41.1684,2015-11-21,11
66.048,4,0.2,23.1168,2015-11-21,11
1287.45,5,0.0,244.6155,2016-03-25,3
25.824,6,0.2,9.0384,2017-09-23,9
160.96,2,0.0,48.288,2017-09-23,9
28.44,3,0.0,11.376,2015-12-04,12
364.41,5,0.1,8.098,2015-12-04,12
39.96,4,0.0,10.3896,2015-12-04,12
361.764,2,0.1,68.3332,2015-12-04,12
111.672,9,0.2,6.9795,2016-11-01,11
13.776,6,0.8,-22.0416,2017-03-17,3
10.272,3,0.2,3.21,2017-03-17,3
24.048,9,0.2,7.2144,2017-11-23,11
2.896,1,0.2,0.9774,2017-08-27,8
17.94,3,0.0,8.7906,2015-12-04,12
384.174,7,0.1,29.8802,2015-12-04,12
1799.75,5,0.0,539.925,2015-12-04,12
580.672,4,0.2,65.3256,2017-10-07,10
18.936,3,0.2,5.9175,2017-10-07,10
222.384,2,0.2,16.6788,2017-10-07,10
50.454,6,0.7,-33.636,2017-10-07,10
154.764,3,0.4,-36.1116,2017-10-07,10
6.848,2,0.2,2.14,2017-03-25,3
1091.168,4,0.2,68.198,2014-08-09,8
219.168,2,0.2,-43.8336,2014-08-09,8
6.928,1,0.8,-11.0848,2014-11-22,11
40.032,6,0.2,15.012,2017-06-10,6
443.92,4,0.0,13.3176,2017-07-01,7
169.99,1,0.0,78.1954,2017-07-01,7
25.92,4,0.0,12.4416,2017-07-01,7
36.99,1,0.0,9.9873,2014-11-21,11
629.1,6,0.0,301.968,2014-11-21,11
193.95,3,0.0,9.6975,2014-11-21,11
5.46,3,0.0,1.4742,2014-11-21,11
22.288,7,0.6,-8.9152,2015-05-04,5
65.424,4,0.6,-52.3392,2017-05-29,5
77.88,2,0.0,3.894,2015-10-17,10
281.372,2,0.3,-12.0588,2014-04-23,4
281.372,2,0.3,-12.0588,2014-04-23,4
7.488,8,0.7,-5.2416,2014-04-23,4
22.336,4,0.2,7.8176,2014-04-23,4
10.368,2,0.2,3.6288,2017-04-30,4
65.79,9,0.0,30.2634,2016-09-20,9
271.984,2,0.2,88.3948,2016-09-20,9
11.76,4,0.0,3.1752,2016-09-20,9
77.52,2,0.0,37.9848,2016-09-20,9
48.64,2,0.2,15.808,2016-09-20,9
1.81,1,0.0,0.6516,2016-09-02,9
8.26,2,0.0,3.8822,2016-09-02,9
43.56,5,0.2,3.267,2015-04-27,4
5.84,2,0.2,0.73,2015-04-27,4
271.764,2,0.1,60.392,2015-09-06,9
262.24,2,0.0,78.672,2016-05-28,5
182.72,8,0.0,84.0512,2016-05-28,5
131.6,7,0.0,7.896,2016-05-28,5
22.72,4,0.2,7.384,2016-05-28,5
558.4,2,0.2,41.88,2016-05-28,5
15.24,4,0.0,6.858,2015-09-24,9
1408.1,10,0.0,394.268,2015-09-24,9
32.896,4,0.2,11.1024,2017-07-03,7
215.148,2,0.4,-103.9882,2017-07-03,7
30.96,6,0.2,11.223,2017-07-03,7
29.79,3,0.0,8.6391,2017-12-08,12
128.9,2,0.0,15.468,2017-12-08,12
60.12,9,0.0,28.8576,2017-12-08,12
24.816,3,0.2,8.3754,2017-12-05,12
14.976,6,0.2,5.4288,2017-12-05,12
15.08,2,0.8,-22.62,2015-09-27,9
24.288,3,0.6,-12.7512,2015-09-27,9
16.192,2,0.6,-8.5008,2017-10-30,10
251.006,2,0.3,-68.1302,2017-10-30,10
54.192,6,0.2,4.0644,2017-10-30,10
4.304,1,0.2,1.5602,2015-11-29,11
108.92,14,0.0,49.014,2014-03-11,3
16.74,3,0.0,8.37,2017-11-19,11
2504.74,7,0.0,626.185,2017-11-19,11
84.784,2,0.2,-16.9568,2016-07-29,7
29.9,5,0.0,5.083,2015-06-12,6
70.88,2,0.0,33.3136,2016-08-06,8
3.76,2,0.0,1.0904,2017-06-11,6
27.264,2,0.2,8.8608,2016-10-07,10
56.65,5,0.0,24.3595,2014-09-08,9
14.97,1,0.0,4.1916,2014-09-08,9
4.02,2,0.0,1.9698,2014-09-08,9
471.92,2,0.2,29.495,2014-03-16,3
58.72,4,0.0,27.0112,2015-03-01,3
5.16,3,0.2,0.8385,2015-07-09,7
16.496,2,0.2,5.5674,2016-02-20,2
71.976,3,0.2,19.7934,2017-09-16,9
22.512,3,0.2,2.2512,2017-09-16,9
3.444,2,0.7,-2.7552,2017-09-16,9
538.194,2,0.7,-412.6154,2017-09-16,9
47.984,2,0.2,14.3952,2017-09-16,9
492.768,4,0.2,55.4364,2017-11-05,11
286.79,7,0.0,74.5654,2015-02-20,2
5.08,1,0.2,1.651,2016-11-25,11
47.992,1,0.2,7.1988,2017-12-03,12
61.96,2,0.0,16.1096,2015-09-10,9
361.96,2,0.0,83.2508,2015-09-10,9
278.82,9,0.0,125.469,2015-09-10,9
133.38,6,0.0,58.6872,2016-12-14,12
47.952,3,0.2,16.1838,2015-04-06,4
16.74,2,0.0,4.3524,2016-12-01,12
10.848,2,0.2,3.5256,2017-11-12,11
18.544,2,0.2,3.0134,2017-11-12,11
180.98,1,0.0,47.0548,2017-03-03,3
99.98,2,0.0,42.9914,2017-03-03,3
34.95,5,0.0,15.378,2016-11-27,11
152.0,5,0.0,69.92,2016-11-27,11
92.52,9,0.0,18.504,2014-08-31,8
8.56,2,0.0,2.4824,2016-12-08,12
45.36,7,0.0,21.7728,2016-12-08,12
1421.664,6,0.2,-195.4788,2016-12-08,12
8.96,2,0.0,2.7776,2014-04-07,4
579.95,5,0.0,168.1855,2014-08-27,8
29.12,4,0.0,12.5216,2014-08-27,8
1202.94,3,0.0,300.735,2014-08-27,8
7.92,4,0.0,3.564,2016-10-21,10
36.192,1,0.2,2.7144,2016-11-30,11
147.184,2,0.2,-29.4368,2017-09-05,9
408.422,2,0.3,-5.8346,2015-07-02,7
382.116,6,0.3,-92.7996,2015-07-02,7
68.6,5,0.2,6.0025,2015-07-02,7
435.504,3,0.2,48.9942,2015-07-02,7
11.168,2,0.2,3.7692,2015-07-02,7
72.0,4,0.0,12.96,2017-09-24,9
655.9,5,0.0,275.478,2017-09-24,9
603.92,4,0.0,181.176,2017-09-24,9
513.024,2,0.2,12.8256,2016-08-08,8
487.92,6,0.0,136.6176,2016-08-08,8
15.24,5,0.2,5.334,2016-08-08,8
209.97,3,0.0,71.3898,2016-09-29,9
62.94,3,0.0,30.2112,2016-09-29,9
25.92,9,0.0,7.776,2016-09-29,9
10.368,2,0.2,3.6288,2017-04-10,4
95.736,3,0.2,20.3439,2017-04-10,4
900.08,4,0.0,117.0104,2016-12-18,12
201.584,2,0.2,20.1584,2014-06-20,6
3.392,4,0.8,-5.088,2014-06-20,6
193.0656,4,0.32,-19.8744,2014-06-20,6
15.552,3,0.2,5.4432,2014-06-20,6
11.648,2,0.2,4.0768,2014-06-20,6
418.8,2,0.4,-97.72,2014-06-20,6
509.488,7,0.2,-127.372,2014-06-20,6
825.174,9,0.3,-117.882,2017-09-04,9
17.76,3,0.2,5.55,2017-09-04,9
6.912,3,0.2,0.864,2017-09-04,9
66.3,3,0.0,8.619,2016-12-20,12
30.816,9,0.2,9.63,2016-08-09,8
44.784,2,0.2,4.4784,2016-08-09,8
569.536,4,0.2,64.0728,2016-08-09,8
796.425,7,0.5,-525.6405,2015-06-22,6
12.832,2,0.2,4.3308,2015-04-10,4
40.46,7,0.0,19.8254,2016-11-21,11
404.94,3,0.0,109.3338,2016-11-21,11
116.0,8,0.0,29.0,2016-09-05,9
657.552,6,0.2,49.3164,2016-11-24,11
599.97,3,0.0,257.9871,2017-12-10,12
38.97,3,0.0,0.7794,2017-12-10,12
45.84,8,0.0,22.0032,2017-12-10,12
38.24,4,0.2,-9.56,2016-06-24,6
87.168,3,0.2,10.896,2015-09-17,9
21.4,5,0.0,6.206,2016-05-19,5
54.9,5,0.0,15.372,2016-05-28,5
287.968,4,0.2,97.1892,2014-04-18,4
13.12,4,0.0,3.8048,2014-04-18,4
10.75,5,0.0,3.5475,2014-04-18,4
11.62,2,0.0,3.6022,2014-04-18,4
40.74,3,0.0,0.4074,2016-06-17,6
83.25,3,0.0,14.985,2014-05-09,5
9.45,3,0.0,4.536,2014-05-09,5
20.65,5,0.0,9.499,2014-05-09,5
45.36,7,0.0,21.7728,2014-05-09,5
5.352,3,0.2,1.6056,2016-09-18,9
99.372,2,0.3,-7.098,2016-09-18,9
2.672,1,0.2,0.3674,2016-09-18,9
28.672,8,0.2,10.3936,2017-12-23,12
29.312,8,0.8,-74.7456,2017-12-23,12
105.98,7,0.0,4.2392,2017-10-30,10
35.06,2,0.0,10.518,2017-10-30,10
33.94,1,0.0,9.1638,2017-10-30,10
30.0,8,0.0,14.4,2017-10-30,10
45.528,3,0.2,15.9348,2016-03-29,3
844.116,6,0.3,-36.1764,2016-03-29,3
812.736,8,0.2,60.9552,2016-03-29,3
7.476,1,0.7,-5.9808,2017-11-23,11
330.4,2,0.0,85.904,2014-03-23,3
604.752,6,0.2,37.797,2014-03-23,3
45.36,7,0.0,21.7728,2017-12-01,12
10.128,2,0.2,3.6714,2017-12-01,12
21.792,4,0.2,7.6272,2017-11-07,11
439.8,4,0.0,145.134,2017-11-07,11
8.256,4,0.2,0.6192,2017-09-04,9
25.56,5,0.7,-20.448,2017-09-04,9
4.368,2,0.7,-3.0576,2017-09-04,9
11.52,4,0.2,3.744,2017-09-04,9
12.96,2,0.0,6.2208,2016-07-03,7
3.96,2,0.0,0.0792,2016-07-03,7
1577.94,3,0.0,757.4112,2017-09-07,9
15.008,4,0.6,-12.0064,2016-09-09,9
59.98,2,0.0,26.3912,2017-07-03,7
2395.2,6,0.2,209.58,2017-07-03,7
1687.8,4,0.0,742.632,2017-07-03,7
7.992,1,0.2,2.6973,2017-07-03,7
5.184,1,0.2,1.8144,2017-06-29,6
11.68,2,0.0,5.4896,2017-08-07,8
104.8,10,0.0,26.2,2017-08-07,8
14.496,3,0.2,4.8924,2015-03-19,3
4.784,1,0.2,1.5548,2016-06-07,6
4.73,1,0.0,2.3177,2016-06-07,6
7.89,1,0.0,0.3156,2016-07-25,7
65.5,5,0.0,32.095,2016-07-25,7
2430.08,8,0.0,388.8128,2016-07-25,7
104.85,1,0.0,50.328,2017-10-01,10
3.9,2,0.0,1.521,2015-12-10,12
801.96,2,0.0,200.49,2015-12-10,12
191.96,2,0.0,32.6332,2015-12-10,12
2.61,1,0.0,1.2006,2015-12-10,12
5.96,2,0.0,1.6688,2017-09-03,9
1169.694,3,0.4,-253.4337,2017-09-24,9
1665.62,2,0.0,33.3124,2017-12-19,12
2.88,1,0.0,1.4112,2017-11-24,11
1443.96,12,0.0,375.4296,2017-11-24,11
2.92,1,0.2,0.365,2014-12-13,12
465.18,3,0.0,120.9468,2016-12-05,12
22.428,3,0.7,-17.9424,2016-09-11,9
37.52,5,0.2,3.752,2016-09-11,9
2.624,1,0.2,0.4264,2017-12-09,12
15.552,3,0.2,5.4432,2014-09-09,9
64.704,6,0.2,-4.8528,2014-09-09,9
17.472,3,0.2,5.0232,2014-09-09,9
135.516,1,0.4,-31.6204,2014-09-09,9
431.928,9,0.2,64.7892,2017-06-26,6
12.448,2,0.2,3.89,2014-11-17,11
657.93,5,0.3,-93.99,2014-11-17,11
277.4,5,0.0,133.152,2017-08-21,8
25.16,2,0.0,8.5544,2017-08-21,8
91.92,4,0.0,31.2528,2017-08-21,8
29.34,3,0.0,13.4964,2016-03-12,3
139.44,3,0.2,47.061,2014-09-23,9
6.912,3,0.2,2.5056,2014-04-28,4
27.096,3,0.2,2.0322,2014-04-28,4
177.568,2,0.2,-37.7332,2014-04-28,4
58.416,2,0.2,16.7946,2016-11-29,11
16.448,2,0.2,5.5512,2015-12-03,12
36.784,2,0.2,10.5754,2015-12-03,12
718.116,6,0.3,-71.8116,2017-11-19,11
31.776,4,0.2,8.7384,2017-11-19,11
9.555,5,0.7,-7.3255,2016-09-05,9
487.984,2,0.2,152.495,2017-09-04,9
5.56,1,0.2,1.7375,2017-09-04,9
217.85,5,0.0,65.355,2017-09-04,9
40.776,3,0.2,4.5873,2016-09-22,9
63.936,8,0.2,5.5944,2016-09-22,9
142.4,5,0.0,52.688,2014-09-14,9
7.16,2,0.0,3.4368,2014-09-14,9
681.408,12,0.2,42.588,2017-05-19,5
3.52,2,0.0,1.0208,2017-05-19,5
5.58,1,0.0,1.395,2017-05-19,5
36.32,1,0.0,10.896,2017-05-19,5
2060.744,7,0.2,643.9825,2014-08-09,8
52.272,3,0.2,9.801,2017-11-26,11
213.136,7,0.2,23.9778,2017-11-26,11
69.52,2,0.0,19.4656,2017-05-03,5
763.44,8,0.0,45.8064,2017-05-03,5
9.216,4,0.2,3.3408,2016-11-10,11
41.958,7,0.4,-9.7902,2016-11-10,11
89.568,2,0.2,32.4684,2016-11-10,11
22.248,3,0.2,7.5087,2016-11-10,11
334.88,4,0.2,29.302,2016-11-10,11
148.288,7,0.2,29.6576,2016-11-10,11
4.624,1,0.2,1.6762,2016-11-10,11
178.92,7,0.2,-29.0745,2016-11-10,11
69.888,7,0.7,-46.592,2016-11-10,11
487.984,2,0.2,152.495,2014-12-20,12
47.3,2,0.0,12.298,2014-12-20,12
4.13,1,0.0,1.1564,2014-12-20,12
155.12,5,0.2,50.414,2014-12-20,12
6.48,1,0.0,3.1752,2014-07-25,7
15.52,4,0.0,4.5008,2014-07-25,7
2.946,2,0.7,-2.0622,2015-11-22,11
55.104,6,0.2,18.5976,2015-11-22,11
104.88,6,0.0,41.952,2017-12-09,12
34.7,5,0.0,12.492,2017-12-09,12
33.72,4,0.0,15.5112,2017-12-09,12
14.94,3,0.0,7.0218,2017-12-09,12
638.73,9,0.0,166.0698,2017-08-31,8
113.568,2,0.2,-21.294,2017-04-24,4
9.096,1,0.2,1.7055,2017-09-08,9
8.688,3,0.2,2.9322,2015-03-12,3
30.88,4,0.2,3.86,2015-03-12,3
6.408,3,0.2,1.4418,2015-03-12,3
33.8,5,0.2,4.225,2016-07-18,7
377.97,3,0.0,94.4925,2016-06-13,6
258.9,10,0.0,93.204,2017-07-03,7
24.56,2,0.0,11.5432,2017-07-03,7
27.888,7,0.2,9.0636,2014-12-08,12
6.456,4,0.7,-4.5192,2014-12-08,12
52.68,3,0.2,19.755,2014-12-08,12
13.88,5,0.2,-2.6025,2014-12-08,12
103.92,10,0.2,-18.186,2014-12-08,12
11.52,5,0.2,3.744,2014-12-08,12
10.368,2,0.2,3.6288,2014-12-08,12
39.072,3,0.2,2.9304,2014-12-08,12
8.872,1,0.2,3.2161,2016-04-08,4
121.104,6,0.7,-100.92,2016-04-08,4
127.372,2,0.3,-30.9332,2017-11-06,11
47.952,3,0.2,16.1838,2017-11-06,11
44.46,2,0.0,14.6718,2015-12-05,12
15.8,4,0.0,5.056,2015-07-09,7
464.97,3,0.0,209.2365,2015-07-09,7
181.96,2,0.0,20.0156,2015-07-09,7
12.39,3,0.0,5.6994,2015-07-09,7
84.09,3,0.0,42.045,2015-07-09,7
79.36,4,0.0,32.5376,2015-07-09,7
153.36,9,0.0,70.5456,2015-07-09,7
43.68,6,0.0,21.4032,2015-07-09,7
98.21,7,0.0,28.4809,2015-07-09,7
9.84,3,0.0,3.2472,2016-12-13,12
2.694,2,0.7,-2.245,2016-05-20,5
25.344,6,0.2,7.92,2017-06-02,6
43.92,5,0.2,15.921,2017-06-02,6
59.994,2,0.7,-45.9954,2015-10-30,10
439.992,1,0.2,164.997,2015-10-30,10
87.96,5,0.2,30.786,2015-10-30,10
15.488,4,0.2,3.6784,2015-10-30,10
232.96,7,0.0,116.48,2016-10-15,10
66.54,6,0.0,32.6046,2016-10-15,10
43.26,3,0.0,14.2758,2016-10-15,10
141.96,2,0.0,22.7136,2015-11-19,11
79.4,5,0.2,5.955,2014-09-13,9
163.96,4,0.0,70.5028,2017-11-13,11
37.93,1,0.0,6.8274,2017-12-24,12
15.168,2,0.2,3.792,2016-01-09,1
24.78,6,0.0,6.9384,2015-06-13,6
19.14,3,0.0,8.8044,2015-06-13,6
899.97,3,0.0,314.9895,2015-06-13,6
32.4,5,0.0,15.552,2015-06-13,6
23.832,3,0.2,6.5538,2017-03-18,3
6.368,2,0.6,-2.5472,2014-11-23,11
34.176,3,0.8,-87.1488,2014-11-23,11
5.544,7,0.2,1.6632,2014-11-23,11
510.24,3,0.2,6.378,2017-10-15,10
204.95,5,0.0,100.4255,2017-10-15,10
11.54,1,0.0,3.462,2017-04-21,4
162.6,3,0.0,34.146,2017-04-21,4
45.68,2,0.0,21.0128,2014-12-08,12
603.92,5,0.2,45.294,2014-12-08,12
23.55,5,0.0,1.1775,2017-05-29,5
5.04,2,0.0,0.1512,2016-09-19,9
249.95,5,0.0,107.4785,2016-09-19,9
33.4,5,0.0,12.358,2016-09-17,9
18.92,4,0.0,7.3788,2016-12-20,12
15.42,2,0.0,6.939,2016-12-20,12
35.712,8,0.2,2.232,2017-11-22,11
551.985,5,0.7,-459.9875,2014-12-30,12
7.056,3,0.2,2.205,2017-04-03,4
18.72,2,0.2,3.51,2016-12-26,12
360.38,2,0.0,93.6988,2016-06-05,6
11.16,2,0.0,2.79,2016-06-05,6
14.94,3,0.0,6.8724,2016-06-05,6
41.96,2,0.0,7.9724,2015-09-18,9
636.86,7,0.0,0.0,2015-09-18,9
499.99,1,0.0,129.9974,2015-09-18,9
1259.93,7,0.0,327.5818,2015-09-18,9
65.08,4,0.0,31.8892,2015-09-18,9
26.38,1,0.0,12.1348,2017-03-06,3
71.97,3,0.0,16.5531,2017-03-06,3
129.98,2,0.0,62.3904,2016-03-17,3
32.54,2,0.0,15.9446,2016-03-17,3
10.9,1,0.0,3.052,2016-12-09,12
59.98,2,0.0,25.1916,2016-12-09,12
61.929,1,0.1,23.3954,2016-12-09,12
16.52,4,0.0,7.5992,2016-01-15,1
60.12,9,0.0,28.8576,2016-01-15,1
49.536,3,0.2,17.3376,2016-01-15,1
11.85,3,0.0,3.792,2014-10-24,10
118.25,5,0.0,34.2925,2016-09-23,9
368.97,3,0.0,81.1734,2016-09-23,9
198.46,2,0.0,99.23,2017-08-27,8
321.92,4,0.0,96.576,2017-08-27,8
879.984,2,0.2,329.994,2017-08-27,8
28.4,5,0.0,8.236,2017-08-27,8
230.28,3,0.2,23.028,2017-08-27,8
116.28,3,0.0,56.9772,2017-08-27,8
841.568,2,0.2,294.5488,2017-08-27,8
354.9,5,0.0,17.745,2017-08-27,8
42.784,7,0.2,15.5092,2016-03-03,3
563.43,5,0.3,-56.343,2016-03-03,3
111.104,7,0.2,8.3328,2016-02-29,2
11.68,2,0.0,5.4896,2015-09-18,9
16.9,2,0.0,5.07,2015-09-18,9
24.4,2,0.0,10.248,2015-09-18,9
87.6,5,0.0,42.048,2017-05-12,5
241.96,2,0.0,24.196,2016-08-13,8
8.52,3,0.0,4.1748,2016-08-13,8
1.788,3,0.8,-3.0396,2017-02-25,2
99.372,2,0.3,-1.4196,2016-03-21,3
1.344,1,0.2,0.504,2016-03-21,3
119.96,5,0.2,11.996,2015-12-08,12
1013.832,9,0.2,101.3832,2014-12-16,12
1.984,2,0.2,0.6696,2014-12-16,12
2003.52,6,0.2,-325.572,2016-12-17,12
82.368,2,0.2,-19.5624,2016-05-12,5
62.91,3,0.0,22.6476,2014-08-06,8
6.912,3,0.2,2.3328,2014-04-11,4
383.976,3,0.2,81.5949,2014-04-11,4
10.368,2,0.2,3.6288,2014-04-11,4
335.944,7,0.2,41.993,2014-04-11,4
665.88,6,0.0,106.5408,2015-05-03,5
71.976,3,0.2,8.997,2017-11-30,11
37.94,2,0.0,18.2112,2017-02-16,2
273.96,2,0.0,10.9584,2014-11-16,11
269.982,3,0.4,40.4973,2015-07-09,7
8.904,3,0.2,3.339,2017-11-13,11
720.064,4,0.2,-63.0056,2017-11-13,11
41.424,2,0.2,8.2848,2017-07-31,7
3.132,2,0.7,-2.61,2017-12-26,12
1085.42,7,0.0,282.2092,2016-10-31,10
3.912,1,0.2,1.0269,2016-09-04,9
62.376,3,0.2,7.0173,2016-09-04,9
29.05,5,0.0,9.0055,2016-04-17,4
180.96,6,0.2,67.86,2014-07-05,7
4.419,3,0.7,-3.3879,2015-02-27,2
16.032,6,0.2,2.2044,2015-02-27,2
29.79,3,0.0,12.5118,2015-11-27,11
57.23,1,0.0,14.3075,2014-01-27,1
333.0,3,0.2,-16.65,2014-01-27,1
36.44,4,0.0,12.0252,2014-01-27,1
251.64,3,0.2,88.074,2017-09-23,9
523.764,3,0.4,-192.0468,2017-11-04,11
1359.96,5,0.2,118.9965,2017-11-04,11
102.592,1,0.2,10.2592,2016-10-14,10
22.704,1,0.2,5.9598,2016-10-14,10
93.024,3,0.2,33.7212,2016-10-14,10
12.768,2,0.2,1.4364,2016-10-14,10
35.008,4,0.2,13.128,2016-10-14,10
39.152,1,0.2,14.682,2016-10-14,10
11.76,5,0.2,1.323,2015-11-12,11
5.238,2,0.7,-4.0158,2015-11-12,11
4.662,3,0.7,-3.7296,2015-11-12,11
523.92,5,0.2,-72.039,2015-11-12,11
100.792,1,0.2,10.0792,2015-11-12,11
146.136,3,0.2,16.4403,2015-11-12,11
25.06,2,0.0,11.7782,2017-03-05,3
19.824,6,0.2,6.4428,2015-11-05,11
823.96,5,0.2,51.4975,2016-07-08,7
15.984,2,0.2,4.995,2016-07-08,7
801.96,2,0.0,200.49,2015-09-15,9
59.97,3,0.0,0.0,2015-09-15,9
1056.86,7,0.0,306.4894,2015-09-15,9
12.816,3,0.2,4.3254,2017-10-09,10
314.352,3,0.2,-15.7176,2017-10-09,10
18.98,2,0.0,8.9206,2017-10-09,10
18.24,6,0.2,6.156,2017-10-09,10
991.2,6,0.0,257.712,2015-09-14,9
879.984,2,0.2,329.994,2015-09-14,9
12.96,9,0.2,4.536,2015-09-14,9
107.44,10,0.2,10.744,2014-10-07,10
1458.65,5,0.0,423.0085,2017-05-07,5
26.64,1,0.0,7.4592,2017-05-07,5
476.8,2,0.0,119.2,2017-05-07,5
87.444,2,0.1,18.4604,2017-05-07,5
76.14,3,0.0,26.649,2015-11-14,11
19.96,2,0.0,9.3812,2015-11-14,11
1049.97,5,0.4,-209.994,2014-11-24,11
611.058,3,0.3,-34.9176,2014-11-24,11
2.368,2,0.2,0.8288,2014-04-08,4
19.008,3,0.2,6.8904,2014-04-08,4
911.984,2,0.2,113.998,2014-07-26,7
674.352,3,0.2,-109.5822,2014-07-26,7
134.01,9,0.0,36.1827,2014-07-26,7
170.97,3,0.0,70.0977,2014-07-26,7
170.352,3,0.2,10.647,2014-06-08,6
7.184,2,0.2,2.245,2014-10-28,10
6.28,2,0.0,0.0628,2014-10-28,10
480.74,2,0.0,14.4222,2014-10-28,10
616.998,6,0.15,-36.294,2014-10-28,10
141.4,5,0.0,38.178,2014-10-28,10
501.81,3,0.0,0.0,2017-11-25,11
691.96,4,0.0,318.3016,2017-09-22,9
34.95,5,0.0,15.378,2017-09-22,9
85.96,7,0.0,40.4012,2015-12-04,12
85.3,2,0.0,14.501,2015-09-21,9
33.568,8,0.8,-53.7088,2017-11-26,11
4.95,1,0.0,2.178,2017-06-06,6
26.4,5,0.0,0.0,2017-06-06,6
3.564,3,0.8,-6.237,2017-10-23,10
823.96,5,0.2,51.4975,2017-10-23,10
10.272,3,0.2,0.8988,2017-10-23,10
447.944,7,0.2,89.5888,2014-12-20,12
480.96,3,0.5,-269.3376,2017-02-17,2
124.792,1,0.2,10.9193,2017-02-17,2
40.176,3,0.2,14.5638,2014-05-03,5
10.896,3,0.2,3.9498,2014-05-03,5
10.64,4,0.0,2.7664,2017-10-17,10
151.96,5,0.6,-182.352,2015-11-28,11
238.0,2,0.0,38.08,2014-07-27,7
155.34,6,0.0,55.9224,2017-04-23,4
148.32,9,0.0,63.7776,2015-10-23,10
240.784,1,0.2,27.0882,2015-10-23,10
191.968,7,0.2,16.7972,2015-10-23,10
11.56,2,0.0,5.6644,2015-10-23,10
11.8,4,0.0,5.664,2015-10-23,10
842.352,3,0.2,42.1176,2015-10-23,10
23.472,3,0.2,7.6284,2016-09-05,9
86.058,7,0.7,-63.1092,2016-09-05,9
108.784,2,0.2,6.799,2016-09-05,9
10.272,3,0.2,3.21,2016-09-05,9
38.19,5,0.7,-26.733,2016-10-28,10
49.632,4,0.2,3.7224,2014-04-05,4
52.096,4,0.2,3.9072,2014-04-05,4
9.568,2,0.2,2.99,2015-06-15,6
82.368,2,0.2,-19.5624,2015-06-15,6
364.704,6,0.2,-36.4704,2015-06-15,6
40.256,4,0.2,11.0704,2015-06-15,6
4.368,3,0.2,0.3822,2014-07-05,7
12.128,4,0.8,-20.6176,2017-01-29,1
134.85,3,0.0,37.758,2016-03-03,3
8.56,2,0.0,2.6536,2014-06-02,6
239.97,3,0.0,67.1916,2014-06-02,6
356.94,2,0.0,107.082,2014-06-02,6
659.9,2,0.0,217.767,2016-11-24,11
1684.752,6,0.2,210.594,2016-11-24,11
559.92,8,0.0,190.3728,2016-11-24,11
279.944,7,0.2,48.9902,2016-11-10,11
9.98,5,0.8,-16.467,2014-11-22,11
48.9,5,0.0,18.093,2017-05-01,5
3.552,3,0.2,1.2432,2017-12-07,12
15.552,3,0.2,5.4432,2017-12-07,12
2.368,2,0.2,0.8288,2017-11-30,11
127.984,2,0.2,25.5968,2017-12-07,12
10.368,2,0.2,3.6288,2015-01-03,1
47.984,2,0.2,-1.1996,2015-11-14,11
270.34,14,0.0,75.6952,2015-10-02,10
98.112,7,0.2,18.396,2015-04-05,4
563.808,4,0.2,21.1428,2015-04-05,4
10.428,4,0.7,-6.952,2015-04-05,4
547.136,4,0.2,-68.392,2015-04-05,4
14.85,5,0.4,-3.2175,2015-04-05,4
41.988,2,0.4,-9.7972,2015-04-05,4
7.584,1,0.2,2.37,2015-04-05,4
352.45,5,0.5,-211.47,2015-04-05,4
470.376,3,0.2,52.9173,2017-06-05,6
19.44,3,0.0,9.3312,2017-09-18,9
9.82,2,0.0,3.2406,2017-09-18,9
801.6,5,0.5,-448.896,2017-07-18,7
161.568,2,0.2,10.098,2017-07-18,7
16.096,2,0.2,5.2312,2017-07-18,7
7.656,4,0.7,-6.1248,2017-07-18,7
311.976,3,0.2,-42.8967,2017-07-18,7
61.68,4,0.0,16.6536,2015-12-01,12
63.96,4,0.0,30.7008,2015-12-01,12
359.976,3,0.2,35.9976,2016-06-28,6
25.344,6,0.2,7.92,2017-08-28,8
26.72,5,0.2,9.352,2017-08-28,8
30.28,2,0.0,1.2112,2014-09-17,9
57.93,3,0.0,16.2204,2014-09-17,9
35.34,2,0.0,13.4292,2014-09-17,9
137.24,5,0.2,46.3185,2014-09-17,9
241.332,5,0.32,-14.196,2016-03-14,3
5.184,1,0.2,1.8792,2016-03-14,3
145.544,7,0.2,16.3737,2016-03-14,3
5.472,3,0.2,1.6416,2016-08-26,8
47.984,2,0.2,13.1956,2016-08-26,8
9.4,5,0.0,2.726,2017-09-02,9
74.0,5,0.0,37.0,2017-09-02,9
201.584,2,0.2,12.599,2017-09-02,9
28.752,3,0.2,9.3444,2015-06-16,6
27.216,3,0.2,9.8658,2015-06-16,6
197.372,2,0.3,-25.3764,2015-06-16,6
1424.9,5,0.0,356.225,2016-12-10,12
14.56,2,0.0,6.2608,2017-05-18,5
3.048,1,0.2,1.0287,2017-05-18,5
25.92,5,0.2,9.072,2017-05-27,5
835.17,7,0.0,16.7034,2016-06-23,6
17.34,3,0.0,8.4966,2016-05-16,5
44.384,1,0.2,15.5344,2017-11-18,11
2.944,1,0.2,-0.6624,2017-11-18,11
6.368,2,0.2,1.0348,2016-11-18,11
48.848,2,0.2,15.8756,2016-11-18,11
19.648,2,0.2,6.6312,2016-11-18,11
255.108,6,0.3,-18.222,2016-11-18,11
17.248,2,0.2,6.0368,2014-11-28,11
159.984,2,0.2,13.9986,2016-03-01,3
12.7,2,0.0,5.842,2017-01-15,1
5.47,1,0.0,2.3521,2014-04-04,4
79.36,4,0.0,23.808,2014-04-04,4
22.14,3,0.0,6.4206,2016-06-26,6
11.277,3,0.7,-8.6457,2016-05-29,5
4.448,2,0.2,0.3336,2016-05-29,5
44.76,3,0.2,14.547,2016-05-29,5
38.28,6,0.0,17.6088,2015-10-19,10
149.95,5,0.0,44.985,2015-10-19,10
12.84,3,0.0,3.4668,2017-02-19,2
44.67,3,0.0,12.0609,2017-02-19,2
7.872,3,0.2,0.8856,2016-09-22,9
7.872,3,0.2,0.8856,2014-11-12,11
88.04,4,0.0,22.8904,2016-04-01,4
40.635,7,0.7,-32.508,2016-05-20,5
5.728,8,0.8,-9.1648,2015-06-01,6
42.24,10,0.2,13.2,2015-06-01,6
53.82,9,0.0,24.219,2014-11-22,11
79.36,4,0.0,20.6336,2015-02-22,2
13.48,2,0.0,6.74,2016-03-29,3
29.8,5,0.2,9.3125,2016-03-29,3
414.0,8,0.0,124.2,2016-03-29,3
41.328,7,0.2,14.9814,2016-03-29,3
39.92,4,0.0,11.1776,2016-10-22,10
8.94,3,0.0,4.1124,2017-10-02,10
84.784,2,0.2,-20.1362,2017-10-02,10
53.316,2,0.4,-19.5492,2014-12-23,12
56.52,3,0.0,15.8256,2014-12-23,12
22.77,3,0.0,9.7911,2017-12-15,12
287.968,4,0.2,-3.5996,2016-07-07,7
2799.96,5,0.2,944.9865,2016-07-07,7
48.94,1,0.0,24.47,2016-07-07,7
257.499,3,0.15,24.2352,2016-04-17,4
2591.56,4,0.0,621.9744,2017-04-08,4
41.95,5,0.0,10.4875,2017-04-08,4
79.12,5,0.2,13.846,2016-04-17,4
52.96,2,0.0,20.1248,2014-11-25,11
286.344,3,0.2,-64.4274,2014-11-03,11
63.552,3,0.2,14.2992,2015-05-01,5
41.376,3,0.2,4.6548,2015-05-01,5
172.704,6,0.2,10.794,2015-05-01,5
512.94,3,0.0,97.4586,2015-03-08,3
860.93,7,0.0,189.4046,2015-03-08,3
769.95,5,0.0,223.2855,2015-03-08,3
14.98,1,0.0,4.494,2015-03-08,3
373.08,6,0.0,82.0776,2015-03-08,3
231.92,5,0.2,5.798,2015-07-17,7
63.47,11,0.0,19.041,2014-10-11,10
345.0,5,0.0,58.65,2014-10-11,10
637.896,3,0.3,-127.5792,2016-03-03,3
287.91,3,0.4,33.5895,2016-03-03,3
36.6,3,0.2,11.895,2016-03-03,3
1.78,1,0.0,0.4984,2015-12-10,12
25.92,4,0.0,12.4416,2015-12-10,12
101.94,6,0.0,21.4074,2015-12-10,12
6.848,2,0.2,0.5992,2015-12-18,12
474.43,11,0.0,199.2606,2017-01-01,1
8.448,2,0.2,2.64,2017-11-21,11
39.296,4,0.2,3.9296,2017-11-21,11
17.12,4,0.0,4.9648,2015-12-22,12
542.94,3,0.0,152.0232,2015-08-23,8
8.64,3,0.0,4.2336,2015-08-23,8
193.8,5,0.0,94.962,2015-08-23,8
21.4,5,0.0,9.63,2015-08-23,8
97.88,2,0.0,48.94,2015-08-23,8
251.91,9,0.0,47.8629,2015-08-23,8
25.86,3,0.0,6.7236,2015-08-23,8
170.058,3,0.3,-4.8588,2014-06-22,6
82.782,3,0.4,-15.1767,2014-06-22,6
853.93,5,0.3,0.0,2014-06-22,6
556.665,5,0.15,6.549,2017-10-27,10
95.84,4,0.2,34.742,2017-10-27,10
29.664,4,0.2,10.0116,2017-08-11,8
9.184,7,0.2,2.87,2017-08-11,8
153.584,2,0.2,13.4386,2017-08-11,8
12.864,8,0.8,-22.512,2017-08-11,8
479.97,3,0.0,239.985,2017-12-24,12
232.88,4,0.0,60.5488,2017-12-24,12
236.88,6,0.0,66.3264,2016-09-26,9
29.9,5,0.0,14.651,2016-09-26,9
100.0,4,0.0,21.0,2016-09-26,9
18.693,3,0.7,-14.3313,2016-12-12,12
383.952,6,0.2,76.7904,2016-12-12,12
24.816,2,0.2,1.551,2015-12-28,12
24.9,5,0.0,8.217,2014-12-29,12
21.12,4,0.0,9.504,2014-12-29,12
767.952,6,0.2,287.982,2014-12-29,12
14.352,3,0.2,4.6644,2014-12-29,12
191.976,3,0.2,19.1976,2014-12-29,12
274.77,9,0.0,126.3942,2014-12-29,12
70.56,6,0.0,23.9904,2014-12-29,12
204.85,5,0.0,57.358,2015-06-25,6
9.156,3,0.8,-13.734,2015-04-02,4
23.992,2,0.8,-62.3792,2017-10-21,10
80.88,3,0.0,39.6312,2015-07-16,7
599.9,10,0.0,191.968,2015-07-16,7
276.69,3,0.0,49.8042,2017-06-24,6
172.764,2,0.1,32.6332,2017-06-24,6
4.224,3,0.2,1.4784,2014-09-29,9
409.272,2,0.4,-81.8544,2014-09-29,9
55.44,11,0.2,18.018,2014-09-29,9
20.928,4,0.2,6.8016,2014-09-29,9
1801.632,6,0.2,-337.806,2014-09-29,9
67.176,1,0.4,-20.1528,2014-09-29,9
646.2,5,0.2,-8.0775,2014-11-24,11
72.744,7,0.2,-15.4581,2015-11-20,11
572.16,3,0.2,35.76,2015-11-20,11
68.112,3,0.2,17.8794,2016-11-01,11
25.032,3,0.2,7.8225,2015-09-17,9
39.992,1,0.2,7.4985,2016-03-10,3
20.016,9,0.2,1.7514,2014-06-23,6
3.104,1,0.2,0.3492,2014-06-23,6
7.52,5,0.2,1.41,2014-11-01,11
10.272,3,0.2,0.8988,2014-11-01,11
47.808,12,0.2,15.5376,2014-11-01,11
978.84,9,0.2,110.1195,2014-11-01,11
13.14,9,0.8,-21.681,2016-08-28,8
10.024,4,0.8,-16.5396,2016-08-28,8
156.3728,2,0.32,-52.8908,2016-08-28,8
999.98,2,0.0,449.991,2015-12-06,12
821.94,6,0.0,213.7044,2015-09-24,9
220.064,4,0.2,55.016,2017-11-15,11
339.136,4,0.2,0.0,2017-11-15,11
7.04,2,0.0,3.3088,2015-12-19,12
5.04,4,0.0,0.2016,2015-12-19,12
116.28,3,0.0,56.9772,2015-12-19,12
47.976,3,0.2,4.7976,2015-12-21,12
60.048,9,0.2,22.518,2016-09-25,9
5.022,1,0.7,-3.5154,2016-09-25,9
182.994,3,0.8,-320.2395,2017-06-24,6
10.272,3,0.2,3.21,2017-06-24,6
7.857,3,0.7,-6.0237,2017-09-07,9
302.384,2,0.2,30.2384,2016-08-04,8
20.952,3,0.2,7.0713,2016-08-04,8
11.784,3,0.2,3.9771,2016-08-04,8
638.82,9,0.0,172.4814,2014-08-19,8
20.7,2,0.0,9.936,2016-04-01,4
10.95,3,0.0,3.285,2016-04-01,4
14.352,3,0.2,4.6644,2016-04-01,4
221.024,2,0.2,-55.256,2017-05-16,5
3080.0,7,0.0,1416.8,2015-08-24,8
79.96,4,0.0,18.3908,2015-08-24,8
587.97,3,0.0,170.5113,2015-08-24,8
32.4,5,0.0,15.552,2014-09-23,9
404.9,5,0.0,16.196,2014-09-23,9
9449.95,5,0.0,4630.4755,2014-09-23,9
12.94,2,0.0,6.47,2014-09-23,9
2.264,1,0.8,-5.2072,2017-06-19,6
0.444,1,0.8,-1.11,2017-06-19,6
146.176,8,0.2,47.5072,2017-06-19,6
15.92,2,0.0,7.0048,2017-12-21,12
159.96,5,0.2,17.9955,2017-08-07,8
13.76,2,0.2,4.644,2017-08-07,8
4.312,2,0.8,-6.8992,2016-08-22,8
13.96,2,0.0,0.2792,2015-09-07,9
27.414,3,0.4,-14.1639,2015-09-07,9
73.98,2,0.0,19.9746,2015-12-25,12
160.98,1,0.0,20.9274,2015-12-25,12
17.34,3,0.0,8.4966,2015-12-25,12
3.28,1,0.0,0.9512,2015-12-25,12
8.856,3,0.2,2.9889,2015-05-02,5
158.376,3,0.2,13.8579,2015-05-02,5
1219.96,5,0.2,381.2375,2016-11-24,11
3.168,2,0.2,0.99,2015-11-24,11
19.44,3,0.0,9.3312,2015-11-24,11
454.86,7,0.0,54.5832,2015-11-24,11
91.392,8,0.2,29.7024,2015-11-24,11
19.04,4,0.2,-1.428,2017-09-04,9
37.44,6,0.0,16.848,2017-05-11,5
37.59,3,0.0,17.6673,2017-05-11,5
26.032,2,0.2,9.4366,2017-05-11,5
35.91,3,0.0,9.6957,2014-05-11,5
91.032,3,0.2,-2.2758,2017-07-27,7
54.66,6,0.0,18.0378,2017-05-06,5
67.344,6,0.2,7.5762,2014-09-19,9
2624.985,3,0.5,-944.9946,2014-09-19,9
73.28,4,0.0,21.2512,2015-03-29,3
14.48,5,0.8,-23.892,2014-11-18,11
11.952,3,0.2,4.0338,2015-07-02,7
15.552,3,0.2,5.6376,2015-07-02,7
45.0,9,0.0,21.6,2014-09-08,9
209.97,3,0.0,90.2871,2014-09-08,9
112.12,5,0.2,42.045,2017-10-02,10
1575.14,7,0.0,204.7682,2017-10-02,10
25.06,7,0.0,12.53,2017-11-19,11
6.924,6,0.8,-10.386,2016-12-30,12
37.392,3,0.2,2.337,2017-12-01,12
79.12,5,0.2,13.846,2017-12-01,12
18.9,3,0.0,8.694,2016-06-13,6
57.42,9,0.0,26.4132,2014-05-19,5
12.74,7,0.0,5.733,2017-01-30,1
8.82,3,0.0,2.3814,2017-01-30,1
120.784,1,0.2,-13.5882,2017-01-30,1
322.59,3,0.0,64.518,2015-11-28,11
9.762,3,0.8,-15.1311,2017-10-23,10
13.72,1,0.2,1.2005,2017-10-23,10
55.2,1,0.2,-2.07,2017-10-23,10
259.136,4,0.2,-58.3056,2017-10-23,10
29.24,5,0.2,9.8685,2017-09-07,9
15.552,3,0.2,5.4432,2017-09-07,9
4.896,3,0.2,1.6524,2017-09-07,9
38.088,4,0.7,-27.9312,2016-12-29,12
2.808,3,0.7,-1.9656,2016-12-29,12
47.984,2,0.2,0.5998,2015-12-05,12
26.064,6,0.7,-19.9824,2015-12-05,12
15.696,3,0.2,5.1012,2014-11-01,11
12.84,3,0.0,3.7236,2016-04-16,4
539.97,3,0.0,134.9925,2017-05-14,5
22.58,2,0.0,5.8708,2017-05-14,5
16.52,4,0.0,7.5992,2015-03-14,3
671.94,3,0.0,315.8118,2015-03-14,3
169.064,7,0.2,-14.7931,2017-01-14,1
168.624,9,0.2,14.7546,2017-01-14,1
19.44,3,0.0,9.3312,2015-03-08,3
31.92,4,0.0,8.2992,2014-10-11,10
433.568,2,0.2,-65.0352,2014-10-11,10
31.104,6,0.2,10.8864,2015-04-13,4
54.816,3,0.2,17.8152,2015-04-13,4
48.86,7,0.0,0.9772,2017-11-16,11
14.2,2,0.0,6.532,2016-07-01,7
12.96,2,0.0,6.2208,2016-07-01,7
58.34,2,0.0,28.0032,2016-07-01,7
56.3,2,0.0,15.764,2015-11-29,11
629.95,5,0.0,163.787,2014-04-07,4
122.97,3,0.0,60.2553,2014-04-07,4
46.35,5,0.0,21.7845,2016-06-16,6
14.976,9,0.2,5.4288,2017-03-06,3
4.24,5,0.8,-6.36,2017-10-07,10
319.96,4,0.0,115.1856,2017-10-06,10
17.04,3,0.0,7.668,2017-10-06,10
344.91,3,0.0,10.3473,2017-10-06,10
81.94,1,0.0,20.485,2016-12-05,12
98.16,6,0.0,9.816,2016-10-21,10
6.874,7,0.8,-10.6547,2017-05-18,5
1.996,1,0.8,-3.2934,2017-05-18,5
8.928,2,0.2,0.6696,2017-05-18,5
9.99,1,0.0,4.4955,2016-09-26,9
10499.97,3,0.0,5039.9856,2017-11-17,11
21.12,5,0.2,6.6,2015-07-08,7
696.42,2,0.0,160.1766,2015-11-16,11
304.776,3,0.2,22.8582,2015-11-16,11
51.98,2,0.0,15.0742,2015-06-18,6
24.7,5,0.0,10.374,2016-04-08,4
21.93,3,0.0,10.3071,2015-04-18,4
394.816,4,0.2,93.7688,2016-12-03,12
18.192,4,0.7,-14.5536,2016-12-03,12
7.31,1,0.0,3.4357,2015-12-10,12
799.984,2,0.2,249.995,2015-12-10,12
41.28,6,0.0,18.9888,2015-12-10,12
184.66,7,0.0,84.9436,2015-12-10,12
49.25,5,0.0,18.715,2014-10-31,10
10.16,2,0.0,4.7752,2014-10-31,10
14.76,2,0.0,4.2804,2014-10-31,10
34.08,2,0.0,15.6768,2014-10-31,10
17.67,3,0.0,7.7748,2014-10-31,10
1604.9,5,0.0,481.47,2014-10-31,10
385.686,1,0.3,-60.6078,2014-10-31,10
15.984,2,0.2,4.995,2017-12-09,12
9.42,3,0.0,4.239,2014-05-05,5
6.56,2,0.0,1.9024,2014-05-05,5
24.56,2,0.0,11.5432,2014-05-05,5
128.4,3,0.0,64.2,2016-03-04,3
62.28,4,0.0,29.2716,2014-11-30,11
9.24,3,0.0,4.4352,2015-02-18,2
482.664,8,0.15,85.176,2017-04-01,4
4799.984,2,0.2,359.9988,2017-04-01,4
37.94,2,0.0,18.2112,2017-06-11,6
18.288,6,0.2,6.6294,2017-06-11,6
385.8,5,0.2,130.2075,2017-06-11,6
102.96,2,0.0,1.0296,2017-06-11,6
174.42,3,0.0,41.8608,2017-06-11,6
1.964,2,0.8,-3.2406,2016-09-30,9
94.428,3,0.6,-42.4926,2014-12-13,12
45.92,4,0.0,21.5824,2017-11-11,11
61.584,1,0.2,-6.9282,2015-01-05,1
22.48,1,0.0,10.3408,2016-03-24,3
332.028,9,0.6,-348.6294,2017-07-05,7
11.394,9,0.8,-17.6607,2017-07-05,7
15.552,3,0.2,5.6376,2017-07-05,7
31.104,6,0.2,11.2752,2017-07-05,7
6.316,1,0.8,-10.4214,2017-07-05,7
11.352,3,0.2,4.1151,2014-09-21,9
20.808,9,0.2,7.0227,2014-09-21,9
11.416,4,0.8,-18.8364,2016-07-23,7
9.408,7,0.2,0.7056,2017-08-29,8
19.83,1,0.0,5.949,2017-03-26,3
209.7,2,0.0,100.656,2017-12-29,12
43.92,4,0.0,11.8584,2014-09-20,9
20.232,3,0.2,6.5754,2014-09-20,9
149.97,3,0.0,5.9988,2016-04-04,4
27.81,3,0.0,13.0707,2016-04-04,4
66.3,3,0.0,8.619,2014-03-26,3
1.64,1,0.0,0.738,2017-11-28,11
1049.2,5,0.0,272.792,2017-11-28,11
20.9,5,0.0,7.524,2017-11-28,11
88.08,6,0.0,40.5168,2016-12-01,12
751.92,4,0.0,150.384,2016-12-01,12
887.103,7,0.1,177.4206,2014-09-19,9
55.944,7,0.2,-13.2867,2015-10-23,10
10.688,2,0.2,2.2712,2015-10-23,10
11.824,2,0.2,1.0346,2015-10-23,10
63.312,3,0.2,20.5764,2017-10-13,10
96.784,4,0.8,-145.176,2017-10-13,10
10.476,3,0.6,-6.8094,2017-10-13,10
9.762,2,0.7,-6.8334,2015-09-04,9
196.784,2,0.2,-22.1382,2016-03-14,3
47.98,2,0.0,23.99,2017-10-28,10
13.05,5,0.0,6.003,2017-10-15,10
63.96,4,0.0,19.8276,2017-08-07,8
80.48,1,0.0,24.144,2017-09-21,9
11.673,3,0.7,-7.782,2017-11-03,11
863.128,8,0.3,-160.2952,2016-11-05,11
3.564,3,0.8,-6.237,2016-11-05,11
956.6648,7,0.32,-225.0976,2016-11-05,11
12.588,3,0.8,-20.1408,2016-11-05,11
171.96,5,0.2,45.1395,2016-11-05,11
871.4,4,0.0,148.138,2017-06-25,6
692.472,11,0.2,190.4298,2015-11-26,11
207.76,4,0.0,85.1816,2016-11-24,11
71.928,9,0.2,6.2937,2017-07-21,7
25.99,1,0.0,7.5371,2017-07-21,7
3.592,1,0.2,1.1225,2015-10-23,10
48.632,2,0.8,-121.58,2015-07-09,7
323.1,2,0.0,61.389,2017-08-18,8
9099.93,7,0.0,2365.9818,2016-04-16,4
9.96,2,0.0,3.2868,2016-04-16,4
25.3,5,0.0,11.891,2016-04-16,4
11.36,2,0.0,5.2256,2014-11-14,11
69.264,2,0.1,14.6224,2014-11-14,11
3.69,1,0.0,1.7343,2014-12-20,12
1103.97,3,0.0,496.7865,2014-12-20,12
246.1328,2,0.32,-76.0116,2015-11-21,11
11.696,2,0.2,3.9474,2015-11-21,11
439.992,1,0.2,164.997,2015-11-21,11
64.784,1,0.2,-12.9568,2017-12-28,12
33.28,5,0.8,-49.92,2015-05-17,5
14.088,3,0.2,4.9308,2015-05-17,5
11.16,2,0.0,2.79,2017-12-09,12
896.328,9,0.2,22.4082,2017-12-09,12
189.0,1,0.0,68.04,2017-12-09,12
53.982,3,0.4,-10.7964,2017-03-10,3
177.225,5,0.5,-120.513,2017-10-22,10
129.39,3,0.0,54.3438,2017-07-03,7
54.32,4,0.0,0.5432,2017-09-04,9
4367.896,13,0.2,327.5922,2017-08-23,8
49.568,2,0.2,15.49,2017-08-23,8
161.376,6,0.2,12.1032,2017-08-23,8
2.784,2,0.2,0.4176,2017-08-23,8
8.72,5,0.2,2.943,2017-08-23,8
3.912,1,0.2,1.0269,2014-08-22,8
59.752,7,0.2,19.4194,2016-10-04,10
63.92,4,0.0,3.196,2014-10-26,10
383.96,5,0.2,38.396,2014-10-26,10
7.752,3,0.2,2.8101,2016-06-28,6
33.568,2,0.2,11.7488,2016-06-28,6
666.344,7,0.2,66.6344,2014-11-04,11
573.728,4,0.2,-64.5444,2014-11-04,11
21.936,3,0.2,8.226,2014-11-04,11
19.44,3,0.0,9.3312,2014-11-04,11
447.968,4,0.2,139.99,2014-11-04,11
16.78,2,0.0,4.195,2014-09-08,9
20.96,2,0.0,5.24,2015-06-25,6
88.752,3,0.2,27.735,2015-06-25,6
304.23,3,0.0,9.1269,2015-06-25,6
167.86,2,0.0,78.8942,2015-07-26,7
82.38,6,0.0,25.5378,2017-12-07,12
23.976,3,0.2,-5.6943,2014-12-29,12
33.29,1,0.0,7.9896,2014-12-29,12
14.952,2,0.7,-11.9616,2015-02-14,2
323.982,3,0.4,-80.9955,2015-02-14,2
2.286,2,0.7,-1.6764,2015-02-14,2
14.352,3,0.2,0.897,2015-02-14,2
71.976,3,0.2,0.8997,2015-02-14,2
9.21,3,0.0,2.3025,2016-01-25,1
18.0,5,0.0,8.28,2016-01-25,1
42.93,9,0.0,19.3185,2017-04-01,4
15.552,3,0.2,5.4432,2017-10-03,10
17.92,5,0.2,1.12,2017-10-03,10
19.99,1,0.0,6.7966,2017-09-01,9
22.92,5,0.2,8.022,2017-09-01,9
50.88,6,0.2,14.628,2015-12-21,12
27.312,2,0.2,9.2178,2015-12-21,12
7.92,1,0.2,2.772,2015-12-20,12
14.368,2,0.2,3.9512,2015-12-20,12
107.97,3,0.0,22.6737,2015-11-27,11
113.82,3,0.0,53.4954,2015-11-27,11
5.184,1,0.2,1.8144,2017-08-27,8
16.28,2,0.0,6.512,2014-03-22,3
544.38,3,0.0,157.8702,2017-12-17,12
19.824,6,0.2,6.6906,2017-03-19,3
657.504,6,0.2,-131.5008,2017-03-19,3
99.54,2,0.0,10.9494,2017-03-19,3
199.96,4,0.0,85.9828,2017-03-19,3
631.782,2,0.1,140.396,2016-09-18,9
60.72,3,0.0,26.1096,2016-09-18,9
20.724,2,0.7,-15.1976,2017-11-24,11
415.872,8,0.2,-41.5872,2017-11-24,11
16.768,2,0.2,1.4672,2017-04-11,4
27.12,2,0.2,-4.746,2017-04-11,4
95.84,4,0.2,34.742,2017-12-10,12
12.96,2,0.0,6.2208,2017-12-10,12
19.008,8,0.7,-12.672,2017-11-24,11
1598.058,7,0.7,-1065.372,2015-12-04,12
36.96,4,0.2,12.012,2015-12-04,12
10.368,2,0.2,3.6288,2017-12-11,12
77.72,1,0.6,-66.062,2017-12-11,12
520.464,2,0.3,-14.8704,2017-12-11,12
111.96,2,0.0,54.8604,2016-05-21,5
29.16,3,0.0,8.4564,2017-02-17,2
131.94,3,0.0,35.6238,2017-05-20,5
25.92,4,0.0,8.2944,2017-05-20,5
704.76,4,0.0,162.0948,2017-05-20,5
7.41,3,0.0,3.4827,2017-05-20,5
21.5,10,0.0,7.095,2017-05-20,5
10.528,4,0.2,3.29,2017-09-11,9
20.544,6,0.2,6.42,2017-09-11,9
104.9,5,0.0,50.352,2016-11-05,11
39.68,2,0.0,16.2688,2016-11-05,11
51.75,5,0.0,24.84,2016-11-05,11
11.68,2,0.0,5.4896,2017-07-23,7
159.75,5,0.0,11.1825,2017-07-23,7
103.968,6,0.2,16.8948,2016-11-18,11
303.25,5,0.0,63.6825,2014-04-25,4
270.72,3,0.0,78.5088,2014-04-25,4
1487.04,5,0.2,148.704,2014-04-25,4
17.48,2,0.0,8.2156,2015-11-30,11
71.88,2,0.0,32.346,2015-11-30,11
60.45,3,0.0,16.3215,2015-10-25,10
253.176,3,0.2,-31.647,2015-10-25,10
2.88,5,0.8,-4.464,2015-07-20,7
384.944,4,0.3,-126.4816,2015-07-20,7
153.584,2,0.2,13.4386,2015-07-20,7
913.43,5,0.3,-52.196,2015-07-20,7
43.92,4,0.0,11.8584,2016-10-27,10
25.032,3,0.2,7.8225,2016-10-27,10
46.76,7,0.0,22.4448,2017-11-20,11
183.968,2,0.2,-25.2956,2017-11-20,11
1259.97,3,0.0,327.5922,2017-11-20,11
68.97,3,0.0,19.3116,2017-11-20,11
70.368,2,0.2,6.1572,2016-09-08,9
59.96,5,0.2,21.7355,2016-09-08,9
25.984,1,0.2,-5.1968,2014-07-20,7
27.36,3,0.7,-21.888,2014-07-20,7
361.376,2,0.2,27.1032,2016-11-15,11
172.186,2,0.3,-46.7362,2014-07-07,7
69.008,2,0.2,12.0764,2014-07-07,7
199.9,5,0.0,89.955,2016-03-17,3
901.95,3,0.0,297.6435,2016-03-17,3
971.5,5,0.0,252.59,2016-03-17,3
11.328,2,0.2,2.5488,2016-12-26,12
21.24,3,0.0,8.0712,2014-09-02,9
34.8,3,0.2,2.175,2015-07-05,7
38.976,3,0.2,-2.436,2015-07-05,7
9.08,2,0.0,4.086,2016-11-20,11
314.55,3,0.0,150.984,2016-11-20,11
4.91,1,0.0,2.3077,2016-11-20,11
5.78,2,0.0,2.7166,2014-05-06,5
107.94,6,0.0,30.2232,2014-05-06,5
19.65,3,0.0,9.039,2014-06-21,6
617.97,3,0.0,160.6722,2014-06-21,6
59.7,3,0.0,26.865,2014-06-21,6
387.99,1,0.0,182.3553,2017-08-19,8
575.92,2,0.2,71.99,2014-11-29,11
30.4,5,0.0,15.2,2014-11-29,11
478.24,8,0.0,219.9904,2017-04-09,4
190.848,3,0.2,-21.4704,2014-12-20,12
5.484,4,0.7,-4.0216,2014-12-17,12
40.92,5,0.2,3.069,2015-11-17,11
15.552,3,0.2,2.3328,2014-03-04,3
17.24,2,0.0,4.4824,2017-05-18,5
302.94,3,0.0,75.735,2017-05-18,5
34.75,5,0.0,15.6375,2017-05-18,5
113.94,6,0.0,54.6912,2017-05-18,5
55.98,2,0.0,15.6744,2017-05-18,5
27.18,3,0.0,12.231,2017-09-22,9
1805.88,6,0.0,523.7052,2017-03-21,3
70.95,3,0.0,18.447,2017-09-14,9
20.0,4,0.0,9.6,2016-11-03,11
7.98,3,0.0,2.0748,2016-11-03,11
24.1,5,0.0,9.158,2016-11-03,11
8.75,1,0.0,2.625,2016-11-03,11
842.94,3,0.0,160.1586,2016-11-03,11
2.182,1,0.8,-3.6003,2016-05-03,5
27.384,7,0.2,2.7384,2016-05-03,5
26.406,3,0.8,-71.2962,2016-05-03,5
10.368,2,0.2,3.6288,2016-12-27,12
23.68,4,0.2,7.4,2016-12-27,12
109.95,1,0.0,36.2835,2016-07-22,7
965.85,5,0.0,135.219,2016-07-22,7
29.2,5,0.0,10.512,2016-07-22,7
32.4,5,0.0,15.552,2016-07-22,7
78.35,5,0.0,36.8245,2014-11-16,11
31.68,6,0.0,14.256,2014-11-16,11
29.12,4,0.0,14.2688,2014-11-16,11
169.45,5,0.0,42.3625,2014-11-16,11
12.56,2,0.0,4.0192,2015-06-19,6
6.48,1,0.0,3.1104,2015-06-19,6
186.69,3,0.0,87.7443,2015-06-19,6
25.4,5,0.0,8.636,2016-07-04,7
43.96,2,0.0,20.6612,2016-07-04,7
1279.165,5,0.15,225.735,2016-07-04,7
27.92,4,0.0,0.5584,2016-07-04,7
129.568,2,0.2,-12.9568,2015-09-03,9
6.368,2,0.2,2.1492,2015-09-03,9
244.55,5,0.0,114.9385,2017-08-07,8
1332.496,2,0.2,-299.8116,2017-03-13,3
32.776,1,0.2,3.2776,2017-09-28,9
147.184,2,0.2,-29.4368,2017-09-28,9
54.384,2,0.2,1.3596,2017-09-28,9
76.776,4,0.7,-58.8616,2017-09-28,9
14.352,3,0.2,5.2026,2017-09-28,9
209.792,2,0.2,26.224,2017-09-28,9
3.304,1,0.2,1.1151,2015-08-07,8
16.38,9,0.0,7.371,2017-11-24,11
167.96,2,0.0,78.9412,2017-11-24,11
321.568,2,0.2,-16.0784,2017-11-24,11
12.96,2,0.0,6.2208,2017-11-24,11
128.058,3,0.3,-23.7822,2017-05-08,5
63.686,1,0.3,-15.4666,2017-09-29,9
239.976,3,0.2,65.9934,2017-09-29,9
344.22,2,0.4,-189.321,2017-09-29,9
15.552,3,0.2,5.4432,2017-09-29,9
21.248,4,0.2,7.4368,2017-09-29,9
8.448,2,0.2,2.64,2017-09-29,9
333.09,3,0.0,23.3163,2017-10-22,10
248.98,2,0.0,54.7756,2017-10-22,10
24.9,5,0.0,11.703,2014-03-24,3
15.26,7,0.0,5.0358,2016-11-03,11
43.32,2,0.0,14.2956,2016-11-03,11
43.584,12,0.2,15.7992,2016-11-03,11
116.28,3,0.0,56.9772,2016-11-03,11
9.296,2,0.2,3.0212,2016-11-03,11
19.44,3,0.0,9.3312,2016-11-03,11
314.55,3,0.0,150.984,2016-11-03,11
16.27,5,0.8,-25.2185,2015-09-05,9
69.12,9,0.2,-14.688,2015-09-05,9
4.47,3,0.8,-7.8225,2015-09-05,9
418.296,3,0.2,5.2287,2017-08-14,8
659.988,2,0.4,109.998,2014-12-01,12
8.128,2,0.2,1.4224,2014-12-01,12
36.288,7,0.2,12.7008,2014-12-01,12
909.72,6,0.3,-51.984,2014-12-01,12
917.9235,9,0.15,75.5937,2017-06-18,6
38.88,6,0.0,19.0512,2017-06-18,6
631.176,4,0.7,-462.8624,2017-12-02,12
12.96,2,0.0,6.2208,2014-11-21,11
12.96,2,0.0,6.2208,2016-04-10,4
23.2,5,0.2,8.12,2016-04-10,4
25.92,5,0.2,9.072,2014-06-30,6
21.312,6,0.2,7.1928,2014-06-30,6
173.656,7,0.2,17.3656,2014-12-24,12
361.96,2,0.0,101.3488,2014-12-24,12
62.85,3,0.0,13.1985,2014-12-24,12
818.376,3,0.2,51.1485,2014-12-24,12
20.34,1,0.0,0.2034,2014-12-24,12
23.99,1,0.0,5.5177,2014-12-24,12
171.288,3,0.2,-6.4233,2017-05-23,5
37.3,2,0.0,17.158,2016-11-10,11
81.96,2,0.0,39.3408,2016-11-10,11
54.792,6,0.7,-40.1808,2016-10-02,10
10.784,1,0.2,0.8088,2016-09-06,9
290.98,1,0.0,75.6548,2016-10-27,10
36.44,4,0.0,12.0252,2017-10-22,10
21.4,5,0.0,10.058,2016-09-15,9
48.664,7,0.2,15.8158,2016-09-15,9
16.56,4,0.0,6.9552,2016-09-25,9
1347.52,8,0.2,84.22,2017-06-10,6
62.31,3,0.0,22.4316,2014-02-20,2
20.32,4,0.0,6.9088,2014-02-20,2
9.432,3,0.2,3.0654,2017-02-20,2
34.86,7,0.0,16.0356,2014-11-02,11
89.34,6,0.0,24.1218,2014-11-02,11
269.98,2,0.0,67.495,2017-07-17,7
99.9,5,0.0,47.952,2017-07-17,7
39.08,4,0.0,14.4596,2017-07-17,7
116.832,4,0.2,33.5892,2017-09-08,9
2.296,2,0.8,-3.9032,2016-11-14,11
408.006,2,0.1,72.5344,2016-11-14,11
40.44,3,0.0,10.5144,2016-11-14,11
122.352,3,0.2,13.7646,2014-10-10,10
15.28,2,0.0,7.4872,2014-10-10,10
11.96,2,0.0,5.8604,2015-03-19,3
15.84,3,0.0,4.9104,2017-07-08,7
86.376,3,0.2,30.2316,2017-07-08,7
18.24,3,0.0,6.2016,2017-07-08,7
13.12,4,0.0,4.3296,2017-07-08,7
105.98,2,0.0,1.0598,2015-02-27,2
493.92,7,0.3,-28.224,2015-02-27,2
5.936,7,0.8,-8.904,2017-06-16,6
325.86,2,0.0,149.8956,2017-03-30,3
383.607,9,0.3,-5.4801,2015-07-12,7
148.48,2,0.2,16.704,2015-07-12,7
537.544,7,0.2,53.7544,2015-07-12,7
1.928,2,0.8,-2.9884,2015-07-12,7
6.912,3,0.2,0.6912,2015-07-12,7
7.76,1,0.6,-2.134,2015-07-12,7
659.168,4,0.2,49.4376,2015-07-12,7
5.76,2,0.0,2.8224,2017-04-30,4
351.216,3,0.2,4.3902,2014-07-13,7
230.28,3,0.2,23.028,2014-12-27,12
12.84,3,0.0,5.778,2014-12-27,12
56.82,3,0.0,28.41,2016-02-27,2
31.56,4,0.0,14.202,2015-03-23,3
27.92,4,0.0,0.5584,2015-03-23,3
8.559,1,0.7,-6.5619,2017-10-21,10
49.568,2,0.2,17.9684,2014-12-31,12
127.869,3,0.3,-9.1335,2014-05-05,5
271.44,3,0.0,122.148,2015-12-04,12
110.352,3,0.2,8.2764,2015-12-04,12
36.4,5,0.0,13.832,2015-12-04,12
419.136,4,0.2,-57.6312,2017-09-26,9
100.704,6,0.2,-1.2588,2014-12-09,12
45.216,3,0.2,4.5216,2017-12-03,12
28.782,6,0.7,-21.1068,2017-12-03,12
24.448,4,0.2,8.8624,2017-12-03,12
10.476,6,0.8,-17.2854,2015-11-08,11
76.14,3,0.0,26.649,2014-04-19,4
21.24,3,0.0,8.0712,2015-05-25,5
127.96,2,0.0,60.1412,2015-05-25,5
479.984,2,0.2,89.997,2017-07-17,7
657.93,7,0.0,184.2204,2016-12-12,12
33.48,4,0.0,8.7048,2016-12-12,12
13.9,5,0.0,3.614,2016-12-12,12
26.86,2,0.0,6.715,2016-12-12,12
9.584,1,0.2,3.3544,2014-04-11,4
113.1,3,0.0,56.55,2015-06-09,6
65.78,11,0.0,32.2322,2014-07-27,7
239.7,6,0.0,105.468,2015-07-31,7
25.632,3,0.2,3.8448,2016-09-19,9
23.616,8,0.2,7.9704,2016-06-10,6
8.26,2,0.0,3.7996,2016-08-26,8
76.58,7,0.0,38.29,2017-11-02,11
8.8,5,0.0,4.224,2017-11-02,11
590.352,6,0.2,206.6232,2017-11-02,11
5.58,3,0.0,0.1674,2017-11-02,11
25.02,3,0.0,10.5084,2017-11-02,11
452.55,7,0.0,22.6275,2017-11-02,11
17.76,2,0.0,4.9728,2016-12-26,12
302.384,2,0.2,30.2384,2016-12-26,12
146.352,3,0.2,-5.4882,2016-12-26,12
7.9,2,0.0,2.054,2016-12-26,12
902.712,3,0.2,33.8517,2016-12-26,12
53.97,3,0.0,15.1116,2016-12-26,12
33.92,8,0.0,13.2288,2016-12-05,12
21.81,3,0.0,5.8887,2017-08-28,8
91.6,5,0.0,26.564,2017-08-28,8
150.98,1,0.0,43.7842,2015-07-16,7
137.25,9,0.0,63.135,2015-07-16,7
11.52,4,0.0,5.4144,2015-07-16,7
18.272,1,0.2,5.9384,2015-05-26,5
153.728,4,0.2,53.8048,2015-05-26,5
12.224,2,0.2,4.4312,2015-05-26,5
167.944,7,0.2,50.3832,2015-05-26,5
45.99,1,0.0,13.3371,2015-05-28,5
535.41,3,0.0,160.623,2015-05-28,5
6.096,2,0.2,2.0574,2015-05-28,5
45.36,7,0.0,21.7728,2015-05-28,5
47.12,8,0.0,20.7328,2017-11-09,11
31.36,4,0.0,15.68,2016-01-24,1
47.616,3,0.2,3.5712,2016-12-31,12
23.48,5,0.2,8.218,2016-12-31,12
62.79,3,0.8,-166.3935,2016-09-05,9
28.44,9,0.2,4.266,2016-09-05,9
134.376,3,0.2,6.7188,2015-09-04,9
589.9,2,0.0,147.475,2015-09-21,9
542.94,3,0.0,141.1644,2015-09-21,9
2879.952,6,0.2,1007.9832,2017-12-24,12
90.48,3,0.2,33.93,2017-12-24,12
77.55,5,0.0,21.714,2015-10-05,10
8.832,3,0.2,-1.9872,2017-09-09,9
177.536,4,0.2,62.1376,2017-09-09,9
258.48,2,0.2,-3.231,2017-09-09,9
14.136,3,0.2,4.2408,2017-09-09,9
77.55,5,0.0,20.163,2016-11-13,11
24.88,2,0.0,6.9664,2016-11-13,11
140.75,5,0.0,39.41,2016-11-13,11
36.63,3,0.0,9.8901,2016-11-13,11
17.14,2,0.0,6.1704,2015-10-15,10
51.75,5,0.0,24.84,2017-08-03,8
123.96,3,0.0,11.1564,2017-08-03,8
586.398,6,0.15,34.494,2015-08-21,8
80.98,1,0.0,3.2392,2015-08-21,8
242.94,3,0.0,9.7176,2017-03-12,3
123.92,4,0.0,33.4584,2017-04-27,4
12.39,3,0.0,5.6994,2017-04-27,4
47.3,2,0.0,12.298,2017-04-27,4
1599.92,8,0.0,751.9624,2016-09-11,9
11.09,1,0.0,5.4341,2016-09-11,9
3.168,4,0.7,-2.5344,2017-10-22,10
579.136,4,0.2,-28.9568,2017-10-22,10
6.368,2,0.2,2.1492,2015-08-02,8
558.4,2,0.2,41.88,2015-08-02,8
145.764,2,0.1,-8.098,2016-08-12,8
13.62,3,0.0,6.129,2014-05-30,5
434.646,3,0.1,62.7822,2016-04-26,4
440.19,9,0.0,206.8893,2017-05-14,5
64.4,5,0.0,1.932,2017-05-14,5
244.55,5,0.0,114.9385,2017-04-08,4
195.76,4,0.0,97.88,2017-04-08,4
11.76,2,0.0,5.7624,2017-02-17,2
166.45,5,0.0,39.948,2017-02-17,2
2.88,1,0.0,1.3536,2017-06-24,6
45.248,2,0.2,3.9592,2014-05-05,5
59.904,2,0.2,14.2272,2015-05-03,5
23.696,2,0.2,6.5164,2015-05-03,5
7.968,2,0.2,2.8884,2015-05-03,5
18.2,7,0.2,2.0475,2015-05-03,5
27.552,3,0.2,-0.3444,2015-05-03,5
844.116,6,0.3,-36.1764,2015-05-03,5
76.752,3,0.2,-9.594,2015-05-03,5
3.0,1,0.2,1.05,2016-09-18,9
7.506,9,0.7,-6.0048,2016-09-22,9
16.56,2,0.2,5.796,2016-09-22,9
79.92,4,0.0,34.3656,2016-01-10,1
69.98,2,0.0,13.2962,2016-01-10,1
11.06,10,0.8,-18.802,2017-05-06,5
623.4648,7,0.32,-119.1918,2017-05-06,5
772.68,5,0.2,-57.951,2017-05-06,5
283.14,4,0.1,72.358,2016-07-31,7
635.96,4,0.0,165.3496,2016-07-31,7
118.99,1,0.0,33.3172,2016-07-31,7
272.94,3,0.0,30.0234,2016-07-31,7
15.008,2,0.2,1.5008,2017-03-27,3
33.088,4,0.2,11.1672,2014-03-14,3
80.98,1,0.0,3.2392,2014-03-14,3
82.8,12,0.0,6.624,2014-03-14,3
21.36,2,0.0,5.7672,2014-03-14,3
62.048,2,0.2,20.1656,2014-03-14,3
29.61,9,0.0,13.3245,2016-07-14,7
863.928,9,0.2,86.3928,2016-12-01,12
241.92,4,0.4,-56.448,2016-08-29,8
163.88,4,0.5,-81.94,2016-08-29,8
3.486,2,0.7,-2.7888,2016-08-29,8
10.584,7,0.2,-2.3814,2016-08-29,8
440.91,9,0.0,123.4548,2016-06-24,6
5.715,5,0.7,-4.7625,2017-03-30,3
51.968,2,0.2,10.3936,2014-12-20,12
71.976,3,0.2,21.5928,2014-12-20,12
242.352,3,0.2,-42.4116,2014-12-20,12
221.92,5,0.2,77.672,2014-12-20,12
8.448,2,0.2,2.64,2014-12-20,12
29.52,4,0.0,14.4648,2015-12-17,12
302.94,3,0.0,48.4704,2015-12-17,12
142.36,2,0.0,38.4372,2015-12-17,12
546.66,9,0.0,136.665,2015-12-17,12
212.13,3,0.0,14.8491,2015-12-17,12
5.248,2,0.2,0.5904,2017-05-11,5
74.416,2,0.2,-14.8832,2017-05-11,5
6.848,2,0.2,2.14,2017-05-11,5
7.996,1,0.6,-6.9965,2017-05-11,5
8.712,2,0.8,-19.602,2016-06-24,6
65.17,7,0.0,18.8993,2016-05-17,5
14.62,2,0.0,6.8714,2016-05-17,5
173.24,4,0.0,17.324,2016-05-17,5
895.92,5,0.2,302.373,2017-06-29,6
130.71,3,0.0,39.213,2017-06-29,6
11.68,2,0.0,3.0368,2017-06-29,6
62.31,3,0.0,22.4316,2017-06-29,6
0.852,1,0.7,-0.5964,2014-03-31,3
36.288,7,0.2,12.7008,2014-12-16,12
56.568,2,0.6,-74.9526,2014-12-16,12
344.704,2,0.2,38.7792,2017-05-18,5
201.584,2,0.2,20.1584,2015-05-12,5
521.96,2,0.0,88.7332,2017-12-03,12
8.22,3,0.0,2.2194,2015-12-12,12
45.36,7,0.0,21.7728,2015-10-10,10
947.17,7,0.0,9.4717,2015-04-18,4
61.96,2,0.0,27.882,2015-04-18,4
268.935,3,0.5,-209.7693,2014-06-07,6
7.58,1,0.0,2.9562,2017-09-01,9
14.73,3,0.0,7.2177,2016-05-22,5
9.888,2,0.7,-6.9216,2016-11-11,11
671.544,3,0.2,50.3658,2016-11-11,11
1117.92,4,0.0,55.896,2014-11-25,11
275.952,3,0.2,-37.9434,2014-11-25,11
123.144,7,0.2,46.179,2014-11-07,11
15.576,3,0.2,3.3099,2016-07-18,7
212.64,6,0.0,99.9408,2015-03-29,3
9.87,3,0.0,4.5402,2015-03-29,3
53.25,3,0.0,20.7675,2015-03-29,3
19.92,3,0.0,9.5616,2015-03-29,3
658.746,3,0.1,146.388,2016-04-07,4
8.26,2,0.0,3.8822,2015-06-13,6
29.84,2,0.0,13.428,2015-06-13,6
67.98,2,0.0,14.9556,2015-06-13,6
61.06,2,0.0,28.0876,2015-02-18,2
35.544,1,0.2,-0.8886,2015-02-18,2
9.96,2,0.0,4.5816,2017-11-12,11
9.21,3,0.0,2.3025,2017-11-12,11
27.93,3,0.0,8.0997,2017-11-12,11
7.9,2,0.0,2.528,2017-03-05,3
221.16,4,0.0,57.5016,2017-03-05,3
127.96,2,0.0,62.7004,2017-03-05,3
18.69,3,0.0,9.1581,2017-03-05,3
25.35,3,0.0,7.605,2016-03-03,3
35.28,3,0.0,11.9952,2016-03-03,3
33.4,5,0.0,16.032,2016-12-24,12
837.6,3,0.2,62.82,2016-10-07,10
40.68,3,0.2,-9.153,2016-12-09,12
209.568,2,0.2,-23.5764,2017-11-20,11
22.368,4,0.2,6.4308,2015-12-12,12
3.882,2,0.7,-2.588,2017-02-03,2
115.296,3,0.2,40.3536,2017-02-03,2
1.908,2,0.7,-1.5264,2017-09-21,9
43.372,7,0.8,-69.3952,2017-04-30,4
783.96,4,0.0,219.5088,2014-11-03,11
48.896,2,0.2,18.336,2014-11-03,11
7.856,2,0.2,2.8478,2014-11-03,11
5.904,2,0.2,1.9926,2016-12-30,12
13.712,2,0.2,1.0284,2016-12-30,12
182.94,3,0.0,85.9818,2014-09-17,9
27.76,4,0.0,9.9936,2017-11-24,11
25.99,1,0.0,7.5371,2015-04-24,4
113.52,5,0.2,29.799,2015-03-09,3
359.88,3,0.2,22.4925,2015-03-09,3
25.344,4,0.2,9.1872,2017-06-02,6
11.952,3,0.2,4.1832,2016-09-19,9
6.24,3,0.0,1.872,2016-09-19,9
742.336,8,0.2,83.5128,2014-10-31,10
6.464,1,0.6,-4.04,2017-11-23,11
11.52,5,0.2,4.176,2017-11-23,11
222.384,2,0.2,16.6788,2017-11-23,11
23.36,4,0.0,6.0736,2017-11-16,11
8.67,3,0.0,4.0749,2016-02-19,2
25.71,3,0.0,6.6846,2016-02-19,2
100.94,7,0.0,33.3102,2017-11-07,11
63.882,1,0.1,10.647,2014-07-08,7
683.144,4,0.3,0.0,2014-11-07,11
1.476,3,0.8,-2.214,2014-11-07,11
40.712,7,0.2,3.5623,2014-11-07,11
279.9,5,0.0,137.151,2017-01-28,1
13.12,5,0.2,1.148,2015-12-11,12
69.576,4,0.7,-143.7904,2015-12-11,12
4.224,3,0.2,0.4752,2015-12-11,12
58.08,4,0.2,-6.534,2015-12-11,12
52.416,9,0.2,15.0696,2015-12-11,12
54.92,5,0.2,10.984,2015-12-11,12
364.95,5,0.5,-248.166,2015-12-11,12
85.056,3,0.2,28.7064,2015-12-11,12
27.696,3,0.2,9.6936,2015-12-11,12
24.96,4,0.0,11.232,2015-06-29,6
43.13,1,0.0,18.1146,2015-03-16,3
5.64,3,0.0,2.7072,2015-08-13,8
57.582,3,0.7,-44.1462,2016-05-14,5
31.104,6,0.2,10.8864,2016-05-14,5
30.192,3,0.2,8.3028,2016-05-14,5
43.6,5,0.2,4.36,2016-05-14,5
4.768,2,0.2,0.4172,2016-05-14,5
10.38,2,0.7,-7.612,2016-05-14,5
13.392,8,0.7,-9.8208,2016-05-14,5
39.594,1,0.4,-7.2589,2017-07-13,7
91.008,9,0.2,19.3392,2017-07-13,7
37.94,2,0.0,18.2112,2015-11-22,11
42.8,10,0.0,19.26,2015-11-22,11
33.63,3,0.0,10.089,2015-11-22,11
62.808,3,0.2,21.1977,2014-11-23,11
195.64,4,0.0,91.9508,2015-12-27,12
239.9,2,0.0,71.97,2015-12-27,12
380.058,3,0.3,-21.7176,2016-11-14,11
1199.976,4,0.4,179.9964,2016-11-14,11
48.576,3,0.2,9.7152,2016-11-14,11
17.94,3,0.0,8.073,2016-05-08,5
18.264,3,0.2,6.1641,2014-12-26,12
34.656,2,0.2,5.6316,2014-12-26,12
81.552,2,0.2,8.1552,2014-12-26,12
227.136,4,0.2,-42.588,2014-12-26,12
10.36,2,0.0,5.0764,2017-06-08,6
463.248,8,0.8,-1181.2824,2015-04-07,4
383.952,6,0.2,47.994,2015-04-07,4
44.856,6,0.7,-35.8848,2016-07-10,7
30.345,7,0.7,-24.276,2016-11-21,11
127.554,3,0.3,-9.111,2016-11-21,11
77.952,3,0.2,15.5904,2016-11-21,11
14.016,4,0.2,4.9056,2017-11-12,11
69.52,2,0.0,19.4656,2014-11-01,11
5.64,3,0.0,1.6356,2014-11-01,11
13.776,3,0.2,4.4772,2016-05-15,5
245.88,6,0.0,68.8464,2014-11-07,11
36.63,3,0.0,9.8901,2014-11-07,11
22.58,2,0.0,5.8708,2014-11-07,11
12.39,3,0.0,5.8233,2014-11-07,11
39.92,5,0.2,13.473,2017-10-05,10
61.96,2,0.0,27.882,2017-10-05,10
19.936,4,0.2,7.2268,2017-10-05,10
3.798,2,0.7,-2.6586,2017-06-01,6
27.744,6,0.2,10.0572,2017-06-01,6
158.376,4,0.4,-34.3148,2017-06-01,6
27.58,2,0.0,11.5836,2017-11-20,11
5.553,3,0.7,-4.0722,2016-12-23,12
243.92,5,0.2,-54.882,2017-09-29,9
14.96,4,0.0,0.2992,2016-11-07,11
7.184,2,0.2,2.245,2014-04-04,4
10.512,3,0.2,3.6792,2015-07-23,7
263.96,5,0.2,19.797,2014-06-25,6
71.632,11,0.2,17.908,2014-06-25,6
9.328,1,0.2,0.8162,2014-06-25,6
5.88,2,0.0,2.646,2014-09-08,9
975.92,5,0.2,121.99,2014-09-08,9
303.84,8,0.0,91.152,2014-09-08,9
485.88,6,0.0,19.4352,2014-09-08,9
12.54,3,0.0,4.5144,2014-12-12,12
8.94,3,0.0,0.6258,2014-12-12,12
9.24,3,0.0,4.4352,2014-12-12,12
70.008,3,0.2,24.5028,2015-01-13,1
77.6,4,0.0,38.024,2015-01-13,1
464.85,9,0.0,92.97,2015-01-13,1
10.192,7,0.2,1.0192,2017-12-15,12
1793.98,2,0.0,843.1706,2016-12-18,12
758.352,6,0.2,265.4232,2014-04-11,4
20.368,1,0.2,7.3834,2016-11-10,11
49.848,3,0.2,16.8237,2016-11-10,11
239.97,3,0.0,67.1916,2017-06-26,6
2404.704,6,0.2,150.294,2017-11-13,11
563.024,11,0.2,190.0206,2017-11-13,11
344.91,3,0.0,10.3473,2017-11-13,11
8.64,3,0.0,4.2336,2017-11-13,11
89.988,2,0.4,-14.998,2017-11-24,11
229.544,7,0.2,83.2097,2017-11-24,11
1.824,2,0.2,0.6156,2017-05-23,5
18.32,5,0.8,-46.716,2017-05-23,5
48.816,3,0.2,-11.5938,2017-05-23,5
1.188,1,0.8,-1.9602,2017-05-23,5
119.8,5,0.2,29.95,2014-12-02,12
61.568,2,0.2,4.6176,2014-10-03,10
6.192,3,0.2,0.4644,2014-10-03,10
2.214,3,0.7,-1.476,2016-07-29,7
5.32,2,0.0,2.6068,2017-11-02,11
975.92,4,0.0,292.776,2017-11-02,11
2249.91,9,0.0,517.4793,2017-11-02,11
59.92,4,0.0,16.7776,2017-11-02,11
171.2,5,0.2,64.2,2017-03-08,3
3.36,2,0.0,0.8736,2017-03-08,3
114.2,5,0.0,52.532,2014-12-16,12
182.67,3,0.0,52.9743,2016-11-28,11
101.7,6,0.0,6.102,2016-11-28,11
1126.02,3,0.0,56.301,2016-11-28,11
1263.3,6,0.0,315.825,2016-11-28,11
8.82,3,0.0,2.5578,2016-12-23,12
37.94,2,0.0,18.2112,2016-12-23,12
4.2,2,0.0,1.176,2016-12-23,12
227.28,2,0.0,2.2728,2016-12-23,12
47.9,1,0.0,22.992,2016-12-23,12
61.96,2,0.0,30.3604,2016-12-23,12
1117.92,4,0.0,55.896,2016-12-23,12
183.372,2,0.3,-7.8588,2014-10-15,10
7.968,2,0.2,2.8884,2014-10-15,10
26.352,8,0.7,-18.4464,2016-08-22,8
481.32,4,0.0,125.1432,2017-12-17,12
13.98,1,0.0,3.6348,2017-12-17,12
25.92,6,0.2,9.072,2017-03-07,3
91.59,3,0.0,42.1314,2017-03-07,3
674.058,3,0.3,-19.2588,2014-12-01,12
22.92,4,0.0,11.0016,2014-10-14,10
269.9,5,0.0,16.194,2014-10-14,10
11.808,8,0.7,-8.6592,2014-11-18,11
9.588,2,0.4,-2.0774,2014-11-18,11
18.336,3,0.2,6.6468,2017-01-14,1
36.288,7,0.2,12.7008,2017-01-14,1
111.984,2,0.2,6.999,2017-01-14,1
5.97,5,0.7,-4.577,2017-01-14,1
2.508,2,0.7,-1.8392,2017-01-14,1
35.96,2,0.0,10.4284,2015-09-24,9
14.952,3,0.2,5.4201,2015-09-24,9
67.144,7,0.2,5.8751,2017-10-09,10
254.058,3,0.3,-32.6646,2017-10-09,10
173.94,3,0.0,38.2668,2016-01-02,1
231.98,2,0.0,67.2742,2016-01-02,1
2.296,2,0.8,-3.9032,2017-08-19,8
96.08,2,0.0,46.1184,2017-12-25,12
3.62,2,0.0,1.1946,2017-12-25,12
629.1,6,0.0,301.968,2017-12-25,12
90.48,2,0.0,23.5248,2017-12-25,12
14.88,2,0.0,3.72,2017-09-10,9
91.275,1,0.5,-67.5435,2017-10-19,10
19.44,3,0.0,9.3312,2017-12-01,12
897.15,3,0.0,251.202,2017-12-01,12
57.75,5,0.0,16.17,2014-09-02,9
14.94,3,0.0,7.0218,2014-09-02,9
23.1,2,0.0,6.93,2017-03-25,3
12.536,1,0.2,4.2309,2015-09-28,9
1.08,2,0.7,-0.792,2015-09-28,9
4.512,3,0.2,0.846,2015-09-28,9
16.776,3,0.2,1.6776,2015-03-15,3
33.74,7,0.0,15.5204,2017-01-06,1
1325.85,5,0.0,238.653,2014-01-13,1
333.999,3,0.15,3.9294,2014-01-13,1
19.9,5,0.0,6.567,2014-01-13,1
1268.82,9,0.0,266.4522,2015-02-06,2
283.92,4,0.0,82.3368,2015-02-06,2
5.68,2,0.0,1.7608,2015-02-06,2
375.34,1,0.0,18.767,2017-12-21,12
96.08,2,0.0,46.1184,2016-09-05,9
11.68,2,0.2,3.942,2016-09-05,9
4.36,2,0.0,1.7876,2016-09-05,9
29.24,4,0.0,13.7428,2014-10-04,10
117.488,7,0.2,41.1208,2017-11-27,11
18.84,3,0.0,6.0288,2017-11-27,11
12.42,3,0.0,5.2164,2016-10-28,10
12.96,2,0.0,6.2208,2015-06-09,6
69.48,1,0.0,20.844,2017-12-08,12
85.9,2,0.0,2.577,2015-03-16,3
18.06,7,0.0,4.6956,2014-06-09,6
79.14,3,0.0,36.4044,2014-06-09,6
37.4,2,0.0,14.212,2014-06-09,6
2.512,2,0.8,-4.396,2015-03-20,3
18.864,9,0.2,6.1308,2015-03-20,3
61.192,1,0.2,6.1192,2016-11-18,11
67.84,1,0.0,18.3168,2016-11-18,11
48.712,1,0.2,5.4801,2014-03-07,3
17.94,3,0.0,4.6644,2014-03-07,3
242.94,3,0.0,4.8588,2014-03-07,3
7.764,4,0.7,-5.176,2016-05-15,5
467.04,4,0.2,58.38,2015-05-25,5
128.85,3,0.0,3.8655,2015-08-02,8
8.4,2,0.0,4.116,2015-08-02,8
199.98,2,0.0,83.9916,2015-08-02,8
110.98,1,0.0,15.5372,2015-08-02,8
207.984,2,0.2,-28.5978,2016-11-06,11
36.112,2,0.2,12.6392,2016-11-06,11
35.568,2,0.2,5.7798,2016-11-06,11
88.768,2,0.2,31.0688,2016-11-06,11
12.9,2,0.0,6.321,2016-11-07,11
717.12,9,0.2,152.388,2015-09-18,9
21.36,5,0.2,7.209,2015-12-07,12
6.688,2,0.2,2.3408,2015-12-07,12
773.94,6,0.0,224.4426,2015-12-07,12
20.568,3,0.2,1.5426,2016-12-09,12
4.356,2,0.8,-11.7612,2016-12-09,12
19.04,4,0.2,-1.428,2016-12-09,12
5.22,2,0.0,2.4012,2014-11-16,11
84.84,3,0.0,22.9068,2016-11-06,11
7.24,5,0.2,1.1765,2015-09-06,9
14.4,5,0.0,7.056,2014-09-03,9
15.552,3,0.2,5.4432,2016-04-24,4
1325.76,6,0.2,149.148,2016-04-24,4
3.108,2,0.7,-2.1756,2016-04-24,4
6.672,3,0.2,2.1684,2017-08-31,8
689.408,4,0.2,77.5584,2017-08-31,8
1889.99,5,0.8,-2929.4845,2017-12-07,12
55.936,8,0.2,18.8784,2015-12-18,12
18.432,8,0.2,5.9904,2015-12-18,12
20.32,5,0.2,3.556,2015-12-18,12
52.064,4,0.2,18.8732,2014-11-04,11
48.784,1,0.2,3.6588,2017-03-10,3
13.092,4,0.7,-10.0372,2017-03-10,3
109.592,1,0.2,8.2194,2016-01-31,1
56.7,5,0.0,27.783,2016-01-31,1
79.99,1,0.0,28.7964,2017-05-07,5
69.5,5,0.0,20.155,2016-05-24,5
191.6,4,0.0,91.968,2016-05-24,5
10.56,2,0.0,5.0688,2016-10-07,10
47.79,3,0.0,16.2486,2014-04-30,4
714.3,5,0.0,207.147,2015-11-10,11
2321.9,2,0.0,1114.512,2015-11-09,11
17.94,3,0.0,3.0498,2015-11-09,11
9.522,1,0.7,-6.9828,2015-09-07,9
791.964,6,0.4,-131.994,2015-09-07,9
4.923,3,0.7,-3.9384,2015-09-07,9
209.979,7,0.7,-356.9643,2017-05-11,5
33.93,3,0.7,-22.62,2017-07-21,7
222.32,7,0.2,25.011,2017-07-21,7
210.564,6,0.4,-52.641,2017-07-21,7
35.168,7,0.2,9.6712,2014-11-24,11
1502.376,4,0.4,-250.396,2014-11-24,11
10.11,3,0.0,3.2352,2014-11-15,11
772.47,3,0.0,146.7693,2014-11-15,11
20.46,2,0.0,5.3196,2014-11-15,11
347.58,3,0.0,17.379,2017-03-23,3
72.64,2,0.0,21.792,2016-12-18,12
772.47,3,0.0,146.7693,2016-12-18,12
39.92,4,0.0,11.1776,2016-12-18,12
33.48,2,0.0,16.4052,2017-07-29,7
461.97,3,0.0,133.9713,2017-07-29,7
137.62,2,0.0,60.5528,2017-07-29,7
302.67,3,0.0,72.6408,2017-07-29,7
239.976,3,0.2,53.9946,2014-09-02,9
8.34,3,0.0,2.1684,2017-01-29,1
8.57,1,0.0,2.2282,2017-01-29,1
119.616,8,0.2,40.3704,2017-01-29,1
212.94,3,0.0,25.5528,2016-12-26,12
26.49,1,0.0,7.4172,2016-12-26,12
687.4,5,0.0,48.118,2015-08-09,8
653.55,3,0.0,111.1035,2014-04-06,4
33.9,2,0.0,2.034,2014-04-06,4
239.96,5,0.2,83.986,2017-11-17,11
199.836,4,0.3,-37.1124,2015-07-11,7
716.0,2,0.0,193.32,2015-07-11,7
221.06,7,0.0,103.8982,2015-07-11,7
67.71,3,0.0,32.5008,2016-11-10,11
129.92,4,0.0,38.976,2016-11-10,11
467.46,9,0.0,191.6586,2016-11-10,11
61.4,5,0.0,28.858,2016-11-10,11
720.76,4,0.0,187.3976,2016-11-10,11
5.184,3,0.2,1.8144,2016-11-10,11
14.7,5,0.0,3.969,2016-11-10,11
8.134,7,0.8,-13.8278,2014-03-31,3
79.984,2,0.2,13.9972,2014-03-31,3
18.54,2,0.0,8.7138,2015-09-18,9
24.4,2,0.2,7.93,2015-11-07,11
195.64,4,0.0,91.9508,2017-05-19,5
398.4,5,0.2,84.66,2015-01-03,1
7.056,3,0.2,0.7938,2015-01-03,1
1352.3976,9,0.32,-437.5404,2015-01-03,1
26.4,5,0.0,11.88,2015-09-08,9
41.88,6,0.0,0.8376,2015-09-08,9
99.846,9,0.7,-83.205,2016-04-03,4
699.98,2,0.0,195.9944,2016-12-05,12
584.82,9,0.0,70.1784,2016-12-05,12
43.98,2,0.0,21.99,2015-05-08,5
377.97,3,0.0,105.8316,2015-05-08,5
123.96,3,0.0,11.1564,2015-05-08,5
391.98,2,0.0,113.6742,2017-09-22,9
383.976,3,0.2,81.5949,2017-11-30,11
1781.682,7,0.4,-653.2834,2017-11-30,11
21.4,5,0.0,6.206,2017-01-15,1
549.99,1,0.0,274.995,2014-08-08,8
167.535,3,0.1,37.23,2014-08-08,8
38.34,3,0.0,17.253,2014-08-08,8
53.88,6,0.0,22.6296,2014-08-08,8
299.98,2,0.0,83.9944,2014-08-08,8
62.8,4,0.0,15.7,2015-11-05,11
13.904,2,0.2,4.5188,2017-04-25,4
744.1,5,0.3,-95.67,2014-04-20,4
44.84,5,0.2,5.605,2014-04-20,4
401.59,2,0.3,-131.951,2014-04-20,4
18.24,3,0.0,8.5728,2017-11-11,11
359.499,3,0.15,-29.6058,2017-11-25,11
10.48,1,0.0,2.8296,2017-11-25,11
20.736,4,0.2,7.2576,2015-12-18,12
35.168,4,0.2,8.3524,2016-09-08,9
64.704,3,0.2,23.4552,2016-09-08,9
105.52,4,0.0,48.5392,2016-06-06,6
5.792,2,0.8,-9.5568,2015-06-19,6
466.158,7,0.4,-93.2316,2015-03-05,3
10.312,1,0.2,-1.289,2015-03-05,3
2.556,3,0.7,-1.7892,2015-03-05,3
7.968,2,0.2,2.8884,2017-08-04,8
8.784,1,0.2,3.1842,2017-08-04,8
3.024,3,0.2,-0.6048,2017-12-30,12
51.45,3,0.0,13.8915,2015-05-23,5
14.016,4,0.8,-31.536,2014-12-06,12
214.95,5,0.5,-120.372,2014-12-06,12
35.04,4,0.2,-7.008,2014-12-06,12
10.776,3,0.6,-4.8492,2014-12-06,12
4.6,2,0.8,-8.05,2014-12-06,12
35.168,2,0.2,-8.3524,2014-12-06,12
19.152,3,0.2,6.4638,2015-08-07,8
4.448,2,0.2,0.3336,2014-03-17,3
5.184,1,0.2,1.8792,2014-03-17,3
15.552,3,0.2,5.4432,2014-03-17,3
40.032,6,0.2,12.51,2015-03-26,3
16.776,3,0.2,5.0328,2015-03-26,3
186.304,4,0.2,13.9728,2014-12-14,12
66.36,4,0.0,23.226,2015-09-19,9
42.048,9,0.2,5.256,2017-04-25,4
67.92,5,0.2,6.792,2017-04-25,4
52.512,6,0.2,19.692,2014-10-18,10
186.912,6,0.2,-35.046,2014-10-18,10
10.048,4,0.2,3.14,2014-10-18,10
17.496,9,0.6,-7.4358,2015-11-13,11
15.552,3,0.2,5.4432,2016-01-31,1
10.776,3,0.2,3.3675,2016-11-17,11
3.304,1,0.2,1.0738,2017-07-25,7
35.48,1,0.0,0.0,2017-11-11,11
34.44,3,0.0,16.1868,2015-09-26,9
629.93,7,0.0,296.0671,2015-09-26,9
79.056,9,0.2,28.6578,2015-09-26,9
232.55,5,0.0,9.302,2014-04-04,4
99.98,2,0.0,42.9914,2014-04-04,4
19.44,3,0.0,9.3312,2014-04-04,4
12.96,2,0.0,6.3504,2014-04-04,4
464.292,9,0.4,-108.3348,2014-09-14,9
68.46,7,0.0,31.4916,2014-09-14,9
2799.96,4,0.0,1371.9804,2014-09-14,9
601.3,2,0.0,198.429,2014-09-14,9
16.99,1,0.0,4.4174,2014-09-14,9
287.97,3,0.0,80.6316,2014-09-14,9
44.82,9,0.0,21.0654,2014-09-14,9
101.12,8,0.0,37.4144,2017-12-29,12
107.976,3,0.2,37.7916,2015-06-21,6
58.73,7,0.0,14.6825,2017-11-26,11
93.344,4,0.2,32.6704,2017-11-26,11
17.05,5,0.0,8.184,2016-10-23,10
8.096,2,0.2,2.7324,2015-12-14,12
30.36,4,0.0,13.0548,2016-11-13,11
23.34,3,0.0,10.9698,2017-09-29,9
51.55,5,0.0,24.2285,2017-09-29,9
119.9,2,0.0,43.164,2015-11-08,11
1317.492,6,0.1,292.776,2016-04-01,4
63.84,8,0.0,18.5136,2016-04-01,4
3.592,1,0.2,1.1225,2016-04-01,4
86.26,2,0.0,29.3284,2017-02-02,2
139.04,4,0.0,38.9312,2017-02-02,2
46.8,4,0.0,16.38,2017-02-02,2
8.544,4,0.2,1.9224,2017-12-24,12
842.376,3,0.2,105.297,2017-12-24,12
1214.85,3,0.0,352.3065,2014-06-21,6
67.78,2,0.0,16.945,2017-03-06,3
39.9,5,0.0,10.374,2017-09-25,9
2.688,1,0.2,0.84,2014-06-30,6
6.6,3,0.0,2.904,2014-06-30,6
28.4,4,0.0,13.064,2015-08-07,8
212.94,3,0.0,34.0704,2015-08-07,8
1001.584,2,0.2,125.198,2017-06-30,6
569.058,3,0.3,-178.8468,2017-06-30,6
14.224,2,0.6,-10.3124,2017-06-30,6
105.584,2,0.2,9.2386,2015-10-26,10
68.72,2,0.2,-14.603,2015-10-26,10
1367.84,8,0.0,259.8896,2014-07-30,7
301.96,2,0.0,33.2156,2016-11-18,11
170.352,3,0.2,-17.0352,2015-07-06,7
3.9,2,0.0,1.521,2014-11-10,11
12.84,3,0.0,5.778,2014-11-10,11
15.84,3,0.0,7.128,2014-11-10,11
563.94,3,0.0,112.788,2014-11-10,11
62.94,3,0.0,11.9586,2014-11-10,11
535.41,3,0.0,160.623,2014-11-10,11
3504.9,5,0.0,700.98,2016-05-27,5
144.12,3,0.0,69.1776,2016-05-27,5
314.55,3,0.0,150.984,2016-05-27,5
3.408,1,0.2,0.8946,2015-03-08,3
2.072,2,0.8,-3.5224,2017-10-19,10
328.3992,3,0.32,-91.7586,2017-10-19,10
53.248,2,0.2,19.968,2016-11-05,11
4.992,3,0.2,1.6848,2016-12-26,12
37.68,2,0.0,15.8256,2015-04-13,4
258.576,2,0.2,19.3932,2015-04-13,4
75.84,2,0.0,29.5776,2015-04-13,4
45.36,7,0.0,21.7728,2017-09-12,9
45.78,3,0.0,22.89,2017-09-12,9
40.29,3,0.0,10.0725,2017-09-24,9
38.71,7,0.0,17.8066,2017-09-24,9
1801.632,6,0.2,-337.806,2015-10-10,10
748.752,8,0.4,-162.2296,2015-11-27,11
199.96,4,0.0,15.9968,2015-09-13,9
1516.2,7,0.0,394.212,2015-09-13,9
167.952,6,0.2,-27.2922,2017-11-14,11
45.04,2,0.2,4.504,2017-11-14,11
23.16,2,0.0,11.58,2017-05-05,5
397.6,5,0.0,43.736,2014-11-28,11
85.96,7,0.0,40.4012,2014-11-28,11
13.12,4,0.0,4.3296,2014-11-28,11
45.66,3,0.0,22.3734,2014-11-28,11
158.13,3,0.0,77.4837,2014-05-10,5
43.6,5,0.2,4.36,2014-05-10,5
3930.072,3,0.2,-786.0144,2016-03-03,3
2.304,1,0.2,0.7776,2016-03-03,3
431.976,3,0.2,32.3982,2016-03-03,3
41.72,7,0.2,5.7365,2016-03-03,3
104.23,7,0.0,28.1421,2015-08-15,8
70.26,3,0.0,18.9702,2015-08-15,8
9.26,2,0.0,3.0558,2015-09-12,9
105.98,2,0.0,4.2392,2015-09-12,9
1.24,1,0.0,0.5828,2015-09-12,9
20.7,2,0.0,9.936,2015-09-12,9
28.9,5,0.0,14.161,2015-09-12,9
27.18,1,0.0,12.7746,2015-09-12,9
465.18,3,0.0,120.9468,2015-01-12,1
36.63,3,0.0,9.8901,2015-05-12,5
51.45,3,0.0,13.8915,2016-09-26,9
7.83,3,0.0,3.6018,2016-09-26,9
35.4,5,0.0,13.452,2016-09-26,9
29.9,5,0.0,13.455,2016-09-26,9
17.48,2,0.0,8.2156,2017-09-09,9
79.14,3,0.0,36.4044,2017-04-15,4
8.4,5,0.0,4.2,2017-06-10,6
498.26,7,0.0,134.5302,2017-09-01,9
212.94,3,0.0,57.4938,2014-06-14,6
706.86,7,0.0,197.9208,2017-05-18,5
114.95,5,0.0,2.299,2017-05-18,5
43.19,7,0.0,20.7312,2017-05-18,5
166.44,3,0.0,79.8912,2017-09-12,9
36.56,5,0.2,12.796,2016-06-21,6
186.144,6,0.2,60.4968,2016-06-21,6
353.568,2,0.2,-44.196,2016-06-21,6
81.98,2,0.0,40.1702,2014-11-26,11
14.624,2,0.2,5.1184,2017-03-19,3
697.16,5,0.2,8.7145,2017-03-19,3
30.93,1,0.0,12.6813,2017-03-19,3
27.496,7,0.2,9.2799,2017-03-19,3
605.34,6,0.0,145.2816,2014-10-18,10
210.008,1,0.2,2.6251,2017-08-22,8
54.96,3,0.0,15.9384,2016-11-19,11
164.22,3,0.0,50.9082,2014-09-20,9
362.94,3,0.0,36.294,2014-09-20,9
59.98,2,0.0,26.3912,2014-09-20,9
332.94,3,0.0,6.6588,2016-09-11,9
39.872,2,0.2,12.9584,2016-09-11,9
13.68,2,0.0,3.6936,2016-09-23,9
3.318,3,0.8,-5.6406,2017-08-04,8
10.44,1,0.0,4.8024,2016-07-25,7
136.464,2,0.2,15.3522,2016-08-02,8
333.576,3,0.2,33.3576,2016-08-02,8
12.544,2,0.2,4.704,2016-08-02,8
20.768,8,0.8,-52.9584,2015-05-21,5
43.5,3,0.0,10.875,2017-11-03,11
12.576,4,0.2,4.0872,2015-04-16,4
249.95,5,0.0,19.996,2016-12-12,12
49.12,4,0.0,23.0864,2016-12-12,12
182.91,3,0.0,53.0439,2015-10-30,10
107.648,2,0.2,33.64,2014-03-07,3
99.372,2,0.3,-7.098,2015-03-05,3
33.568,2,0.2,-5.4548,2015-03-05,3
10.56,2,0.0,4.752,2016-08-08,8
38.88,6,0.0,18.6624,2017-01-03,1
35.2,5,0.0,16.544,2017-10-09,10
45.528,3,0.2,15.9348,2017-10-20,10
196.776,3,0.2,14.7582,2014-09-07,9
2.92,2,0.8,-4.818,2014-09-07,9
200.795,1,0.3,-22.948,2014-09-07,9
46.688,4,0.2,-2.918,2014-09-07,9
21.864,3,0.2,3.5529,2014-09-07,9
11.76,2,0.0,5.7624,2017-09-30,9
167.94,3,0.0,82.2906,2017-09-30,9
3.89,1,0.0,1.0114,2017-09-30,9
52.44,4,0.0,24.1224,2017-11-16,11
32.36,4,0.0,11.6496,2017-09-11,9
406.6,5,0.0,113.848,2017-09-11,9
27.92,4,0.0,8.0968,2017-01-16,1
399.672,7,0.2,-14.9877,2017-01-16,1
3.744,4,0.7,-2.6208,2016-11-26,11
715.2,3,0.0,178.8,2015-11-07,11
159.8,4,0.0,70.312,2017-12-14,12
44.75,5,0.0,8.5025,2017-12-14,12
340.116,6,0.3,-9.7176,2014-09-13,9
105.52,4,0.0,48.5392,2014-12-07,12
13.48,1,0.0,1.8872,2017-09-07,9
85.52,2,0.0,22.2352,2017-10-07,10
6.16,2,0.0,2.9568,2015-09-05,9
36.84,3,0.0,17.3148,2015-09-05,9
15.84,3,0.0,0.0,2014-03-30,3
44.4,3,0.0,22.2,2014-03-30,3
21.24,9,0.2,7.434,2017-05-05,5
9.552,8,0.7,-7.3232,2017-05-05,5
89.991,3,0.7,-152.9847,2017-05-05,5
163.96,4,0.0,80.3404,2017-04-30,4
17.904,2,0.2,6.2664,2014-09-08,9
966.7,5,0.3,-13.81,2014-09-08,9
182.112,6,0.2,61.4628,2014-09-08,9
4.464,1,0.2,0.3348,2017-06-20,6
51.588,1,0.4,-15.4764,2015-12-26,12
50.4,8,0.0,23.184,2017-08-15,8
89.568,2,0.2,32.4684,2017-03-04,3
14.89,1,0.0,4.0203,2017-07-27,7
543.92,8,0.0,135.98,2017-07-27,7
4.08,2,0.0,1.9176,2016-09-23,9
18.9,3,0.0,8.694,2016-09-23,9
2275.5,10,0.0,386.835,2016-05-30,5
1979.7,6,0.0,653.301,2016-05-30,5
62.1,6,0.0,29.808,2016-05-30,5
37.296,2,0.3,-1.0656,2014-11-16,11
8.544,2,0.6,-7.476,2014-09-21,9
68.95,5,0.0,28.959,2016-02-21,2
296.37,3,0.0,80.0199,2016-02-21,2
39.98,2,0.0,1.999,2016-02-21,2
191.058,3,0.3,-46.3998,2017-11-19,11
13.04,5,0.2,3.912,2017-11-19,11
1525.188,6,0.8,-2287.782,2017-11-19,11
9.216,4,0.2,3.3408,2016-08-21,8
28.048,2,0.2,3.506,2016-08-21,8
64.96,2,0.0,21.4368,2017-04-30,4
30.56,4,0.0,14.9744,2017-04-30,4
187.056,9,0.2,11.691,2016-05-02,5
11.808,2,0.2,1.3284,2017-10-02,10
9.656,1,0.2,1.5691,2017-10-02,10
20.736,4,0.2,7.2576,2017-10-02,10
27.36,3,0.7,-21.888,2017-10-02,10
2314.116,7,0.4,-1002.7836,2017-10-02,10
34.236,4,0.7,-26.2476,2017-10-02,10
19.76,2,0.2,5.928,2017-10-02,10
15.96,2,0.0,7.98,2017-09-18,9
16.9,5,0.0,6.253,2015-12-04,12
25.08,6,0.0,9.0288,2015-12-04,12
6.68,2,0.0,2.004,2015-01-17,1
19.44,3,0.0,9.3312,2014-01-06,1
31.92,2,0.2,2.394,2015-03-05,3
33.568,2,0.2,11.7488,2016-12-25,12
63.94,1,0.0,24.9366,2016-09-04,9
60.6,5,0.2,20.4525,2016-09-04,9
22.72,4,0.0,6.5888,2016-09-04,9
10.68,4,0.0,4.0584,2014-08-26,8
17.34,3,0.0,8.4966,2014-08-26,8
3.38,1,0.0,1.5548,2014-08-26,8
26.976,4,0.2,8.7672,2015-05-21,5
307.776,7,0.2,111.5688,2017-10-16,10
244.55,5,0.0,4.891,2015-11-09,11
12.24,6,0.0,5.7528,2015-11-09,11
13.98,2,0.0,6.0114,2015-11-09,11
899.95,5,0.0,53.997,2015-11-09,11
1.632,1,0.2,0.5508,2014-11-21,11
267.96,5,0.2,16.7475,2014-11-21,11
31.95,1,0.0,2.2365,2015-10-11,10
725.84,4,0.0,210.4936,2017-03-21,3
10.896,3,0.2,3.9498,2017-03-21,3
8.544,2,0.2,2.8836,2017-03-21,3
32.34,3,0.0,15.5232,2015-01-04,1
39.9,5,0.0,19.95,2015-01-04,1
143.856,9,0.2,48.5514,2017-12-09,12
41.92,4,0.2,15.196,2016-09-06,9
329.584,2,0.2,37.0782,2016-09-06,9
87.28,8,0.0,41.0216,2016-09-03,9
279.456,6,0.2,20.9592,2014-05-13,5
8.0,2,0.0,3.84,2014-05-13,5
27.24,5,0.2,9.534,2016-09-29,9
16.36,1,0.0,1.636,2014-08-05,8
15.78,2,0.0,0.6312,2014-08-05,8
45.98,2,0.0,12.8744,2014-08-05,8
198.272,8,0.2,-32.2192,2017-04-14,4
720.76,5,0.2,54.057,2017-06-09,6
70.56,6,0.0,23.9904,2016-12-29,12
81.96,2,0.0,22.9488,2016-12-29,12
64.864,4,0.2,6.4864,2014-01-18,1
151.192,1,0.2,13.2293,2016-11-20,11
88.776,3,0.2,7.7679,2017-06-10,6
11.56,4,0.0,5.4332,2017-06-10,6
15.58,1,0.0,3.895,2017-06-10,6
85.056,3,0.2,28.7064,2017-09-10,9
273.96,2,0.0,71.2296,2017-04-08,4
306.9,3,0.0,79.794,2017-04-08,4
15.552,3,0.2,5.4432,2015-10-24,10
347.361,7,0.3,-69.4722,2015-10-24,10
10.368,2,0.2,3.6288,2015-10-24,10
98.16,6,0.0,9.816,2017-05-27,5
31.44,3,0.0,7.86,2017-05-27,5
348.488,7,0.2,117.6147,2014-12-05,12
172.736,4,0.2,-30.2288,2014-12-05,12
15.54,3,0.0,7.6146,2016-08-14,8
105.552,6,0.2,35.6238,2016-08-14,8
25.92,5,0.2,9.072,2016-09-05,9
15.808,8,0.2,5.3352,2016-09-05,9
10.368,2,0.2,3.7584,2016-09-05,9
358.2,3,0.4,41.79,2017-06-26,6
545.916,14,0.4,72.7888,2017-06-26,6
40.41,9,0.0,18.5886,2017-03-12,3
167.976,3,0.2,10.4985,2017-02-18,2
109.53,3,0.0,47.0979,2017-02-18,2
9.82,2,0.0,4.8118,2017-02-18,2
26.352,3,0.2,9.5526,2017-11-10,11
22.5,6,0.0,10.8,2014-11-19,11
9.96,2,0.0,4.5816,2014-11-19,11
213.08,7,0.0,102.2784,2014-11-19,11
1025.88,6,0.0,235.9524,2014-11-19,11
21.98,7,0.0,9.891,2014-11-18,11
63.2,5,0.0,23.384,2016-09-24,9
39.0,12,0.0,11.31,2016-11-20,11
2.907,3,0.7,-2.0349,2016-09-27,9
556.665,5,0.15,6.549,2016-04-09,4
71.98,2,0.0,15.1158,2017-09-21,9
79.98,2,0.0,26.3934,2017-09-21,9
24.672,4,0.2,7.71,2017-08-24,8
3.744,1,0.2,1.3104,2017-08-24,8
445.96,5,0.2,55.745,2016-02-22,2
36.24,1,0.0,15.2208,2016-02-22,2
10.65,3,0.0,5.0055,2016-02-22,2
87.92,4,0.0,40.4432,2017-12-08,12
22.424,1,0.2,8.409,2017-12-08,12
90.48,3,0.2,33.93,2017-12-08,12
42.76,1,0.0,11.1176,2017-12-08,12
10.08,7,0.2,3.528,2017-09-18,9
101.34,3,0.0,8.1072,2017-09-18,9
224.75,5,0.0,62.93,2016-09-11,9
73.176,6,0.8,-197.5752,2017-09-23,9
20.736,4,0.2,7.2576,2017-09-23,9
39.984,2,0.2,-8.9964,2017-09-23,9
15.36,2,0.0,7.68,2014-10-06,10
36.288,7,0.2,12.7008,2015-10-23,10
150.384,2,0.2,15.0384,2015-10-23,10
280.782,3,0.4,-60.8361,2016-03-31,3
31.984,2,0.2,1.1994,2016-03-31,3
11.232,3,0.2,3.9312,2016-12-29,12
26.4,5,0.0,11.88,2017-11-03,11
3.52,2,0.0,1.0208,2017-01-20,1
1649.95,5,0.0,659.98,2016-12-03,12
111.9,6,0.0,51.474,2016-12-03,12
599.165,5,0.15,35.245,2016-06-14,6
46.53,3,0.0,12.0978,2016-09-02,9
31.984,2,0.2,1.999,2014-09-05,9
161.568,2,0.2,16.1568,2017-10-21,10
4.064,1,0.2,1.3716,2017-10-21,10
6.216,4,0.7,-4.9728,2017-10-21,10
8.896,4,0.2,0.6672,2017-04-25,4
1640.7,5,0.0,459.396,2015-10-19,10
270.0,3,0.0,97.2,2015-10-19,10
19.52,2,0.2,5.368,2014-07-05,7
9.81,5,0.7,-6.867,2014-07-05,7
213.216,3,0.2,15.9912,2014-07-05,7
588.784,2,0.2,183.995,2016-04-04,4
2.064,1,0.2,0.1548,2017-11-13,11
6.368,2,0.2,2.388,2017-09-09,9
99.6,1,0.0,36.852,2015-04-17,4
62.296,13,0.2,21.0249,2015-04-17,4
10.71,3,0.0,2.7846,2015-04-17,4
20.936,1,0.2,7.0659,2016-07-25,7
33.0,6,0.0,8.25,2016-08-26,8
249.95,5,0.0,87.4825,2016-08-26,8
357.93,3,0.0,7.1586,2014-09-12,9
57.4,5,0.0,10.906,2014-09-12,9
331.96,2,0.0,149.382,2014-09-12,9
40.56,2,0.0,12.9792,2014-09-12,9
86.2,5,0.0,24.998,2016-07-22,7
38.016,6,0.2,13.7808,2017-05-19,5
8.384,1,0.2,0.7336,2017-04-28,4
6.848,2,0.2,0.7704,2017-04-28,4
19.6,5,0.0,9.604,2017-12-29,12
68.46,2,0.0,20.538,2017-12-29,12
13.344,6,0.2,4.3368,2017-09-04,9
1478.272,8,0.2,92.392,2017-09-04,9
16.272,1,0.2,-3.8646,2014-03-21,3
9.24,3,0.0,4.4352,2017-09-28,9
32.34,10,0.7,-23.716,2014-01-19,1
56.064,4,0.2,19.6224,2014-01-19,1
108.72,5,0.2,36.693,2014-01-19,1
181.47,5,0.7,-320.597,2014-01-19,1
16.176,3,0.2,6.066,2014-02-14,2
122.352,3,0.2,13.7646,2016-06-09,6
585.552,3,0.2,73.194,2014-09-26,9
19.44,3,0.0,9.3312,2014-09-26,9
123.92,5,0.2,9.294,2016-05-30,5
13.36,5,0.2,4.008,2017-12-19,12
78.256,2,0.2,-17.6076,2017-12-19,12
102.018,7,0.7,-183.6324,2017-12-19,12
750.68,2,0.0,37.534,2017-12-26,12
44.4,3,0.0,22.2,2017-06-15,6
84.55,5,0.0,22.8285,2017-06-15,6
17.94,3,0.0,8.7906,2017-06-15,6
128.4,3,0.0,62.916,2016-11-20,11
1.869,1,0.7,-1.3083,2014-03-31,3
103.192,1,0.2,11.6091,2017-10-08,10
36.0,2,0.0,6.48,2017-10-08,10
239.96,4,0.0,115.1808,2017-10-08,10
40.68,2,0.0,0.4068,2017-10-08,10
419.136,4,0.2,-68.1096,2017-01-30,1
23.472,3,0.2,7.6284,2014-12-12,12
3.592,4,0.8,-6.286,2015-10-24,10
23.976,3,0.2,-5.6943,2017-04-01,4
6.264,3,0.2,2.0358,2017-04-01,4
20.808,3,0.2,1.8207,2017-04-01,4
218.352,3,0.2,-19.1058,2017-04-01,4
18.16,2,0.2,1.816,2017-01-26,1
7.36,2,0.0,0.1472,2014-11-28,11
41.4,4,0.0,19.872,2014-11-28,11
411.332,4,0.15,-4.8392,2014-11-28,11
7.656,4,0.7,-6.1248,2015-09-04,9
63.92,2,0.2,19.176,2017-06-12,6
6.56,2,0.0,1.9024,2017-07-15,7
7.83,3,0.0,3.6018,2017-07-15,7
41.9,2,0.0,8.799,2017-07-15,7
664.146,6,0.1,88.5528,2017-07-15,7
8.96,2,0.0,4.3904,2017-07-15,7
3.312,1,0.2,0.6624,2017-11-02,11
20.136,3,0.2,1.2585,2017-11-02,11
8.856,3,0.2,2.8782,2017-11-02,11
859.2,4,0.4,-186.16,2017-11-02,11
61.96,2,0.0,27.882,2016-10-08,10
17.92,4,0.0,8.6016,2016-04-08,4
145.9,5,0.0,62.737,2015-10-08,10
56.704,2,0.2,19.1376,2017-05-15,5
11.12,2,0.2,3.475,2017-05-15,5
32.896,4,0.2,11.1024,2014-02-24,2
22.776,3,0.2,7.6869,2014-02-24,2
239.97,3,0.0,2.3997,2015-05-30,5
160.32,2,0.0,44.8896,2015-05-30,5
128.85,3,0.0,3.8655,2015-05-30,5
1319.96,4,0.0,527.984,2016-11-18,11
239.96,10,0.3,-10.284,2017-12-04,12
54.768,2,0.2,6.846,2017-12-04,12
13.392,3,0.2,3.1806,2017-12-04,12
23.92,5,0.2,8.671,2017-12-04,12
255.968,4,0.2,-28.7964,2017-12-04,12
21.552,6,0.2,7.0044,2016-06-05,6
58.24,4,0.0,15.7248,2016-06-05,6
80.28,12,0.0,36.9288,2016-12-10,12
9.78,2,0.0,4.0098,2017-04-30,4
1.81,1,0.0,0.6516,2017-04-24,4
37.94,2,0.0,18.2112,2015-05-08,5
79.96,5,0.2,27.986,2015-03-31,3
115.296,3,0.2,40.3536,2017-08-06,8
2479.96,4,0.0,743.988,2017-12-02,12
179.94,6,0.0,75.5748,2016-06-06,6
26.85,3,0.0,5.1015,2016-06-06,6
323.37,3,0.0,129.348,2016-06-06,6
59.94,3,0.0,28.1718,2016-06-06,6
64.14,3,0.0,30.7872,2016-06-06,6
11.67,3,0.0,5.6016,2016-06-06,6
12.96,2,0.0,6.2208,2016-06-06,6
17.43,3,0.0,8.0178,2015-04-13,4
181.986,2,0.3,-54.5958,2017-05-22,5
1.592,2,0.8,-2.6268,2017-05-22,5
22.344,3,0.2,2.5137,2017-05-22,5
455.97,6,0.5,-218.8656,2016-12-19,12
10.44,6,0.7,-7.656,2016-12-19,12
5.214,2,0.7,-4.1712,2016-12-19,12
67.4,5,0.0,17.524,2017-09-22,9
25.16,2,0.0,10.5672,2017-09-07,9
126.56,4,0.2,47.46,2017-09-07,9
43.68,3,0.0,11.7936,2014-11-28,11
139.93,7,0.0,34.9825,2014-11-28,11
2.672,1,0.2,0.334,2014-11-12,11
16.656,6,0.2,-3.123,2014-11-12,11
79.512,3,0.2,20.8719,2014-11-12,11
36.288,7,0.2,12.7008,2014-11-12,11
67.9932,1,0.32,-12.9987,2014-11-12,11
10.16,2,0.0,3.4544,2017-10-02,10
6.16,2,0.0,1.9712,2015-12-14,12
56.3,2,0.0,15.764,2015-12-14,12
6.48,1,0.0,3.1104,2015-12-06,12
1325.85,5,0.0,238.653,2015-12-06,12
14.94,3,0.0,6.8724,2015-12-06,12
34.54,1,0.0,17.27,2017-03-31,3
2999.95,5,0.0,1439.976,2017-03-31,3
64.12,4,0.0,30.7776,2017-03-31,3
19.456,4,0.2,2.1888,2017-03-13,3
209.986,2,0.3,8.9994,2017-03-13,3
29.76,5,0.2,1.86,2017-03-13,3
89.768,1,0.3,-2.5648,2017-03-13,3
959.984,2,0.2,335.9944,2017-03-13,3
15.552,3,0.2,5.6376,2017-03-13,3
34.36,1,0.2,-7.3015,2017-03-13,3
98.376,3,0.2,35.6613,2014-12-05,12
29.94,4,0.7,-23.952,2014-12-05,12
17.472,3,0.2,5.6784,2014-12-05,12
36.738,1,0.4,-9.1845,2014-12-05,12
179.94,2,0.4,-44.985,2014-12-05,12
383.64,6,0.0,122.7648,2016-12-12,12
56.52,3,0.0,15.8256,2016-12-12,12
6.56,2,0.0,1.9024,2017-09-09,9
243.92,5,0.2,-15.245,2017-09-09,9
47.52,9,0.0,22.8096,2017-09-09,9
19.98,1,0.0,8.5914,2017-10-04,10
8.0,5,0.0,3.44,2016-05-09,5
6.16,2,0.0,1.9712,2014-12-15,12
83.56,4,0.0,1.6712,2017-11-30,11
546.06,3,0.0,163.818,2017-11-30,11
269.49,3,0.0,5.3898,2017-11-30,11
10.9,5,0.0,3.597,2015-03-19,3
6.096,2,0.2,2.2098,2014-07-19,7
34.05,3,0.0,9.534,2016-12-08,12
352.38,2,0.0,81.0474,2016-12-08,12
245.98,2,0.0,27.0578,2014-10-13,10
18.94,1,0.0,9.47,2014-10-13,10
59.913,7,0.7,-45.9333,2017-11-19,11
391.98,2,0.0,109.7544,2017-09-24,9
437.85,3,0.0,131.355,2017-09-24,9
68.62,2,0.0,32.2514,2015-09-25,9
25.02,3,0.0,6.5052,2017-02-13,2
10.71,3,0.0,2.7846,2017-02-13,2
55.984,2,0.2,4.1988,2014-10-03,10
14.48,5,0.2,4.887,2014-10-03,10
142.488,3,0.2,-3.5622,2014-10-03,10
14.16,1,0.2,1.062,2016-08-27,8
79.92,5,0.2,27.972,2016-08-27,8
590.352,6,0.2,206.6232,2015-12-03,12
17.088,2,0.2,1.068,2016-09-20,9
98.392,1,0.2,-11.0691,2016-09-20,9
11.05,5,0.0,2.9835,2017-03-25,3
7.78,2,0.0,2.0228,2015-12-06,12
659.9,2,0.0,217.767,2017-08-31,8
53.04,3,0.2,-4.641,2015-10-05,10
843.9,2,0.0,371.316,2017-08-18,8
1496.16,9,0.0,224.424,2017-08-18,8
117.96,2,0.0,5.898,2016-02-02,2
21.3,5,0.0,8.733,2016-08-23,8
1040.8,5,0.0,281.016,2016-08-23,8
29.34,6,0.0,7.9218,2016-08-23,8
19.52,2,0.2,5.368,2017-06-30,6
443.92,4,0.0,8.8784,2015-09-18,9
499.95,5,0.0,174.9825,2016-09-25,9
3.04,1,0.0,1.0336,2016-09-25,9
201.96,2,0.0,50.49,2016-09-25,9
68.64,11,0.0,17.16,2016-09-25,9
100.0,4,0.0,21.0,2016-10-24,10
359.98,2,0.0,21.5988,2016-10-24,10
6.16,2,0.0,2.9568,2014-09-29,9
2348.82,9,0.0,399.2994,2014-09-29,9
13.872,6,0.2,4.6818,2017-06-26,6
273.552,3,0.2,-13.6776,2017-06-26,6
815.292,9,0.4,-339.705,2016-08-21,8
234.45,3,0.0,103.158,2014-02-11,2
1256.22,6,0.0,75.3732,2014-02-11,2
17.46,2,0.0,8.2062,2014-02-11,2
10.528,7,0.2,3.6848,2016-09-23,9
152.8,5,0.0,76.4,2015-12-05,12
82.56,5,0.2,28.896,2017-09-03,9
284.97,3,0.0,85.491,2017-09-03,9
60.84,3,0.0,23.1192,2017-03-26,3
1325.76,6,0.2,149.148,2014-12-21,12
572.16,3,0.2,35.76,2014-12-21,12
28.8,9,0.2,10.08,2014-09-23,9
11.12,4,0.0,2.8912,2017-04-02,4
7.04,4,0.0,3.0976,2016-04-01,4
17.94,3,0.0,8.7906,2015-05-15,5
34.76,5,0.2,11.297,2017-03-23,3
74.45,5,0.0,20.1015,2017-04-14,4
192.22,14,0.0,69.1992,2015-01-04,1
19.44,3,0.0,9.3312,2017-11-02,11
32.4,5,0.0,15.552,2017-07-17,7
57.9,5,0.0,28.95,2017-07-17,7
10.56,2,0.0,0.0,2017-07-17,7
1194.165,5,0.15,210.735,2017-07-17,7
40.99,1,0.0,20.0851,2017-10-06,10
2.94,1,0.0,0.7938,2014-11-04,11
45.24,4,0.7,-30.16,2016-12-18,12
18.688,4,0.2,2.336,2016-12-18,12
11.648,2,0.2,3.7856,2016-12-18,12
112.776,3,0.2,-8.4582,2016-12-18,12
377.45,5,0.5,-264.215,2016-12-18,12
15.936,4,0.2,5.1792,2016-12-18,12
28.68,3,0.2,-7.17,2016-12-18,12
21.44,2,0.2,7.504,2016-09-24,9
511.056,9,0.2,-95.823,2016-09-24,9
18.656,2,0.2,1.3992,2016-07-21,7
11.088,7,0.7,-8.1312,2016-07-21,7
66.688,1,0.2,4.168,2016-07-21,7
99.488,2,0.2,8.7052,2016-07-21,7
14.62,2,0.0,6.8714,2016-06-11,6
53.984,14,0.2,17.5448,2016-06-11,6
389.97,3,0.0,132.5898,2016-06-11,6
355.36,4,0.0,92.3936,2015-06-09,6
140.376,3,0.2,8.7735,2015-06-09,6
15.84,2,0.2,5.544,2017-10-27,10
8.448,2,0.2,2.64,2017-10-27,10
12.96,2,0.0,6.2208,2016-01-22,1
57.408,6,0.2,5.7408,2014-05-28,5
27.6,4,0.0,2.208,2014-05-28,5
38.976,3,0.6,-50.6688,2014-12-29,12
20.44,7,0.0,9.198,2016-07-28,7
109.92,2,0.0,53.8608,2016-07-28,7
6.38,1,0.0,2.9348,2016-09-24,9
6.48,1,0.0,3.1104,2016-09-24,9
15.84,3,0.0,7.128,2014-04-02,4
1049.93,7,0.0,293.9804,2014-04-02,4
154.9,5,0.0,40.274,2014-04-02,4
98.352,3,0.2,35.6526,2015-11-05,11
14.32,5,0.2,5.191,2014-07-28,7
129.888,6,0.2,12.9888,2014-07-28,7
48.944,7,0.2,16.5186,2014-07-28,7
275.058,3,0.3,-90.3762,2015-12-26,12
27.36,9,0.0,9.3024,2015-12-10,12
44.75,5,0.0,20.585,2015-12-10,12
134.99,1,0.0,36.4473,2015-12-10,12
26.4,5,0.0,12.672,2015-12-10,12
542.94,3,0.0,141.1644,2015-12-10,12
71.088,2,0.2,-1.7772,2016-05-05,5
27.396,9,0.8,-42.4638,2017-10-14,10
13.456,1,0.8,-23.548,2017-10-14,10
11.84,1,0.2,4.44,2016-11-05,11
35.88,6,0.0,17.5812,2017-11-03,11
40.752,3,0.2,15.282,2016-11-24,11
139.96,5,0.2,-22.7435,2016-11-24,11
2.624,1,0.2,0.2952,2014-12-14,12
136.53,1,0.4,-52.3365,2014-12-14,12
263.96,1,0.2,42.8935,2014-12-14,12
11.64,3,0.0,3.3756,2014-11-03,11
40.176,3,0.2,14.5638,2017-09-22,9
79.44,3,0.0,30.1872,2015-05-08,5
357.93,3,0.0,7.1586,2015-05-08,5
127.764,2,0.1,21.294,2015-05-08,5
2799.944,7,0.2,1014.9797,2015-05-08,5
19.44,3,0.0,9.3312,2015-05-08,5
36.792,1,0.2,4.1391,2017-07-31,7
5.94,3,0.0,1.6038,2014-03-01,3
177.55,5,0.0,47.9385,2017-09-25,9
619.95,5,0.0,111.591,2015-10-09,10
29.16,3,0.0,8.4564,2015-10-09,10
57.96,7,0.0,27.2412,2015-10-09,10
29.403,3,0.1,5.2272,2015-10-09,10
81.4,5,0.0,21.164,2017-03-29,3
8.72,5,0.2,2.289,2015-11-14,11
91.176,3,0.2,4.5588,2015-11-14,11
159.968,4,0.2,29.994,2015-11-14,11
12.96,2,0.0,6.2208,2016-09-26,9
331.536,3,0.2,-82.884,2014-09-22,9
899.91,9,0.0,395.9604,2015-09-25,9
946.344,7,0.2,118.293,2015-05-04,5
178.11,3,0.0,32.0598,2017-12-08,12
1089.75,3,0.0,305.13,2017-12-08,12
61.06,2,0.0,28.0876,2017-12-08,12
459.92,4,0.0,41.3928,2017-12-08,12
27.52,4,0.0,12.6592,2017-12-08,12
638.82,9,0.0,185.2578,2017-06-29,6
30.69,3,0.0,7.9794,2017-06-29,6
25.16,2,0.0,8.5544,2017-06-29,6
13.92,3,0.2,4.872,2014-06-29,6
19.36,2,0.0,9.2928,2014-01-20,1
19.3,2,0.0,5.79,2014-01-20,1
38.376,3,0.2,13.4316,2016-12-31,12
12.96,2,0.0,6.3504,2017-03-28,3
26.48,1,0.0,10.0624,2017-03-28,3
532.72,2,0.2,53.272,2017-03-28,3
26.72,4,0.0,12.8256,2017-03-28,3
20.04,3,0.0,9.6192,2017-03-28,3
795.48,7,0.0,7.9548,2017-03-28,3
21.56,7,0.0,6.8992,2017-03-28,3
249.584,2,0.2,31.198,2016-12-08,12
68.112,3,0.2,17.8794,2016-12-08,12
16.56,3,0.2,-2.484,2016-12-08,12
74.95,5,0.0,36.7255,2017-11-18,11
355.455,3,0.5,-184.8366,2014-05-30,5
44.4,3,0.0,22.2,2016-01-22,1
20.65,5,0.0,9.499,2016-01-22,1
866.4,4,0.0,225.264,2016-02-03,2
5.56,2,0.0,1.4456,2015-03-29,3
3.16,4,0.8,-8.532,2014-10-14,10
1999.96,5,0.2,624.9875,2014-10-14,10
46.152,3,0.2,12.1149,2015-08-11,8
32.985,3,0.5,-1.9791,2015-11-22,11
481.32,4,0.0,125.1432,2016-12-30,12
6.384,1,0.2,2.1546,2016-12-30,12
542.94,3,0.0,152.0232,2017-08-12,8
54.92,4,0.0,19.7712,2017-08-12,8
1448.82,10,0.1,209.274,2015-11-03,11
353.88,6,0.0,17.694,2015-09-10,9
333.576,3,0.2,25.0182,2014-11-08,11
60.144,6,0.2,20.2986,2016-10-08,10
85.2,6,0.2,20.235,2017-09-08,9
3.15,1,0.0,1.512,2015-02-25,2
22.72,4,0.0,10.224,2015-02-25,2
14.91,3,0.0,4.6221,2015-09-24,9
1158.12,4,0.0,335.8548,2015-09-24,9
599.99,1,0.0,233.9961,2015-11-26,11
23.968,2,0.2,2.3968,2016-08-31,8
638.288,7,0.2,-31.9144,2016-04-12,4
13.208,1,0.2,4.6228,2016-04-12,4
15.528,3,0.2,5.823,2016-12-04,12
104.85,1,0.0,50.328,2016-12-04,12
30.48,3,0.0,7.9248,2014-11-11,11
112.648,1,0.2,11.2648,2014-11-11,11
71.976,3,0.2,24.2919,2015-04-02,4
2.21,1,0.0,0.5967,2015-12-12,12
15.52,4,0.0,7.4496,2015-12-12,12
36.44,4,0.0,16.398,2015-12-12,12
217.764,6,0.7,-384.7164,2017-10-02,10
39.072,6,0.2,4.3956,2017-10-02,10
22.638,7,0.7,-16.6012,2017-10-02,10
95.144,7,0.2,10.7037,2017-10-02,10
12.32,5,0.2,1.848,2017-04-10,4
4.419,3,0.7,-3.0933,2017-04-10,4
35.0,7,0.0,16.8,2017-09-29,9
72.784,1,0.2,0.0,2017-09-29,9
97.84,2,0.0,25.4384,2017-09-29,9
51.75,1,0.0,15.525,2017-09-29,9
46.672,2,0.2,16.3352,2017-09-29,9
1395.54,9,0.0,362.8404,2014-09-29,9
117.36,4,0.0,36.3816,2014-09-29,9
18.9,3,0.0,8.694,2014-09-29,9
77.52,2,0.0,37.9848,2014-09-29,9
421.372,2,0.3,-6.0196,2014-08-20,8
575.968,4,0.2,43.1976,2014-07-11,7
10.368,2,0.2,3.6288,2014-07-11,7
15.984,2,0.2,1.1988,2015-03-22,3
10.272,3,0.2,1.1556,2017-05-12,5
61.792,4,0.2,6.1792,2017-11-13,11
205.9992,3,0.32,-27.2646,2017-11-13,11
12.192,3,0.2,4.1148,2016-09-04,9
87.168,2,0.2,8.7168,2016-09-04,9
31.744,2,0.2,8.3328,2016-09-04,9
132.224,4,0.2,-18.1808,2016-02-06,2
105.52,4,0.0,48.5392,2015-03-22,3
91.96,2,0.0,15.6332,2015-03-22,3
1487.976,3,0.2,185.997,2015-03-22,3
19.44,3,0.0,9.3312,2015-07-02,7
11.672,1,0.2,-0.7295,2015-06-15,6
279.96,4,0.0,78.3888,2014-11-26,11
12.912,3,0.2,4.6806,2014-11-26,11
17.088,4,0.2,5.7672,2014-11-26,11
93.15,9,0.0,44.712,2014-11-26,11
11.52,4,0.0,5.6448,2014-11-26,11
238.62,2,0.0,4.7724,2017-05-12,5
7.77,1,0.0,2.0979,2017-05-12,5
285.48,5,0.2,-10.7055,2017-05-12,5
19.168,4,0.2,6.4692,2017-05-12,5
26.136,3,0.2,1.9602,2014-05-02,5
419.4,4,0.0,201.312,2017-09-03,9
90.801,1,0.1,14.1246,2017-09-03,9
181.764,2,0.1,-8.0784,2017-09-03,9
5.56,2,0.0,2.224,2017-09-03,9
581.96,2,0.0,104.7528,2016-12-03,12
29.98,1,0.0,8.0946,2016-12-03,12
519.96,4,0.0,176.7864,2015-07-18,7
6.264,3,0.2,2.0358,2016-07-21,7
363.92,5,0.2,0.0,2016-07-21,7
64.2,5,0.7,-42.8,2015-06-09,6
38.52,3,0.7,-26.964,2015-06-09,6
72.6,5,0.2,-8.1675,2015-06-09,6
57.568,4,0.2,5.7568,2017-11-27,11
83.7,5,0.0,3.348,2015-03-27,3
32.4,5,0.0,15.552,2015-09-22,9
47.98,2,0.0,11.0354,2015-09-22,9
415.968,4,0.2,51.996,2015-11-17,11
304.9,5,0.0,6.098,2015-11-17,11
80.96,4,0.0,29.1456,2015-11-17,11
777.21,7,0.0,54.4047,2015-11-17,11
32.4,5,0.0,15.552,2015-11-17,11
225.568,2,0.2,2.8196,2015-11-17,11
36.6,3,0.0,15.372,2015-11-17,11
715.64,2,0.0,178.91,2015-11-10,11
795.51,3,0.0,143.1918,2015-11-10,11
549.99,1,0.0,274.995,2015-11-10,11
74.76,3,0.0,34.3896,2015-11-10,11
29.22,3,0.0,12.8568,2015-11-10,11
9.64,2,0.0,4.7236,2014-09-10,9
33.488,7,0.2,-1.2558,2015-08-05,8
23.04,3,0.2,-4.896,2015-08-05,8
1.362,1,0.8,-2.1792,2015-08-05,8
14.76,5,0.6,-11.439,2015-08-05,8
239.666,2,0.15,14.098,2017-09-03,9
301.96,2,0.0,45.294,2015-11-01,11
7.968,2,0.2,2.8884,2015-04-29,4
109.92,2,0.0,53.8608,2016-05-01,5
19.44,3,0.0,9.3312,2016-05-01,5
11.16,2,0.0,4.3524,2016-05-01,5
79.47,3,0.0,22.2516,2014-08-05,8
4.56,2,0.0,2.0064,2014-08-05,8
1133.35,5,0.0,294.671,2014-08-05,8
4.672,1,0.2,0.584,2016-01-04,1
104.58,6,0.7,-80.178,2016-01-04,1
1603.136,4,0.2,100.196,2016-11-07,11
1293.488,7,0.2,80.843,2016-06-14,6
127.95,3,0.0,21.7515,2016-09-24,9
59.76,1,0.0,16.7328,2017-03-30,3
108.08,7,0.0,54.04,2017-06-04,6
9.54,3,0.0,4.3884,2017-06-04,6
11.736,3,0.2,1.0269,2015-04-07,4
447.86,7,0.0,219.4514,2014-05-21,5
17.94,3,0.0,8.7906,2014-05-21,5
245.88,6,0.0,68.8464,2014-05-21,5
192.16,4,0.0,92.2368,2016-09-05,9
801.568,2,0.2,50.098,2016-09-18,9
368.91,9,0.0,180.7659,2016-09-18,9
885.528,9,0.2,-99.6219,2016-09-18,9
28.28,2,0.0,7.3528,2016-03-13,3
4912.59,3,0.0,196.5036,2016-03-13,3
14.352,3,0.2,5.0232,2014-10-16,10
179.97,3,0.0,86.3856,2014-10-16,10
42.76,1,0.0,11.1176,2017-10-08,10
45.68,2,0.0,21.0128,2015-05-07,5
25.06,2,0.0,11.7782,2016-04-14,4
38.432,1,0.2,13.4512,2016-11-21,11
21.568,2,0.2,1.6176,2016-11-21,11
81.576,3,0.2,2.0394,2016-11-21,11
2.78,1,0.0,1.3622,2017-09-10,9
99.87,3,0.0,23.9688,2017-09-09,9
44.4,3,0.0,22.2,2014-11-01,11
21.4,5,0.0,9.63,2014-11-01,11
71.12,4,0.0,22.0472,2016-04-03,4
259.96,4,0.0,124.7808,2016-04-03,4
9.78,1,0.0,4.89,2017-01-12,1
24.192,9,0.2,7.56,2015-11-20,11
31.56,3,0.0,10.4148,2016-11-27,11
59.94,3,0.0,28.1718,2017-11-06,11
45.36,4,0.0,22.2264,2017-11-06,11
26.4,5,0.0,12.672,2017-11-06,11
41.4,4,0.0,19.872,2017-11-06,11
16.95,1,0.0,1.017,2017-11-06,11
24.704,2,0.2,9.264,2016-12-02,12
59.7,3,0.0,26.865,2016-12-02,12
14.52,3,0.0,5.6628,2016-12-02,12
104.184,3,0.2,33.8598,2016-12-02,12
46.53,3,0.0,13.0284,2016-12-17,12
25.5,3,0.0,6.63,2014-08-24,8
14.9,5,0.0,1.043,2015-09-17,9
87.71,7,0.0,41.2237,2015-09-17,9
199.764,2,0.1,8.8784,2015-09-17,9
94.6,4,0.0,27.434,2015-09-17,9
4228.704,6,0.2,158.5764,2015-09-17,9
2003.92,5,0.2,-25.049,2015-09-17,9
209.97,3,0.0,58.7916,2015-09-17,9
659.9,2,0.0,217.767,2015-09-17,9
110.96,2,0.0,53.2608,2015-09-17,9
67.8,4,0.0,1.356,2015-09-17,9
313.176,2,0.4,-120.0508,2016-11-26,11
22.96,7,0.0,6.6584,2017-11-19,11
1099.5,10,0.0,362.835,2017-06-03,6
1215.92,8,0.0,316.1392,2014-04-08,4
7.31,1,0.0,3.4357,2014-10-11,10
8.92,4,0.0,3.9248,2014-10-11,10
87.21,3,0.5,-45.3492,2017-07-07,7
15.552,3,0.2,5.4432,2017-07-07,7
683.988,2,0.4,-113.998,2017-07-07,7
13.392,3,0.2,1.0044,2017-07-07,7
16.776,3,0.2,4.8231,2017-07-07,7
527.92,2,0.2,85.787,2017-07-07,7
25.4,5,0.0,8.636,2016-07-04,7
177.48,3,0.2,19.9665,2016-07-04,7
71.976,3,0.2,8.997,2016-07-04,7
95.992,1,0.2,9.5992,2017-05-19,5
13.216,4,0.2,4.2952,2017-05-19,5
435.84,12,0.0,130.752,2017-10-12,10
5.88,2,0.0,1.5876,2017-10-12,10
211.168,4,0.2,18.4772,2016-08-06,8
6.28,1,0.0,2.6376,2014-08-25,8
95.1,5,0.0,30.432,2014-08-25,8
25.92,4,0.0,12.4416,2014-08-25,8
48.84,4,0.0,13.1868,2014-08-25,8
25.9,5,0.0,12.691,2015-09-14,9
42.68,4,0.0,19.6328,2017-03-05,3
299.97,3,0.0,125.9874,2017-03-05,3
262.24,2,0.0,78.672,2017-03-05,3
234.36,6,0.0,112.4928,2017-03-05,3
20.736,4,0.2,7.2576,2017-04-15,4
10.5,5,0.0,2.94,2014-03-30,3
23.968,2,0.2,7.7896,2014-11-11,11
521.96,4,0.5,-250.5408,2014-11-11,11
676.55,5,0.0,6.7655,2016-03-12,3
154.9,5,0.0,40.274,2016-03-12,3
30.56,4,0.0,14.9744,2016-03-12,3
770.352,3,0.2,77.0352,2016-03-12,3
21.12,4,0.0,6.5472,2017-02-09,2
575.928,9,0.2,57.5928,2014-11-11,11
7.78,2,0.0,2.0228,2014-11-11,11
123.92,4,0.0,55.764,2014-11-11,11
17.22,3,0.0,5.166,2017-08-20,8
226.56,6,0.0,63.4368,2017-08-20,8
107.88,3,0.2,10.788,2017-08-20,8
81.98,2,0.0,40.1702,2016-01-15,1
104.85,1,0.0,50.328,2014-07-20,7
8.704,2,0.2,3.1552,2014-07-20,7
19.92,4,0.0,9.7608,2014-07-20,7
43.02,3,0.0,15.4872,2014-07-20,7
240.784,1,0.2,30.098,2017-02-06,2
414.96,2,0.0,124.488,2015-12-25,12
387.72,5,0.2,-67.851,2016-10-08,10
360.38,2,0.0,93.6988,2017-07-13,7
13.56,2,0.0,6.2376,2017-07-13,7
552.0,10,0.2,34.5,2017-04-24,4
429.9,5,0.0,111.774,2014-09-07,9
32.06,2,0.0,15.3888,2014-09-07,9
161.96,2,0.0,45.3488,2014-09-07,9
19.86,2,0.0,5.7594,2014-09-07,9
12.96,2,0.0,6.3504,2016-11-21,11
20.544,6,0.2,6.42,2017-09-16,9
185.58,6,0.0,76.0878,2016-07-19,7
77.56,2,0.0,35.6776,2016-07-19,7
87.92,4,0.0,0.8792,2016-07-19,7
245.94,6,0.0,120.5106,2016-07-19,7
8.6,1,0.0,4.042,2016-07-19,7
504.9,5,0.0,126.225,2016-07-19,7
2357.488,7,0.2,884.058,2017-09-15,9
369.544,7,0.2,32.3351,2017-09-15,9
184.752,3,0.2,-20.7846,2017-09-15,9
64.96,5,0.2,-4.06,2016-12-11,12
13.52,2,0.2,1.69,2016-12-11,12
458.43,5,0.3,-137.529,2016-12-11,12
387.136,4,0.2,24.196,2016-12-11,12
328.59,3,0.4,-147.8655,2016-12-11,12
338.352,3,0.2,4.2294,2014-12-10,12
25.92,4,0.0,12.4416,2014-12-10,12
91.36,4,0.0,42.0256,2014-12-10,12
87.96,3,0.2,7.6965,2014-12-13,12
5.214,2,0.7,-4.1712,2014-12-13,12
12.294,1,0.7,-8.6058,2017-09-21,9
19.76,4,0.0,8.2992,2017-09-07,9
109.764,2,0.1,8.5372,2015-11-02,11
128.85,3,0.0,3.8655,2017-12-11,12
127.95,3,0.0,21.7515,2017-04-01,4
68.52,3,0.0,31.5192,2015-12-30,12
74.94,3,0.0,14.2386,2015-12-30,12
2548.56,6,0.2,286.713,2015-12-30,12
271.44,3,0.0,122.148,2015-12-30,12
287.88,3,0.2,35.985,2015-12-30,12
14.9,5,0.0,7.152,2016-03-10,3
4158.912,8,0.2,363.9048,2016-03-10,3
91.96,2,0.0,15.6332,2014-04-06,4
33.11,7,0.0,12.9129,2014-04-06,4
19.44,3,0.0,9.3312,2014-04-06,4
55.48,1,0.0,26.6304,2014-04-06,4
91.92,5,0.2,11.49,2014-10-05,10
17.34,2,0.0,4.6818,2016-08-13,8
71.98,2,0.0,15.1158,2016-08-13,8
7.08,3,0.2,2.478,2014-11-17,11
69.98,2,0.0,4.8986,2017-04-24,4
646.272,8,0.2,64.6272,2017-08-24,8
10.368,2,0.2,3.7584,2017-08-24,8
8.4,5,0.0,0.336,2017-02-23,2
71.96,5,0.2,25.186,2017-02-23,2
18.48,2,0.2,6.006,2016-11-19,11
9.84,3,0.0,2.8536,2016-11-14,11
239.24,1,0.2,23.924,2017-07-06,7
21.12,4,0.0,6.5472,2016-12-25,12
54.9,5,0.0,15.372,2017-04-23,4
15.24,3,0.0,5.1816,2015-12-14,12
19.568,2,0.8,-52.8336,2015-04-19,4
310.392,4,0.8,-512.1468,2015-04-19,4
42.6,3,0.0,16.614,2016-09-04,9
113.94,6,0.0,54.6912,2016-09-04,9
129.92,4,0.0,5.1968,2016-09-04,9
5.28,3,0.0,2.5344,2016-09-04,9
859.2,3,0.2,75.18,2017-09-24,9
506.28,3,0.2,177.198,2017-09-24,9
14.368,2,0.2,3.9512,2016-02-04,2
314.352,3,0.2,-35.3646,2017-05-19,5
27.888,7,0.2,10.1094,2017-05-19,5
238.152,3,0.2,89.307,2015-09-03,9
692.94,3,0.0,173.235,2016-06-09,6
16.146,9,0.7,-12.9168,2015-11-07,11
1345.485,5,0.7,-1031.5385,2015-11-07,11
173.488,7,0.2,54.215,2016-06-15,6
57.75,5,0.0,16.17,2015-04-25,4
272.4,5,0.0,76.272,2015-04-25,4
11.952,3,0.2,4.0338,2016-09-23,9
28.0,4,0.2,7.7,2016-09-23,9
12.201,7,0.7,-9.7608,2016-09-23,9
2.068,1,0.8,-3.4122,2016-08-18,8
83.84,8,0.2,30.392,2016-08-18,8
11.36,2,0.0,5.3392,2014-03-02,3
36.4,5,0.0,17.472,2014-03-02,3
27.968,2,0.2,6.992,2014-12-30,12
142.04,4,0.0,38.3508,2015-04-10,4
14.67,3,0.0,6.0147,2015-04-10,4
1199.96,5,0.2,224.9925,2015-12-25,12
12.6,3,0.0,6.174,2015-12-25,12
17.94,3,0.0,8.073,2015-12-25,12
23.904,6,0.2,7.7688,2015-04-05,4
88.96,8,0.2,10.008,2015-01-17,1
518.272,8,0.2,-97.176,2017-05-20,5
6.98,1,0.0,3.3504,2017-05-20,5
343.2,1,0.2,38.61,2017-05-20,5
17.544,3,0.2,5.9211,2017-08-13,8
152.688,2,0.2,-26.7204,2015-12-31,12
3.488,2,0.2,0.5668,2015-12-31,12
5.888,2,0.2,-1.3248,2015-12-31,12
153.552,3,0.2,51.8238,2017-12-25,12
270.62,2,0.0,2.7062,2017-12-25,12
468.9,6,0.0,206.316,2016-09-01,9
72.48,2,0.0,30.4416,2016-09-01,9
10.95,3,0.0,3.285,2016-09-01,9
191.82,3,0.0,61.3824,2016-09-01,9
151.056,9,0.2,7.5528,2017-08-05,8
25.16,5,0.6,-11.322,2014-02-18,2
6.216,6,0.8,-9.6348,2016-11-22,11
23.616,9,0.2,2.6568,2016-11-22,11
24.032,2,0.2,-0.6008,2016-11-22,11
2.088,1,0.2,0.6786,2016-11-22,11
4.488,6,0.8,-6.732,2016-11-22,11
29.22,3,0.0,12.8568,2015-12-14,12
6.48,1,0.0,3.1104,2015-06-13,6
1.188,2,0.7,-0.99,2017-12-28,12
272.646,3,0.1,18.1764,2017-09-20,9
212.8,2,0.0,95.76,2017-09-20,9
38.52,9,0.0,18.1044,2017-09-20,9
72.64,2,0.0,21.792,2017-09-20,9
45.4,4,0.0,12.712,2017-09-20,9
13.76,2,0.0,6.3296,2017-09-20,9
80.991,1,0.1,8.0991,2017-09-20,9
11.784,3,0.2,3.9771,2017-09-20,9
4.36,2,0.0,1.7876,2017-09-20,9
2888.127,11,0.1,609.7157,2017-09-20,9
1299.66,2,0.0,350.9082,2017-09-20,9
2254.41,5,0.1,375.735,2017-09-20,9
104.85,3,0.0,28.3095,2017-09-20,9
59.97,3,0.0,20.3898,2017-09-20,9
314.532,2,0.4,-83.8752,2017-08-22,8
13.632,4,0.2,3.5784,2015-06-18,6
19.432,2,0.8,-49.5516,2014-12-20,12
65.44,5,0.2,-8.18,2014-12-20,12
6.0,2,0.2,2.1,2016-09-11,9
1.908,3,0.8,-3.2436,2016-09-11,9
1474.802,7,0.3,-21.0686,2016-11-12,11
110.096,2,0.2,33.0288,2016-11-12,11
16.752,6,0.2,5.4444,2016-11-12,11
1537.074,9,0.3,0.0,2016-11-12,11
449.372,2,0.3,-12.8392,2016-11-12,11
41.904,6,0.2,14.1426,2016-03-14,3
2279.96,4,0.0,592.7896,2016-11-13,11
14.94,3,0.0,6.8724,2016-11-13,11
191.976,3,0.2,19.1976,2017-09-19,9
23.832,3,0.2,6.5538,2017-09-19,9
409.216,8,0.2,61.3824,2017-09-19,9
72.588,2,0.7,-128.2388,2017-09-19,9
61.568,2,0.2,4.6176,2017-12-04,12
20.96,4,0.2,6.812,2015-08-31,8
44.75,5,0.0,8.5025,2017-06-03,6
11.96,2,0.0,5.382,2017-06-03,6
3.912,1,0.2,1.2714,2017-06-03,6
327.996,6,0.1,54.666,2016-03-31,3
49.408,4,0.2,18.528,2014-10-25,10
53.25,3,0.0,20.7675,2017-03-26,3
3.76,2,0.0,1.316,2017-03-26,3
767.214,14,0.1,161.9674,2014-12-27,12
163.96,5,0.2,59.4355,2017-09-15,9
161.28,2,0.2,12.096,2016-08-16,8
192.8,4,0.0,55.912,2016-11-04,11
27.696,3,0.2,3.462,2015-10-18,10
73.164,6,0.8,-186.5682,2015-10-18,10
32.064,6,0.2,11.2224,2016-10-31,10
205.666,2,0.15,-12.098,2014-03-30,3
115.44,3,0.0,30.0144,2015-04-18,4
274.8,5,0.0,134.652,2017-07-09,7
195.64,4,0.0,3.9128,2017-07-09,7
257.98,2,0.0,74.8142,2017-07-09,7
119.04,6,0.0,48.8064,2017-07-09,7
20.07,3,0.0,9.2322,2017-06-27,6
11.76,4,0.0,3.1752,2014-12-22,12
11.76,4,0.0,3.1752,2017-11-21,11
40.736,2,0.2,14.7668,2017-11-21,11
201.584,2,0.2,12.599,2016-06-27,6
340.704,6,0.2,-34.0704,2017-12-28,12
354.9,5,0.0,88.725,2016-04-08,4
1198.33,10,0.15,70.49,2014-03-18,3
87.92,4,0.0,0.8792,2017-07-03,7
51.968,2,0.2,10.3936,2017-04-20,4
51.336,3,0.2,5.7753,2017-04-20,4
332.704,1,0.2,33.2704,2017-04-20,4
42.408,3,0.2,9.5418,2017-04-20,4
81.54,3,0.0,38.3238,2016-08-03,8
167.28,12,0.0,23.4192,2016-08-03,8
772.68,4,0.0,108.1752,2016-12-03,12
323.976,3,0.2,28.3479,2014-03-19,3
11.808,4,0.2,3.9852,2014-03-19,3
26.16,3,0.2,1.962,2014-03-19,3
33.57,5,0.7,-25.737,2014-03-19,3
4.992,3,0.2,1.3728,2014-03-19,3
20.016,3,0.2,5.5044,2014-03-19,3
170.24,2,0.2,53.2,2014-03-19,3
117.456,3,0.2,44.046,2015-04-20,4
22.96,2,0.0,11.2504,2015-09-19,9
13.36,2,0.0,6.4128,2014-08-27,8
34.248,3,0.2,11.5587,2016-12-19,12
3.52,2,0.0,1.0208,2016-12-19,12
26.7,5,0.0,12.549,2014-08-02,8
21.2,2,0.0,9.116,2014-08-02,8
838.38,2,0.0,226.3626,2014-08-02,8
1690.04,4,0.0,422.51,2015-09-21,9
85.96,7,0.0,24.0688,2015-09-21,9
121.96,2,0.0,57.3212,2015-09-21,9
23.92,4,0.0,11.7208,2015-09-21,9
63.96,2,0.0,6.396,2015-09-21,9
629.95,5,0.0,176.386,2015-09-21,9
113.73,3,0.0,32.9817,2015-09-21,9
14.6,2,0.0,6.862,2015-09-21,9
887.84,8,0.0,17.7568,2015-09-21,9
403.92,5,0.2,25.245,2016-12-11,12
106.8,10,0.2,10.68,2015-08-07,8
70.95,3,0.0,20.5755,2015-11-15,11
34.944,6,0.2,11.7936,2015-11-15,11
119.04,6,0.0,35.712,2015-11-15,11
383.84,4,0.2,47.98,2017-04-04,4
799.56,9,0.0,207.8856,2016-12-24,12
31.44,3,0.0,8.4888,2017-12-13,12
25.92,5,0.2,9.072,2017-12-22,12
6.33,5,0.8,-9.8115,2017-12-22,12
75.88,5,0.2,26.558,2017-12-22,12
329.988,2,0.4,-76.9972,2017-10-21,10
71.376,3,0.2,-4.461,2017-10-21,10
63.77,7,0.0,28.6965,2015-11-13,11
50.97,3,0.0,13.2522,2015-11-13,11
96.08,2,0.0,46.1184,2015-11-13,11
1439.968,4,0.2,485.9892,2015-04-16,4
43.56,3,0.2,-4.9005,2015-04-16,4
563.92,5,0.2,7.049,2016-12-16,12
235.152,8,0.4,-47.0304,2016-10-21,10
7.712,2,0.2,1.7352,2017-12-01,12
51.016,7,0.2,15.9425,2016-10-20,10
25.248,4,0.2,7.89,2016-10-20,10
56.686,1,0.3,-14.5764,2016-10-20,10
51.168,2,0.2,-6.396,2017-09-29,9
2793.528,9,0.2,942.8157,2017-08-18,8
1000.02,7,0.0,290.0058,2017-08-18,8
65.94,3,0.0,22.4196,2017-08-18,8
18.24,3,0.0,9.12,2017-11-12,11
76.12,2,0.0,22.0748,2017-11-12,11
7.64,1,0.0,3.7436,2014-10-11,10
68.16,3,0.0,27.9456,2015-11-28,11
62.24,8,0.0,29.2528,2015-11-28,11
29.97,3,0.0,0.2997,2015-07-27,7
125.7,6,0.0,35.196,2016-10-20,10
191.98,2,0.0,51.8346,2016-10-20,10
20.86,7,0.0,1.4602,2016-10-20,10
56.7,9,0.0,26.082,2017-09-14,9
72.704,4,0.2,19.0848,2017-12-23,12
12.264,7,0.2,1.0731,2017-12-23,12
218.352,3,0.2,-54.588,2017-12-23,12
66.294,1,0.7,-103.8606,2015-10-05,10
291.168,4,0.2,-14.5584,2015-10-05,10
88.776,3,0.2,7.7679,2014-11-02,11
110.376,4,0.4,-20.2356,2016-01-22,1
55.176,3,0.2,15.8631,2016-01-22,1
30.32,4,0.0,11.8248,2017-07-11,7
177.568,2,0.2,8.8784,2017-09-11,9
19.44,3,0.0,9.3312,2017-09-11,9
71.28,11,0.0,34.2144,2017-09-11,9
1471.96,5,0.2,459.9875,2017-09-11,9
79.96,5,0.2,-17.991,2017-09-11,9
57.576,3,0.2,21.591,2016-02-23,2
26.336,4,0.2,9.2176,2016-01-22,1
166.5,3,0.0,21.645,2015-12-12,12
360.38,2,0.0,93.6988,2015-12-12,12
11.744,1,0.2,3.8168,2016-10-29,10
247.44,8,0.0,101.4504,2017-05-28,5
18.24,2,0.7,-14.592,2014-12-21,12
25.35,3,0.0,7.605,2016-11-24,11
119.04,6,0.0,30.9504,2015-11-20,11
22.14,3,0.0,6.4206,2015-11-20,11
13.98,2,0.0,6.0114,2015-11-20,11
43.41,1,0.0,19.9686,2017-05-29,5
6.24,3,0.0,2.6208,2017-05-29,5
465.16,2,0.0,120.9416,2017-05-29,5
7.98,1,0.0,3.99,2017-05-29,5
2.394,1,0.8,-6.3441,2014-12-02,12
58.32,9,0.0,27.9936,2014-04-07,4
200.97,3,0.0,50.2425,2014-04-07,4
21.36,8,0.0,8.1168,2015-09-08,9
9.856,4,0.2,3.4496,2017-09-09,9
3.444,1,0.7,-2.5256,2015-09-06,9
384.592,2,0.2,-81.7258,2017-11-02,11
22.92,3,0.0,11.2308,2015-03-28,3
11.36,4,0.0,5.5664,2015-08-13,8
14.592,3,0.2,4.9248,2015-05-12,5
41.4,4,0.0,19.872,2017-07-23,7
442.372,7,0.8,-729.9138,2016-09-24,9
34.5,3,0.0,15.525,2017-05-05,5
28.85,5,0.0,14.425,2016-10-06,10
3.488,2,0.2,1.1772,2014-11-03,11
143.856,9,0.2,48.5514,2014-11-03,11
311.98,2,0.0,93.594,2015-10-01,10
22.45,5,0.0,10.327,2015-10-01,10
39.992,1,0.2,-7.9984,2017-12-02,12
1159.056,9,0.2,43.4646,2017-12-02,12
179.9,5,0.0,44.975,2017-12-02,12
116.312,7,0.2,23.2624,2017-12-11,12
12.42,3,0.0,4.4712,2016-07-17,7
428.4,3,0.0,89.964,2016-07-17,7
24.75,5,0.0,10.89,2016-07-17,7
87.71,7,0.0,41.2237,2016-07-17,7
69.52,2,0.0,17.38,2016-07-17,7
20.784,2,0.2,-4.6764,2016-07-17,7
12.816,3,0.2,4.1652,2016-07-17,7
5.904,2,0.2,1.9926,2017-05-12,5
63.824,2,0.2,9.5736,2015-11-20,11
141.552,3,0.2,-26.541,2015-11-20,11
304.9,5,0.0,143.303,2016-09-24,9
563.24,5,0.2,56.324,2016-09-24,9
661.176,2,0.4,-231.4116,2016-10-21,10
239.976,3,0.2,17.9982,2016-10-24,10
502.488,3,0.2,-87.9354,2014-07-08,7
196.704,6,0.2,68.8464,2014-07-08,7
915.136,4,0.2,102.9528,2015-03-13,3
327.76,8,0.0,91.7728,2015-03-13,3
701.96,2,0.0,168.4704,2017-12-02,12
88.776,3,0.2,7.7679,2015-04-22,4
64.14,3,0.0,16.6764,2015-04-22,4
33.552,1,0.2,12.582,2014-09-16,9
1737.18,6,0.0,503.7822,2014-12-28,12
704.25,5,0.0,84.51,2014-12-28,12
141.76,4,0.0,66.6272,2014-12-28,12
36.36,3,0.2,12.2715,2014-10-21,10
25.83,3,0.0,9.5571,2017-11-30,11
24.588,3,0.8,-38.1114,2014-06-06,6
13.984,2,0.2,4.7196,2014-06-06,6
195.96,5,0.2,19.596,2017-11-23,11
74.352,3,0.2,23.235,2017-06-18,6
6.68,1,0.0,3.2064,2017-05-05,5
17.584,7,0.2,-4.1762,2016-11-04,11
104.784,1,0.2,-14.4078,2016-11-04,11
47.952,3,0.2,16.7832,2016-11-04,11
650.352,3,0.2,-97.5528,2016-11-04,11
629.184,8,0.2,228.0792,2016-11-04,11
15.176,1,0.2,5.3116,2016-11-04,11
127.95,3,0.0,21.7515,2014-09-11,9
579.51,3,0.0,81.1314,2017-02-16,2
14.99,1,0.0,7.3451,2017-02-16,2
151.92,4,0.0,45.576,2014-11-24,11
196.62,2,0.0,96.3438,2014-11-24,11
144.12,3,0.0,69.1776,2014-11-24,11
15.96,2,0.0,7.98,2014-11-24,11
39.96,5,0.2,3.4965,2017-11-25,11
34.08,6,0.0,15.336,2017-11-25,11
10.368,2,0.2,3.6288,2017-09-28,9
7.752,3,0.2,2.8101,2014-10-13,10
15.28,2,0.0,7.4872,2014-06-03,6
65.97,3,0.0,31.0059,2014-06-17,6
33.4,5,0.0,16.032,2015-10-29,10
210.84,4,0.0,103.3116,2015-10-29,10
13.98,1,0.0,4.0542,2014-01-20,1
272.94,3,0.0,30.0234,2014-01-20,1
19.05,5,0.0,8.9535,2014-01-20,1
247.716,4,0.1,93.5816,2014-01-20,1
66.58,2,0.0,15.9792,2014-01-20,1
43.92,3,0.0,12.7368,2014-01-20,1
14.73,3,0.0,4.8609,2014-01-20,1
29.7,5,0.0,13.365,2014-01-20,1
49.12,4,0.0,23.0864,2014-07-11,7
18.28,5,0.2,6.398,2014-07-11,7
47.04,4,0.0,15.9936,2016-08-30,8
339.96,5,0.2,42.495,2016-08-30,8
87.8,4,0.0,43.9,2017-10-05,10
221.382,2,0.1,2.4598,2017-10-05,10
5199.96,4,0.0,1351.9896,2017-10-05,10
156.512,4,0.2,-35.2152,2016-12-31,12
119.85,3,0.0,52.734,2015-03-07,3
30.44,2,0.0,14.9156,2015-03-07,3
69.28,2,0.0,33.2544,2015-03-07,3
587.97,3,0.0,170.5113,2015-03-07,3
24.55,5,0.0,12.0295,2017-10-20,10
12.176,1,0.2,4.4138,2015-05-01,5
37.32,3,0.0,10.4496,2015-05-01,5
35.06,2,0.0,10.518,2015-05-01,5
108.4,5,0.6,-105.69,2017-09-03,9
361.376,2,0.2,27.1032,2017-11-03,11
2.412,1,0.7,-2.01,2015-09-13,9
8.39,1,0.0,2.0975,2015-09-06,9
337.98,2,0.0,101.394,2015-09-06,9
83.92,5,0.2,-13.637,2014-10-06,10
19.68,5,0.2,6.888,2017-01-23,1
25.92,4,0.0,12.4416,2017-01-23,1
6.48,1,0.0,3.1104,2017-01-23,1
86.352,6,0.2,8.6352,2017-01-23,1
56.3,2,0.0,15.764,2015-12-10,12
51.016,7,0.2,8.2901,2014-11-25,11
150.8,5,0.2,56.55,2017-11-21,11
1039.992,1,0.2,103.9992,2017-11-21,11
51.84,8,0.0,24.8832,2017-11-21,11
41.22,1,0.0,11.1294,2017-04-04,4
240.37,1,0.0,7.2111,2017-04-04,4
119.02,2,0.0,33.3256,2017-04-04,4
133.12,5,0.2,49.92,2017-05-19,5
38.08,5,0.6,-29.512,2016-10-03,10
113.568,2,0.2,12.7764,2016-11-21,11
83.92,4,0.0,21.8192,2017-10-03,10
6.63,3,0.0,3.1161,2017-10-03,10
371.97,3,0.0,66.9546,2017-10-03,10
561.584,2,0.2,70.198,2014-04-29,4
99.92,5,0.2,-1.249,2014-04-29,4
4.928,2,0.2,1.7248,2016-10-07,10
14.76,2,0.0,4.2804,2016-12-15,12
99.99,1,0.0,41.9958,2017-04-10,4
286.15,5,0.0,71.5375,2017-04-10,4
49.792,8,0.2,-11.8256,2014-04-08,4
299.975,5,0.5,-167.986,2016-03-29,3
158.376,4,0.4,-36.9544,2016-03-29,3
32.784,4,0.8,-52.4544,2017-01-15,1
47.984,2,0.2,14.3952,2017-01-15,1
62.592,8,0.2,13.3008,2017-01-15,1
4.276,1,0.8,-6.6278,2017-01-15,1
10.56,2,0.0,4.752,2014-01-30,1
229.94,2,0.0,6.8982,2014-01-30,1
311.15,5,0.0,146.2405,2015-02-07,2
12.96,2,0.0,6.3504,2015-02-07,2
14.62,2,0.0,6.7252,2016-12-14,12
5.76,2,0.0,2.8224,2016-12-14,12
21.48,6,0.0,10.5252,2016-12-14,12
396.92,4,0.0,198.46,2016-12-14,12
17.15,1,0.0,4.6305,2016-12-14,12
23.12,2,0.2,7.803,2016-12-14,12
5.248,2,0.2,0.5904,2017-10-31,10
824.95,5,0.0,247.485,2017-08-06,8
24.64,8,0.0,11.8272,2017-08-06,8
227.88,6,0.0,68.364,2017-08-06,8
241.96,2,0.0,33.8744,2017-05-30,5
3.89,1,0.0,1.8672,2017-05-30,5
8.01,3,0.0,3.0438,2017-05-30,5
177.48,3,0.2,19.9665,2015-11-30,11
569.568,2,0.2,7.1196,2017-08-31,8
149.73,7,0.0,43.4217,2017-08-31,8
899.43,5,0.3,-12.849,2017-05-14,5
46.2,5,0.2,5.775,2017-05-14,5
47.952,3,0.2,16.1838,2017-05-14,5
7.992,1,0.2,0.6993,2017-05-14,5
76.864,2,0.2,26.9024,2017-05-14,5
102.93,3,0.0,48.3771,2017-08-17,8
98.16,6,0.0,9.816,2017-08-17,8
11.52,5,0.7,-7.68,2017-11-10,11
83.88,1,0.2,29.358,2017-08-21,8
108.576,4,0.4,-25.3344,2016-03-08,3
5.984,2,0.2,-1.3464,2016-03-08,3
21.96,2,0.0,6.1488,2016-10-31,10
368.97,3,0.0,81.1734,2016-10-31,10
12.39,3,0.0,3.4692,2016-10-31,10
332.94,3,0.0,9.9882,2016-10-31,10
111.93,7,0.0,34.6983,2014-07-26,7
454.272,8,0.2,-73.8192,2015-10-24,10
19.44,3,0.0,9.3312,2017-08-19,8
8399.976,4,0.4,1119.9968,2016-05-23,5
6.294,1,0.7,-4.196,2016-05-23,5
10.368,2,0.2,3.6288,2016-05-23,5
122.382,3,0.4,-24.4764,2016-05-23,5
25.984,2,0.2,-1.624,2014-11-03,11
945.036,6,0.4,-299.2614,2014-11-03,11
14.301,7,0.7,-10.4874,2014-11-03,11
410.352,3,0.2,-51.294,2014-11-03,11
23.52,5,0.2,8.526,2015-03-30,3
180.96,5,0.2,13.572,2015-03-30,3
35.0,4,0.0,14.7,2017-05-27,5
477.15,5,0.0,28.629,2017-05-27,5
302.376,3,0.2,22.6782,2017-05-27,5
974.988,4,0.3,-97.4988,2017-12-14,12
589.41,5,0.1,-6.549,2014-10-04,10
34.7,5,0.0,12.492,2016-10-13,10
99.87,3,0.0,23.9688,2016-10-13,10
37.94,2,0.0,18.2112,2016-10-13,10
24.9,5,0.0,11.454,2016-10-13,10
82.26,3,0.0,33.7266,2016-10-13,10
7.104,6,0.2,2.4864,2015-03-05,3
103.5,5,0.6,-77.625,2017-03-04,3
2.464,1,0.2,0.8624,2017-03-04,3
8.72,1,0.2,0.654,2017-03-04,3
10.76,2,0.0,5.1648,2015-09-25,9
45.68,2,0.0,21.0128,2015-09-25,9
6.7,1,0.0,2.211,2015-09-25,9
158.376,3,0.2,13.8579,2015-12-19,12
3.44,2,0.2,0.559,2015-10-08,10
56.56,2,0.0,15.2712,2017-07-31,7
36.96,7,0.0,11.4576,2017-07-31,7
135.99,1,0.0,36.7173,2014-08-05,8
15.96,7,0.0,7.0224,2014-08-05,8
3.76,2,0.0,1.0904,2017-05-14,5
14.7,5,0.0,6.615,2017-05-14,5
37.2,5,0.0,9.3,2017-05-14,5
89.97,3,0.0,18.8937,2017-05-14,5
261.96,2,0.0,23.5764,2017-05-14,5
74.0,5,0.0,37.0,2017-05-14,5
13.28,2,0.0,6.3744,2016-09-22,9
84.96,6,0.2,6.372,2015-11-13,11
68.46,7,0.0,25.3302,2017-05-22,5
2079.4,5,0.0,582.232,2016-12-02,12
629.95,5,0.0,176.386,2016-12-02,12
72.42,6,0.0,23.8986,2016-12-02,12
131.98,2,0.0,35.6346,2015-08-29,8
114.52,7,0.0,11.452,2015-08-29,8
100.24,10,0.2,33.831,2014-06-06,6
871.8,3,0.2,87.18,2016-03-18,3
61.96,4,0.5,-53.2856,2014-01-14,1
4.554,3,0.7,-3.4914,2017-06-03,6
5.2,2,0.2,0.585,2017-06-03,6
205.992,1,0.2,-2.5749,2017-06-03,6
15.552,3,0.2,5.4432,2017-06-03,6
503.96,5,0.2,50.396,2017-06-03,6
24.472,7,0.2,1.8354,2017-06-03,6
241.568,2,0.2,0.0,2017-06-03,6
110.4,2,0.2,-4.14,2017-06-03,6
384.768,2,0.4,-115.4304,2017-06-03,6
78.66,6,0.0,36.1836,2017-06-03,6
45.36,4,0.0,22.2264,2017-06-03,6
962.08,4,0.2,156.338,2015-03-21,3
12.843,3,0.7,-9.8463,2015-03-21,3
295.456,14,0.2,96.0232,2015-03-21,3
32.4,5,0.0,15.552,2017-09-19,9
103.936,4,0.2,16.8896,2014-09-15,9
289.568,2,0.2,10.8588,2016-11-20,11
39.72,5,0.2,4.4685,2016-11-20,11
244.768,4,0.2,24.4768,2016-11-20,11
24.0,2,0.2,-2.7,2017-10-28,10
15.552,3,0.2,5.4432,2017-10-28,10
26.176,2,0.2,-3.272,2017-10-28,10
20.94,3,0.0,6.0726,2015-07-24,7
135.09,9,0.0,62.1414,2015-07-24,7
279.86,14,0.0,64.3678,2015-07-24,7
90.06,6,0.0,41.4276,2015-07-24,7
539.964,6,0.4,-107.9928,2014-11-02,11
50.232,7,0.4,-10.0464,2014-11-02,11
19.242,3,0.7,-13.4694,2014-11-02,11
1247.64,3,0.0,349.3392,2017-11-17,11
5.304,3,0.2,0.4641,2016-06-26,6
19.136,4,0.2,5.98,2016-10-09,10
332.832,4,0.2,-24.9624,2016-10-09,10
279.9,5,0.0,137.151,2017-12-20,12
50.352,3,0.2,17.6232,2017-12-20,12
34.02,3,0.0,16.6698,2017-12-20,12
23.88,6,0.0,8.1192,2017-03-06,3
11.52,4,0.0,5.6448,2017-03-06,3
286.93,7,0.0,140.5957,2017-03-06,3
206.384,2,0.2,23.2182,2017-03-06,3
218.352,3,0.2,0.0,2017-09-15,9
529.9,5,0.0,105.98,2017-09-15,9
99.3,10,0.0,41.706,2017-09-15,9
108.96,2,0.0,30.5088,2017-09-15,9
2.688,1,0.2,0.84,2017-09-15,9
5443.96,4,0.0,2504.2216,2017-01-16,1
302.67,3,0.0,72.6408,2017-01-16,1
56.07,7,0.0,25.2315,2017-01-16,1
10.08,2,0.2,3.276,2016-07-07,7
59.994,1,0.4,-12.9987,2016-07-07,7
5.715,5,0.7,-4.7625,2016-07-07,7
9.42,5,0.7,-7.85,2016-07-07,7
1999.96,4,0.0,899.982,2016-12-23,12
216.4,4,0.0,56.264,2014-12-22,12
6.936,3,0.2,2.3409,2014-02-23,2
4.428,3,0.8,-6.8634,2014-02-23,2
8.8,5,0.0,2.552,2017-12-04,12
142.8,1,0.0,29.988,2017-12-04,12
399.95,5,0.0,143.982,2017-12-04,12
2152.776,3,0.2,726.5619,2014-11-17,11
4007.84,10,0.2,-50.098,2014-11-17,11
328.59,3,0.4,-147.8655,2014-10-20,10
98.352,3,0.2,-24.588,2014-10-20,10
158.99,1,0.0,41.3374,2015-10-25,10
291.1,5,0.0,75.686,2015-10-25,10
73.68,6,0.0,34.6296,2017-11-16,11
139.92,2,0.0,23.7864,2017-11-16,11
107.88,3,0.2,10.788,2017-11-16,11
33.29,1,0.0,7.9896,2017-11-16,11
58.17,5,0.7,-46.536,2017-05-14,5
5.04,2,0.2,1.764,2017-05-14,5
24.784,1,0.2,7.745,2017-05-14,5
634.116,6,0.3,-172.1172,2014-03-01,3
17.472,3,0.2,5.6784,2014-03-01,3
155.88,6,0.0,38.97,2015-07-30,7
327.564,4,0.1,21.8376,2015-11-01,11
13.36,2,0.0,6.4128,2017-12-16,12
158.9,5,0.0,7.945,2017-12-16,12
319.968,4,0.2,71.9928,2014-10-20,10
505.32,3,0.2,31.5825,2014-10-20,10
3.808,1,0.2,1.2376,2014-10-20,10
8.682,1,0.8,-14.7594,2014-10-20,10
24.424,1,0.2,7.9378,2014-10-20,10
1522.638,9,0.1,169.182,2015-06-05,6
419.9,5,0.0,197.353,2016-07-21,7
3.15,1,0.0,1.512,2016-07-21,7
33.62,5,0.8,-90.774,2017-03-31,3
16.14,3,0.0,7.9086,2014-05-07,5
194.25,2,0.3,-38.85,2014-05-07,5
8.64,3,0.0,2.5056,2014-05-07,5
872.32,4,0.0,244.2496,2014-05-07,5
243.992,4,0.8,-426.986,2017-02-05,2
7.12,5,0.2,0.712,2017-02-05,2
2.688,2,0.2,1.008,2014-04-18,4
317.058,3,0.3,-18.1176,2014-04-18,4
149.352,3,0.2,50.4063,2014-04-18,4
227.976,3,0.2,28.497,2014-04-18,4
11.96,2,0.0,5.8604,2016-05-10,5
563.4,4,0.0,67.608,2016-11-25,11
319.92,8,0.0,118.3704,2016-11-25,11
1049.44,8,0.0,440.7648,2017-03-03,3
170.352,3,0.2,-17.0352,2017-03-03,3
173.94,6,0.0,50.4426,2015-12-06,12
1007.944,7,0.2,75.5958,2014-08-25,8
6.68,1,0.0,3.2064,2016-10-22,10
8.34,3,0.0,2.2518,2016-10-22,10
101.94,3,0.0,30.582,2016-10-22,10
179.97,3,0.0,86.3856,2016-08-07,8
101.94,6,0.0,29.5626,2017-07-21,7
271.96,4,0.0,67.99,2017-07-21,7
8.8,5,0.0,3.872,2017-07-21,7
19.68,6,0.0,5.7072,2017-07-21,7
302.94,3,0.0,69.6762,2017-07-21,7
14.94,3,0.0,7.1712,2017-07-21,7
231.72,2,0.0,11.586,2017-07-21,7
9.912,3,0.2,3.2214,2014-03-23,3
34.65,3,0.0,9.702,2015-04-30,4
19.8,5,0.2,1.7325,2015-04-30,4
33.568,2,0.2,11.7488,2016-06-13,6
125.93,7,0.0,35.2604,2015-05-04,5
11.76,5,0.7,-7.84,2017-04-23,4
5.344,1,0.2,1.8704,2017-04-23,4
1.365,1,0.7,-0.91,2014-06-06,6
62.016,2,0.2,22.4808,2014-06-06,6
60.72,3,0.0,23.6808,2014-12-02,12
146.82,3,0.0,73.41,2014-12-02,12
239.84,8,0.0,64.7568,2014-12-02,12
15.66,6,0.0,7.2036,2014-12-02,12
146.352,3,0.2,-32.9292,2017-06-17,6
5.94,3,0.0,0.0,2016-05-26,5
45.36,7,0.0,21.7728,2016-05-26,5
211.168,4,0.2,23.7564,2016-05-26,5
484.704,6,0.2,-84.8232,2016-05-26,5
371.976,3,0.2,116.2425,2016-05-26,5
89.82,6,0.0,25.1496,2015-03-10,3
19.296,3,0.2,6.03,2016-10-20,10
191.96,2,0.0,51.8292,2015-04-21,4
21.3,3,0.0,9.798,2015-04-21,4
469.95,5,0.0,131.586,2015-04-21,4
209.88,3,0.0,35.6796,2015-04-21,4
239.666,2,0.15,14.098,2016-06-17,6
22.5,6,0.0,10.8,2016-06-17,6
219.84,4,0.0,107.7216,2016-06-17,6
32.4,5,0.0,15.552,2017-01-13,1
209.94,6,0.0,54.5844,2017-01-13,1
4164.05,5,0.0,83.281,2017-01-13,1
212.94,3,0.0,53.235,2017-01-13,1
41.88,6,0.0,12.1452,2014-09-06,9
58.48,8,0.0,27.4856,2014-09-06,9
102.438,1,0.3,-13.1706,2015-01-19,1
199.304,4,0.3,-8.5416,2015-01-19,1
6999.96,4,0.0,2239.9872,2014-12-14,12
12.96,2,0.0,6.2208,2014-05-23,5
279.86,14,0.0,134.3328,2015-09-19,9
7.38,5,0.7,-5.412,2015-10-02,10
698.352,3,0.2,52.3764,2016-12-25,12
1747.25,5,0.0,629.01,2016-12-25,12
54.48,1,0.0,15.2544,2016-05-06,5
199.99,1,0.0,85.9957,2016-10-24,10
68.541,11,0.7,-52.5481,2017-05-06,5
627.168,4,0.2,70.5564,2017-05-06,5
122.12,5,0.2,39.689,2017-05-06,5
6.99,3,0.0,2.0271,2017-11-27,11
107.424,6,0.2,36.2556,2017-11-27,11
1421.664,8,0.4,-734.5264,2014-10-31,10
125.88,6,0.0,60.4224,2017-08-05,8
79.78,2,0.0,29.5186,2017-08-05,8
133.2,9,0.0,66.6,2017-08-05,8
438.368,4,0.2,38.3572,2015-08-10,8
139.944,7,0.2,-31.4874,2015-08-10,8
133.472,4,0.2,15.0156,2015-08-10,8
564.195,3,0.5,-304.6653,2016-12-15,12
87.168,2,0.2,8.7168,2016-12-15,12
42.616,7,0.8,-68.1856,2017-09-08,9
319.984,2,0.2,107.9946,2017-09-08,9
45.92,5,0.2,15.498,2017-09-08,9
21.184,2,0.6,-11.6512,2017-09-08,9
20.736,4,0.2,7.2576,2017-09-08,9
213.43,5,0.3,-39.637,2017-09-08,9
333.576,3,0.2,25.0182,2017-02-20,2
31.992,1,0.2,4.7988,2017-02-20,2
51.168,2,0.2,-6.396,2017-02-20,2
10.64,5,0.2,3.857,2017-02-20,2
68.704,2,0.2,16.3172,2017-02-20,2
386.91,9,0.5,-185.7168,2017-02-20,2
39.66,2,0.0,11.898,2015-08-08,8
113.92,2,0.0,33.0368,2015-08-08,8
447.86,7,0.0,210.4942,2015-08-08,8
356.85,5,0.0,60.6645,2017-10-26,10
251.58,7,0.0,113.211,2017-10-26,10
219.84,5,0.2,79.692,2016-07-14,7
42.85,5,0.0,15.426,2017-05-12,5
6.16,2,0.0,2.9568,2017-05-12,5
17.0,2,0.0,4.42,2017-05-12,5
87.4,5,0.0,34.96,2017-05-12,5
29.84,2,0.0,13.428,2017-05-25,5
49.568,2,0.2,17.3488,2014-08-23,8
265.86,7,0.0,79.758,2015-09-11,9
67.96,4,0.0,12.2328,2015-09-05,9
10.92,6,0.0,4.914,2015-11-21,11
83.9,2,0.0,22.653,2015-11-21,11
19.75,5,0.0,5.135,2015-11-21,11
393.54,3,0.0,165.2868,2015-11-21,11
46.872,7,0.2,3.5154,2014-10-10,10
10.9,1,0.0,2.834,2017-09-02,9
79.92,4,0.0,37.5624,2017-09-02,9
146.82,3,0.0,73.41,2017-09-02,9
3.6,2,0.0,1.728,2017-01-01,1
20.04,6,0.0,8.8176,2014-11-05,11
180.016,1,0.2,-15.7514,2015-12-17,12
41.552,2,0.6,-19.7372,2015-12-17,12
13.12,5,0.2,1.476,2015-12-17,12
1117.92,4,0.0,55.896,2015-05-14,5
111.96,4,0.0,21.2724,2017-03-10,3
12.16,5,0.2,2.128,2017-12-02,12
17.52,4,0.0,8.4096,2017-07-31,7
155.88,6,0.0,54.558,2017-07-31,7
477.51,11,0.0,219.6546,2017-08-11,8
164.88,3,0.0,80.7912,2017-09-30,9
47.97,3,0.0,14.8707,2016-08-26,8
415.176,3,0.2,134.9322,2016-12-02,12
35.232,3,0.2,11.4504,2016-12-02,12
54.96,1,0.0,26.9304,2016-12-02,12
16.34,2,0.0,7.6798,2017-07-21,7
225.296,2,0.2,22.5296,2017-07-21,7
50.352,3,0.2,17.6232,2017-07-21,7
163.136,4,0.2,20.392,2015-05-20,5
6.408,4,0.7,-4.9128,2015-05-20,5
217.584,2,0.2,19.0386,2015-06-23,6
5.43,3,0.0,1.7919,2015-06-23,6
143.976,3,0.2,8.9985,2015-06-23,6
519.68,7,0.2,58.464,2016-09-10,9
7.83,3,0.0,3.6018,2014-04-13,4
883.84,4,0.2,99.432,2015-11-14,11
230.352,3,0.2,20.1558,2015-11-14,11
273.92,8,0.2,99.296,2016-12-09,12
9.912,3,0.2,1.239,2017-08-18,8
266.352,6,0.6,-292.9872,2017-12-14,12
56.328,3,0.6,-26.7558,2017-12-14,12
39.264,3,0.2,-4.908,2017-12-14,12
95.232,6,0.2,24.9984,2017-12-14,12
30.0,6,0.0,14.4,2016-04-08,4
25.92,4,0.0,12.7008,2016-04-08,4
159.92,4,0.0,31.984,2016-04-08,4
34.944,3,0.2,3.0576,2016-12-16,12
149.95,5,0.0,31.4895,2017-09-19,9
23.32,2,0.0,6.0632,2017-09-19,9
16.74,3,0.0,4.8546,2017-09-19,9
14.82,6,0.0,6.9654,2017-09-04,9
10.47,3,0.0,4.8162,2016-09-12,9
11.07,3,0.0,5.2029,2016-09-12,9
20.704,4,0.2,7.764,2016-09-12,9
177.2,5,0.0,83.284,2017-08-10,8
50.496,6,0.2,8.2056,2016-11-04,11
6.129,3,0.7,-4.4946,2015-06-18,6
643.136,4,0.2,56.2744,2015-06-18,6
20.736,4,0.2,7.2576,2015-06-18,6
177.536,4,0.2,62.1376,2014-07-04,7
32.432,2,0.2,3.2432,2014-07-04,7
11.696,2,0.2,3.9474,2015-12-20,12
113.76,3,0.0,44.3664,2016-04-10,4
579.51,3,0.0,81.1314,2016-04-10,4
150.66,9,0.0,6.0264,2016-04-10,4
48.032,4,0.2,15.6104,2016-04-10,4
102.624,3,0.2,7.6968,2014-05-26,5
359.772,2,0.3,-5.1396,2014-05-26,5
13.392,3,0.2,3.1806,2014-05-26,5
122.136,3,0.2,-13.7403,2017-07-06,7
35.88,6,0.0,16.146,2015-02-16,2
479.952,6,0.2,107.9892,2017-06-16,6
23.92,5,0.2,1.794,2017-06-16,6
629.95,5,0.0,163.787,2017-11-13,11
14.952,1,0.2,5.0463,2017-12-11,12
17.94,3,0.0,8.073,2017-12-11,12
116.98,2,0.0,29.245,2017-12-11,12
121.96,2,0.0,20.7332,2016-06-28,6
8.74,2,0.0,2.2724,2016-06-28,6
61.96,2,0.0,27.882,2016-06-28,6
7.96,2,0.0,3.7412,2016-06-28,6
275.24,4,0.0,121.1056,2016-06-28,6
47.4,5,0.0,18.96,2017-09-15,9
512.96,4,0.0,143.6288,2017-09-15,9
395.94,6,0.0,102.9444,2017-09-15,9
81.96,2,0.0,0.0,2017-09-15,9
32.776,1,0.2,2.4582,2017-12-02,12
272.94,3,0.0,0.0,2017-06-26,6
253.764,2,0.1,31.0156,2016-07-24,7
29.24,5,0.2,9.8685,2016-09-02,9
35.168,2,0.2,-8.3524,2016-09-02,9
1362.9,3,0.3,-19.47,2016-09-02,9
317.058,3,0.3,-18.1176,2017-04-20,4
15.76,2,0.2,3.546,2017-04-20,4
14.56,5,0.6,-6.188,2017-04-20,4
196.21,7,0.0,98.105,2014-08-12,8
35.4,5,0.0,13.452,2017-09-19,9
419.4,5,0.2,146.79,2017-12-09,12
13.005,3,0.7,-9.9705,2017-12-09,12
7.712,2,0.2,2.7956,2016-11-04,11
4.176,1,0.2,1.305,2016-11-04,11
38.88,6,0.0,18.6624,2016-11-04,11
17.64,4,0.0,8.1144,2015-03-29,3
93.456,3,0.2,-17.523,2016-09-05,9
449.91,9,0.0,157.4685,2017-01-28,1
344.94,3,0.0,31.0446,2016-09-03,9
14.76,2,0.0,4.2804,2016-09-03,9
12.76,2,0.0,5.8696,2016-09-03,9
58.48,8,0.0,27.4856,2016-09-03,9
20.096,4,0.2,3.0144,2017-07-25,7
37.752,3,0.2,4.2471,2017-07-25,7
138.588,1,0.4,-34.647,2017-07-25,7
259.92,5,0.2,-25.992,2017-07-25,7
20.736,4,0.2,7.2576,2017-07-25,7
129.93,3,0.0,12.993,2015-09-13,9
69.93,7,0.0,31.4685,2015-09-13,9
140.736,4,0.2,12.3144,2015-09-07,9
8.32,5,0.2,2.808,2016-11-16,11
9.98,1,0.0,2.7944,2016-11-10,11
62.94,3,0.0,30.2112,2014-08-15,8
21.488,2,0.2,1.6116,2015-11-16,11
239.976,3,0.2,26.9973,2015-11-16,11
34.504,2,0.6,-15.5268,2015-11-16,11
20.104,2,0.6,-16.5858,2015-08-25,8
3.798,1,0.8,-6.0768,2015-08-25,8
7.88,5,0.6,-3.94,2015-08-25,8
35.445,1,0.5,-24.1026,2016-12-25,12
269.97,2,0.7,-386.957,2016-12-25,12
45.12,3,0.2,-7.896,2016-12-25,12
100.8,2,0.2,21.42,2016-12-25,12
47.968,2,0.2,4.1972,2016-12-25,12
99.98,2,0.0,34.993,2014-10-05,10
9.96,2,0.0,4.8804,2014-11-22,11
3.856,1,0.2,1.3978,2017-12-25,12
98.376,3,0.2,35.6613,2015-03-31,3
22.38,3,0.6,-7.833,2015-03-31,3
3.882,2,0.7,-2.588,2017-09-14,9
12.585,1,0.7,-18.0385,2017-09-14,9
113.372,2,0.3,-29.1528,2017-09-14,9
18.312,4,0.7,-12.208,2017-09-14,9
127.936,8,0.2,4.7976,2017-09-14,9
241.17,2,0.7,-168.819,2017-09-14,9
6.24,3,0.0,2.6208,2014-06-17,6
17.9,5,0.0,8.95,2014-06-17,6
3266.376,3,0.2,1061.5722,2014-06-17,6
1.68,5,0.8,-2.688,2017-12-28,12
7.968,3,0.6,-2.3904,2017-12-28,12
113.372,2,0.3,-3.2392,2017-12-28,12
2.96,2,0.6,-1.406,2017-12-28,12
168.1,5,0.0,43.706,2017-11-02,11
98.46,9,0.0,49.23,2015-07-25,7
358.58,2,0.0,39.4438,2015-07-25,7
32.48,2,0.0,4.872,2016-10-02,10
17499.95,5,0.0,8399.976,2016-10-02,10
735.98,2,0.0,331.191,2016-10-02,10
34.37,7,0.0,16.8413,2016-10-02,10
33.96,2,0.0,9.5088,2016-10-02,10
197.97,3,0.0,53.4519,2016-12-24,12
17.48,4,0.0,4.5448,2017-07-21,7
8.016,3,0.2,1.002,2015-10-10,10
146.04,1,0.2,-12.7785,2016-09-08,9
27.88,2,0.0,3.9032,2016-11-20,11
152.65,5,0.0,70.219,2017-10-15,10
22.72,1,0.0,9.3152,2017-10-15,10
11.12,4,0.0,2.8912,2015-07-06,7
1640.7,5,0.0,459.396,2017-02-05,2
371.2,5,0.2,41.76,2017-02-05,2
14.832,3,0.7,-10.3824,2015-12-06,12
20.7,3,0.0,1.656,2016-09-12,9
11.34,3,0.0,5.2164,2016-09-12,9
67.9,5,0.0,0.679,2016-09-12,9
1059.12,4,0.0,307.1448,2016-09-12,9
478.48,2,0.2,47.848,2014-07-06,7
32.04,4,0.0,14.418,2016-05-09,5
55.992,1,0.2,3.4995,2016-07-18,7
76.864,2,0.2,26.9024,2016-06-18,6
59.92,4,0.0,27.5632,2014-04-20,4
1565.88,6,0.0,407.1288,2016-01-08,1
106.05,7,0.0,49.8435,2016-01-08,1
62.04,4,0.0,17.3712,2017-12-23,12
494.97,3,0.0,148.491,2017-12-23,12
367.96,4,0.0,14.7184,2017-12-23,12
44.96,2,0.0,20.6816,2017-12-23,12
182.94,3,0.0,85.9818,2017-12-23,12
28.14,3,0.0,13.5072,2017-04-17,4
7.38,2,0.0,3.4686,2017-04-17,4
10.9,5,0.0,3.597,2017-04-17,4
274.89,11,0.0,46.7313,2017-04-17,4
23.04,8,0.0,11.2896,2017-04-17,4
218.352,3,0.2,-19.1058,2017-04-17,4
10.368,2,0.2,3.6288,2017-12-01,12
12.672,2,0.2,4.752,2016-08-21,8
91.96,5,0.2,-20.691,2016-08-21,8
254.97,3,0.0,91.7892,2016-08-21,8
31.984,2,0.2,-7.996,2016-08-21,8
2887.056,9,0.2,180.441,2016-08-21,8
12.96,2,0.0,6.2208,2016-08-21,8
47.52,9,0.0,21.384,2016-08-21,8
11.952,3,0.2,3.8844,2016-12-05,12
4.98,1,0.0,2.3406,2015-12-16,12
10.78,5,0.8,-17.248,2014-10-17,10
119.976,3,0.2,-17.9964,2014-10-17,10
25.06,2,0.0,11.7782,2016-09-05,9
1652.94,3,0.0,314.0586,2016-09-05,9
131.376,6,0.6,-95.2476,2015-10-15,10
5.344,1,0.2,1.8704,2015-10-15,10
2003.92,5,0.2,125.245,2015-12-01,12
32.4,5,0.0,15.552,2015-12-01,12
1913.4,9,0.0,401.814,2015-12-01,12
146.73,3,0.0,2.9346,2015-12-01,12
114.2,5,0.0,52.532,2015-12-01,12
2567.84,8,0.0,770.352,2015-05-31,5
37.056,4,0.2,8.8008,2017-09-10,9
259.896,2,0.4,-56.3108,2017-09-10,9
19.05,3,0.0,8.763,2017-04-25,4
73.344,3,0.2,27.504,2017-04-25,4
95.68,8,0.0,26.7904,2017-09-18,9
50.96,7,0.0,24.4608,2017-09-18,9
113.94,3,0.0,34.182,2017-09-18,9
25.92,4,0.0,12.4416,2017-09-18,9
20.32,4,0.0,6.9088,2017-09-18,9
411.98,2,0.0,119.4742,2017-09-18,9
34.48,2,0.0,9.9992,2017-09-18,9
244.55,5,0.0,114.9385,2017-09-18,9
10.782,3,0.7,-7.9068,2017-08-18,8
602.651,7,0.3,-163.5767,2015-05-24,5
7.656,6,0.8,-13.0152,2015-05-24,5
559.93,7,0.0,167.979,2015-09-07,9
2399.96,5,0.2,839.986,2017-07-24,7
16.0,4,0.2,5.6,2017-09-02,9
5.588,2,0.8,-15.0876,2017-09-02,9
235.92,5,0.2,-44.235,2017-09-02,9
10.68,1,0.0,2.8836,2017-12-06,12
41.28,2,0.0,19.8144,2017-05-20,5
1001.584,2,0.2,125.198,2016-09-27,9
14.76,2,0.0,4.2804,2017-12-10,12
2.502,3,0.7,-2.0016,2014-09-13,9
115.96,2,0.0,25.5112,2017-07-29,7
186.54,3,0.0,50.3658,2017-08-01,8
159.56,4,0.0,59.0372,2017-05-02,5
55.984,2,0.2,4.1988,2015-06-12,6
132.16,1,0.2,9.912,2014-12-22,12
17.904,6,0.8,-31.332,2014-12-22,12
124.032,4,0.2,44.9616,2014-12-22,12
1403.92,5,0.2,70.196,2014-12-16,12
28.8,3,0.0,0.864,2016-04-16,4
24.588,2,0.7,-18.0312,2015-05-21,5
356.79,7,0.0,99.9012,2017-02-26,2
16.98,1,0.0,8.49,2017-04-04,4
491.55,5,0.0,240.8595,2015-03-16,3
7.38,2,0.0,3.3948,2015-03-16,3
23.66,7,0.0,10.8836,2015-11-30,11
681.408,12,0.2,42.588,2015-11-30,11
18.9,3,0.0,8.694,2016-07-28,7
93.68,4,0.0,25.2936,2016-06-23,6
21.93,3,0.0,10.3071,2016-06-23,6
862.344,7,0.2,97.0137,2016-06-23,6
19.98,1,0.0,9.3906,2016-06-23,6
13.494,1,0.4,-2.249,2014-07-14,7
23.988,2,0.4,-13.993,2014-07-14,7
31.984,2,0.2,1.1994,2014-07-14,7
41.584,2,0.2,4.6782,2014-07-14,7
95.976,3,0.2,-10.7973,2017-11-30,11
84.272,2,0.6,-75.8448,2016-09-02,9
36.544,2,0.2,11.8768,2014-06-15,6
479.72,4,0.0,52.7692,2016-11-05,11
102.368,2,0.2,37.1084,2017-06-26,6
28.4,5,0.0,8.236,2017-06-26,6
713.88,4,0.0,214.164,2017-06-26,6
68.52,3,0.0,31.5192,2017-06-26,6
623.96,5,0.2,38.9975,2015-07-25,7
11.12,4,0.0,5.4488,2014-09-23,9
523.92,5,0.2,-26.196,2016-09-30,9
2.48,2,0.0,1.1656,2015-11-09,11
221.024,2,0.2,-55.256,2015-04-25,4
128.058,3,0.3,-23.7822,2015-04-25,4
58.408,7,0.2,18.2525,2017-11-19,11
79.974,3,0.4,-29.3238,2017-11-19,11
479.988,2,0.4,55.9986,2015-11-20,11
11.808,3,0.2,4.1328,2015-10-02,10
53.568,4,0.2,19.4184,2015-10-02,10
503.96,5,0.2,50.396,2015-10-02,10
21.34,2,0.0,9.8164,2015-04-25,4
36.4,5,0.0,17.108,2016-07-14,7
51.75,1,0.0,15.525,2016-07-14,7
15.51,1,0.0,4.3428,2015-09-27,9
146.82,3,0.0,73.41,2015-09-27,9
12.96,2,0.0,6.2208,2015-09-27,9
7.8,3,0.0,2.106,2017-11-10,11
10.2,5,0.0,4.794,2016-07-16,7
22.32,3,0.0,5.58,2016-07-16,7
24.1,5,0.0,11.086,2016-07-16,7
75.98,2,0.0,18.2352,2016-07-16,7
6.46,2,0.0,3.1654,2016-07-16,7
60.12,9,0.0,28.8576,2016-07-16,7
824.97,3,0.0,214.4922,2015-10-16,10
24.85,5,0.0,7.7035,2016-01-10,1
12.624,2,0.2,-2.5248,2017-09-19,9
89.584,2,0.2,4.4792,2017-09-19,9
471.92,2,0.2,29.495,2017-09-19,9
18.18,4,0.7,-13.938,2017-09-19,9
31.744,2,0.2,8.3328,2017-09-15,9
5.904,2,0.2,1.9926,2015-06-28,6
621.76,4,0.2,46.632,2015-06-28,6
59.98,2,0.0,17.994,2016-11-25,11
48.87,9,0.0,23.9463,2017-11-25,11
154.9,5,0.0,69.705,2017-01-14,1
5.92,4,0.0,2.8416,2014-11-07,11
30.18,3,0.0,13.8828,2014-11-07,11
24.1,5,0.0,11.086,2016-09-01,9
8.78,1,0.0,2.2828,2016-09-01,9
376.74,4,0.1,71.162,2016-09-01,9
29.52,4,0.0,14.4648,2016-09-01,9
11.96,2,0.0,2.99,2016-09-01,9
26.4,5,0.0,12.672,2016-09-01,9
1158.12,5,0.2,130.2885,2017-11-11,11
1.392,2,0.8,-3.7584,2017-12-11,12
44.43,3,0.0,18.6606,2015-11-08,11
226.2,5,0.0,58.812,2015-11-08,11
186.54,3,0.0,41.0388,2015-11-08,11
265.86,7,0.0,79.758,2015-11-08,11
27.9,5,0.0,6.975,2015-11-08,11
31.08,4,0.0,8.3916,2015-11-19,11
13.84,4,0.8,-22.144,2017-12-23,12
175.872,4,0.2,63.7536,2017-12-23,12
12.96,2,0.0,6.3504,2016-09-16,9
208.44,3,0.0,62.532,2017-05-26,5
25.76,2,0.0,0.7728,2017-05-26,5
366.744,4,0.3,-110.0232,2015-03-30,3
289.24,7,0.0,26.0316,2014-08-19,8
69.456,2,0.2,22.5732,2014-08-19,8
5.184,1,0.2,1.8144,2014-12-23,12
205.164,2,0.1,13.6776,2015-11-01,11
8.544,2,0.6,-7.476,2014-12-15,12
12.828,2,0.7,-8.9796,2015-08-21,8
598.458,3,0.3,-42.747,2015-08-21,8
25.984,1,0.2,-3.8976,2015-08-21,8
17.96,5,0.2,5.837,2014-05-23,5
5.04,2,0.0,0.1512,2014-05-23,5
208.16,1,0.0,56.2032,2014-05-23,5
148.257,3,0.15,15.6978,2017-12-09,12
146.76,3,0.0,38.1576,2014-03-11,3
32.96,2,0.0,14.1728,2014-03-11,3
587.97,3,0.0,164.6316,2014-03-11,3
14.94,3,0.0,7.0218,2014-03-11,3
25.83,7,0.0,12.1401,2016-06-23,6
15.552,3,0.2,5.4432,2014-08-23,8
6.8,1,0.2,0.51,2014-08-23,8
4.224,3,0.2,1.2672,2014-08-23,8
143.64,9,0.2,10.773,2014-08-23,8
31.104,6,0.2,10.8864,2014-08-23,8
223.056,9,0.2,69.705,2014-08-23,8
227.46,6,0.0,65.9634,2017-02-06,2
46.24,4,0.2,15.606,2017-02-06,2
5.22,2,0.0,2.4012,2017-01-29,1
33.9,5,0.0,15.594,2016-12-20,12
28.14,3,0.0,7.8792,2016-11-11,11
36.0,2,0.0,6.48,2016-11-11,11
92.94,3,0.0,25.0938,2016-11-11,11
245.646,3,0.1,8.1882,2016-11-11,11
55.008,3,0.2,17.19,2016-11-11,11
35.232,3,0.2,11.4504,2016-11-11,11
523.392,3,0.2,52.3392,2017-11-09,11
479.984,2,0.2,89.997,2014-05-02,5
12.96,2,0.0,6.2208,2017-09-22,9
17.94,3,0.0,6.4584,2017-09-22,9
166.72,2,0.0,41.68,2017-12-17,12
24.816,3,0.2,8.3754,2017-12-17,12
124.36,2,0.0,27.3592,2017-12-17,12
599.97,5,0.4,69.9965,2017-07-18,7
198.744,4,0.3,-14.196,2017-07-18,7
9.184,2,0.2,1.148,2017-07-18,7
9.248,2,0.2,3.3524,2016-11-03,11
99.592,1,0.2,2.4898,2014-04-08,4
399.96,4,0.0,139.986,2014-04-08,4
15.552,3,0.2,5.4432,2016-08-14,8
14.576,2,0.2,2.3686,2014-09-25,9
209.6,5,0.2,68.12,2016-12-11,12
23.32,2,0.0,6.0632,2016-12-11,12
30.98,1,0.0,13.941,2016-12-11,12
119.96,4,0.0,25.1916,2016-12-11,12
363.92,5,0.2,-31.843,2016-12-11,12
35.808,3,0.2,11.19,2016-12-11,12
122.688,9,0.2,39.8736,2016-12-11,12
892.136,7,0.2,111.517,2016-12-11,12
50.22,3,0.0,2.0088,2016-12-11,12
83.42,2,0.0,24.1918,2016-12-11,12
5.872,2,0.2,2.1286,2016-12-11,12
12.144,3,0.2,4.0986,2015-02-03,2
27.792,3,0.2,10.422,2016-12-29,12
6.208,2,0.2,0.6984,2017-08-31,8
32.67,3,0.0,8.4942,2017-02-04,2
1261.33,7,0.0,327.9458,2014-12-06,12
38.88,6,0.0,18.6624,2016-05-30,5
1.964,2,0.8,-3.2406,2016-05-21,5
82.656,9,0.2,30.996,2016-05-21,5
5.98,1,0.0,2.691,2014-08-09,8
9.248,2,0.2,3.3524,2016-09-05,9
4.448,2,0.2,0.3336,2016-07-23,7
5.184,1,0.2,1.8144,2016-07-23,7
175.92,5,0.2,15.393,2016-07-23,7
4.752,4,0.8,-8.316,2016-07-23,7
13.344,2,0.2,1.0008,2016-07-23,7
54.9,5,0.0,26.901,2016-05-12,5
22.911,7,0.7,-17.5651,2016-09-02,9
309.456,9,0.2,34.8138,2016-09-02,9
19.456,4,0.2,3.4048,2016-09-02,9
472.518,3,0.4,-149.6307,2016-09-02,9
1012.68,3,0.2,303.804,2016-09-02,9
17.22,5,0.7,-12.628,2016-09-02,9
3.52,2,0.0,1.6896,2017-07-21,7
1626.192,9,0.2,121.9644,2017-07-21,7
8.595,5,0.7,-6.303,2017-09-25,9
190.896,2,0.2,-42.9516,2017-09-25,9
99.87,3,0.0,23.9688,2017-08-03,8
79.36,4,0.0,23.808,2015-10-25,10
119.96,1,0.2,7.4975,2017-06-15,6
106.32,3,0.0,49.9704,2015-01-09,1
163.44,3,0.0,45.7632,2015-01-09,1
42.76,2,0.0,11.1176,2015-01-09,1
51.55,5,0.0,24.2285,2015-01-09,1
479.952,6,0.2,89.991,2015-02-09,2
146.688,6,0.2,55.008,2016-08-19,8
276.784,2,0.2,89.9548,2016-08-19,8
25.32,5,0.2,9.1785,2016-08-19,8
318.96,9,0.0,149.9112,2017-11-06,11
212.64,6,0.0,99.9408,2015-12-26,12
23.472,3,0.2,8.802,2014-11-23,11
19.648,2,0.2,6.6312,2016-08-01,8
6.57,3,0.7,-5.037,2014-09-21,9
421.1,2,0.0,105.275,2017-09-04,9
760.116,6,0.3,-43.4352,2017-06-19,6
38.784,3,0.2,7.272,2017-06-19,6
122.328,9,0.2,1.5291,2017-06-19,6
25.98,2,0.0,0.7794,2016-04-19,4
3.28,2,0.0,1.476,2016-04-19,4
459.88,4,0.0,13.7964,2016-04-19,4
7.76,2,0.0,2.2504,2016-04-19,4
71.96,2,0.0,17.99,2016-04-19,4
54.9,5,0.0,15.372,2016-04-19,4
9.28,2,0.2,3.248,2016-04-19,4
1685.88,6,0.0,320.3172,2016-05-05,5
5.728,2,0.2,2.0048,2016-05-05,5
61.96,2,0.0,27.882,2014-10-18,10
1.344,1,0.2,0.4704,2014-10-18,10
17.94,3,0.0,8.7906,2017-02-13,2
13.904,2,0.2,4.5188,2017-11-17,11
67.194,1,0.7,-51.5154,2014-01-20,1
41.86,7,0.0,18.837,2017-12-01,12
141.96,2,0.0,41.1684,2017-12-01,12
10.02,3,0.0,4.4088,2015-08-09,8
144.12,3,0.0,69.1776,2015-08-09,8
17.94,3,0.0,8.7906,2016-09-27,9
13.89,3,0.0,4.5837,2016-09-27,9
16.45,5,0.0,7.567,2016-11-14,11
19.92,4,0.0,6.5736,2016-11-14,11
35.168,4,0.2,8.3524,2016-04-16,4
123.088,7,0.2,40.0036,2016-04-16,4
257.94,3,0.0,67.0644,2017-11-26,11
1879.96,4,0.0,545.1884,2017-11-26,11
27.46,2,0.0,9.8856,2017-11-26,11
89.98,2,0.0,43.1904,2017-11-26,11
828.6,3,0.0,240.294,2017-11-26,11
7.23,5,0.7,-5.784,2015-11-20,11
17.44,2,0.2,1.308,2015-11-20,11
62.88,4,0.7,-50.304,2015-11-20,11
290.352,3,0.2,-36.294,2015-11-20,11
113.52,4,0.0,46.5432,2017-09-07,9
135.3,5,0.0,37.884,2017-09-07,9
111.15,5,0.0,48.906,2014-11-24,11
776.85,5,0.4,-181.265,2017-03-11,3
12.294,1,0.7,-8.6058,2017-03-11,3
154.764,3,0.4,-46.4292,2017-03-11,3
43.28,1,0.2,3.246,2017-03-11,3
92.94,3,0.0,41.823,2016-06-12,6
52.56,3,0.0,18.396,2016-06-12,6
971.88,3,0.2,109.3365,2015-06-26,6
141.96,2,0.0,35.49,2017-12-22,12
182.55,2,0.5,-135.087,2017-12-22,12
88.768,2,0.2,31.0688,2014-10-09,10
53.088,7,0.8,-108.8304,2015-12-10,12
275.88,6,0.0,46.8996,2015-12-25,12
157.9,5,0.0,74.213,2015-12-25,12
4.91,1,0.0,2.4059,2017-04-29,4
87.92,4,0.0,0.8792,2016-03-28,3
5.98,1,0.0,2.9302,2016-03-28,3
222.384,2,0.2,16.6788,2015-05-13,5
16.0,4,0.2,5.6,2015-05-13,5
21.84,3,0.0,10.92,2014-07-04,7
15.6,5,0.0,7.644,2014-07-04,7
247.84,8,0.0,121.4416,2014-04-22,4
9.912,3,0.2,3.3453,2014-04-22,4
69.52,2,0.0,17.38,2016-09-19,9
11.52,4,0.0,3.2256,2014-07-22,7
717.72,3,0.2,71.772,2014-07-22,7
236.5,10,0.0,68.585,2014-07-22,7
170.352,3,0.2,19.1646,2014-07-22,7
145.764,2,0.1,3.2392,2017-10-08,10
107.97,3,0.0,22.6737,2017-04-25,4
143.96,5,0.2,1.7995,2017-03-26,3
2399.96,5,0.2,569.9905,2017-03-26,3
74.352,3,0.2,23.235,2017-03-26,3
87.168,8,0.8,-226.6368,2017-03-26,3
32.232,3,0.2,2.4174,2017-03-26,3
2.202,2,0.7,-1.5414,2017-05-04,5
9.396,3,0.7,-7.5168,2017-05-04,5
89.97,3,0.0,25.1916,2016-11-14,11
12.78,3,0.0,5.2398,2014-01-06,1
40.0,2,0.2,0.5,2016-12-27,12
23.24,5,0.2,7.553,2017-04-30,4
908.82,9,0.0,227.205,2017-04-21,4
5.552,2,0.2,-1.041,2017-08-17,8
8.016,3,0.2,1.002,2017-08-17,8
74.592,4,0.3,-2.1312,2017-08-17,8
16.784,2,0.6,-22.2388,2017-08-17,8
38.864,4,0.8,-99.1032,2017-08-17,8
203.976,3,0.2,25.497,2016-11-12,11
674.352,3,0.2,-8.4294,2016-11-12,11
5.388,4,0.7,-4.49,2016-10-01,10
30.976,8,0.2,5.0336,2016-10-01,10
1350.12,6,0.0,175.5156,2016-02-12,2
15.92,4,0.0,7.4824,2016-02-12,2
19.54,2,0.0,7.2298,2016-11-13,11
21.4,5,0.0,6.206,2014-04-26,4
12.6,2,0.0,5.796,2014-04-26,4
11.96,2,0.0,3.1096,2015-08-11,8
138.0,2,0.0,34.5,2015-08-11,8
116.76,1,0.2,14.595,2016-11-27,11
331.023,7,0.45,-114.3534,2016-11-27,11
756.8,5,0.0,75.68,2016-10-28,10
8.736,3,0.6,-4.8048,2014-12-29,12
6.08,2,0.0,2.0672,2015-09-10,9
17.46,2,0.0,5.9364,2017-10-02,10
369.16,11,0.2,32.3015,2017-10-02,10
2.912,2,0.2,0.91,2016-09-11,9
20.736,4,0.2,7.2576,2016-09-11,9
9.568,2,0.2,2.99,2016-09-11,9
30.18,3,0.0,13.8828,2016-06-02,6
51.648,12,0.2,18.7224,2016-06-02,6
11.232,3,0.2,3.9312,2016-06-02,6
14.73,3,0.0,7.2177,2017-10-15,10
16.4,5,0.0,4.756,2015-09-27,9
25.92,4,0.0,12.4416,2015-09-27,9
8.82,3,0.0,2.5578,2015-05-03,5
62.496,2,0.2,21.8736,2015-05-03,5
339.96,4,0.0,122.3856,2015-05-03,5
49.568,2,0.2,17.3488,2015-05-03,5
274.491,3,0.7,-228.7425,2017-01-09,1
137.94,3,0.0,35.8644,2017-01-27,1
40.68,3,0.2,-7.119,2017-09-02,9
110.376,3,0.2,12.4173,2016-07-14,7
151.62,7,0.0,50.0346,2016-07-14,7
30.8,4,0.0,10.164,2016-07-14,7
123.92,5,0.2,38.725,2017-02-24,2
1319.8,5,0.2,214.4675,2017-02-24,2
89.712,6,0.2,30.2778,2014-07-20,7
22.83,3,0.0,10.7301,2014-07-20,7
30.88,2,0.0,15.44,2017-03-13,3
465.16,2,0.0,120.9416,2017-03-13,3
27.12,4,0.0,12.4752,2017-03-13,3
113.6,8,0.0,44.304,2016-03-08,3
12.96,2,0.0,6.3504,2016-03-08,3
69.456,2,0.2,22.5732,2016-03-08,3
8.64,3,0.0,2.4192,2014-12-07,12
341.991,3,0.7,-319.1916,2016-07-10,7
43.96,7,0.0,18.4632,2016-12-24,12
39.76,7,0.0,18.6872,2016-12-24,12
66.36,7,0.0,26.544,2017-04-23,4
92.88,6,0.2,30.186,2017-04-23,4
24.14,2,0.0,7.9662,2017-04-23,4
4416.174,9,0.3,-630.882,2017-08-17,8
49.56,7,0.0,18.8328,2017-05-22,5
354.9,5,0.0,17.745,2017-02-09,2
15.12,3,0.2,4.914,2014-03-03,3
302.45,5,0.5,-199.617,2014-03-03,3
44.672,8,0.2,-10.0512,2014-03-03,3
119.98,2,0.0,35.994,2015-06-04,6
989.97,3,0.0,395.988,2015-06-04,6
9.216,4,0.2,3.3408,2016-08-27,8
68.52,3,0.0,31.5192,2016-09-12,9
364.74,3,0.0,109.422,2016-05-30,5
47.4,5,0.0,21.33,2016-05-30,5
49.76,4,0.0,13.9328,2016-05-30,5
5.56,2,0.0,1.4456,2016-05-30,5
629.1,6,0.0,301.968,2016-05-30,5
14.7,5,0.0,3.969,2016-05-30,5
45.36,7,0.0,21.7728,2016-05-30,5
125.99,1,0.0,35.2772,2016-05-30,5
14.7,7,0.0,4.116,2017-06-10,6
32.7,5,0.4,-6.54,2017-10-22,10
31.68,4,0.2,11.088,2017-10-22,10
181.86,7,0.0,50.9208,2017-06-13,6
155.372,2,0.3,-35.5136,2014-11-23,11
13.428,3,0.7,-11.19,2017-08-16,8
67.136,4,0.2,-0.8392,2017-08-16,8
89.568,2,0.2,32.4684,2016-01-14,1
315.776,8,0.2,31.5776,2016-01-14,1
273.666,2,0.15,-12.8784,2016-09-16,9
17.48,4,0.0,4.5448,2016-09-16,9
20.608,2,0.2,-4.3792,2016-10-10,10
4.095,3,0.7,-2.73,2016-10-10,10
339.96,5,0.2,42.495,2015-11-13,11
63.98,7,0.0,21.7532,2015-11-13,11
799.92,10,0.2,239.976,2014-11-02,11
35.984,2,0.2,4.498,2016-07-19,7
389.97,3,0.0,132.5898,2016-07-19,7
185.528,7,0.2,48.7011,2016-05-14,5
2541.98,2,0.0,1270.99,2015-02-21,2
599.985,5,0.7,-479.988,2017-10-16,10
3.036,3,0.8,-5.0094,2017-06-22,6
25.92,5,0.2,3.888,2017-09-09,9
66.112,2,0.2,-9.0904,2017-09-09,9
46.36,4,0.0,15.2988,2017-10-14,10
6.9,1,0.0,0.552,2016-06-20,6
57.69,3,0.0,23.6529,2016-06-20,6
559.71,3,0.4,-121.2705,2014-09-02,9
305.01,9,0.0,76.2525,2016-01-30,1
50.784,2,0.2,17.7744,2016-01-30,1
26.01,9,0.0,12.2247,2016-01-30,1
649.0,2,0.5,-272.58,2017-12-04,12
59.99,7,0.0,21.5964,2016-01-23,1
20.24,1,0.0,7.8936,2015-05-26,5
37.84,2,0.2,2.838,2014-05-04,5
5.472,6,0.2,1.8468,2014-05-04,5
77.24,5,0.2,7.724,2015-02-10,2
292.1,4,0.5,-175.26,2014-11-18,11
8.544,2,0.6,-7.476,2014-11-18,11
424.116,6,0.3,-30.294,2014-11-18,11
2.892,3,0.8,-4.9164,2014-11-18,11
381.72,5,0.2,-66.801,2014-11-18,11
97.184,2,0.2,6.074,2017-09-04,9
10.368,2,0.2,3.6288,2017-09-04,9
890.841,3,0.3,-152.7156,2014-03-29,3
72.0,4,0.0,12.96,2016-11-05,11
113.888,2,0.2,9.9652,2016-11-05,11
158.13,3,0.0,77.4837,2016-11-05,11
14.13,3,0.0,0.7065,2017-06-10,6
64.75,5,0.0,29.1375,2015-08-10,8
1.872,2,0.7,-1.3104,2015-10-09,10
11.214,2,0.7,-8.5974,2015-10-09,10
37.376,8,0.2,7.4752,2015-10-09,10
286.4,1,0.2,25.06,2016-05-28,5
43.92,3,0.0,12.7368,2017-05-11,5
142.182,1,0.4,-37.9152,2016-10-16,10
19.608,3,0.2,6.6177,2017-11-17,11
4.158,7,0.7,-3.465,2017-11-17,11
979.95,5,0.0,264.5865,2017-11-26,11
135.3,5,0.0,37.884,2017-11-26,11
8.904,3,0.2,3.339,2017-09-03,9
100.8,2,0.2,21.42,2017-09-03,9
41.96,2,0.0,10.9096,2017-12-05,12
9.45,3,0.0,4.536,2017-12-05,12
400.8,5,0.0,112.224,2017-11-10,11
28.792,1,0.2,10.0772,2017-11-10,11
111.0,2,0.0,14.43,2014-03-18,3
1279.968,4,0.2,415.9896,2014-03-18,3
1856.19,7,0.0,334.1142,2014-03-18,3
22.752,6,0.6,-8.532,2016-11-12,11
61.542,1,0.4,-13.3341,2017-10-26,10
81.438,7,0.7,-65.1504,2017-10-26,10
67.36,2,0.2,10.104,2015-04-11,4
54.528,3,0.2,14.3136,2015-04-11,4
843.9,2,0.0,371.316,2015-12-25,12
449.568,2,0.2,56.196,2015-12-25,12
15.51,1,0.0,3.8775,2017-09-21,9
192.186,3,0.1,36.3018,2014-12-20,12
5.76,2,0.0,1.6128,2015-07-18,7
67.88,2,0.0,18.3276,2014-07-26,7
162.89,13,0.0,76.5583,2014-07-26,7
25.71,3,0.0,9.2556,2014-07-26,7
191.88,6,0.0,19.188,2014-12-26,12
721.875,6,0.45,-420.0,2017-12-11,12
73.568,4,0.2,-16.5528,2017-12-11,12
13.584,1,0.2,1.3584,2017-12-11,12
64.784,1,0.2,-12.147,2017-12-11,12
176.772,3,0.8,-459.6072,2014-03-03,3
38.82,6,0.0,19.41,2017-10-21,10
21.9,5,0.0,10.512,2017-10-21,10
111.79,7,0.0,43.5981,2017-11-10,11
445.44,8,0.4,-81.664,2017-03-16,3
16.52,5,0.2,5.369,2016-09-22,9
29.9,5,0.0,13.455,2017-02-06,2
116.4,8,0.0,52.38,2015-12-31,12
1.408,1,0.2,0.1584,2016-10-09,10
169.568,2,0.2,0.0,2016-10-09,10
251.964,6,0.4,-50.3928,2014-12-30,12
523.764,3,0.4,-192.0468,2014-12-30,12
19.44,3,0.0,9.3312,2016-04-12,4
194.352,3,0.2,-36.441,2016-04-12,4
36.624,3,0.2,13.734,2016-04-12,4
340.182,3,0.4,-73.7061,2016-11-28,11
12.672,8,0.2,2.6928,2016-11-28,11
6.888,2,0.7,-5.0512,2016-11-28,11
32.544,2,0.2,-7.7292,2016-11-28,11
347.802,7,0.3,-24.843,2016-11-28,11
15.57,3,0.7,-11.937,2017-04-15,4
4.608,2,0.2,1.6704,2015-03-09,3
257.98,2,0.0,74.8142,2014-10-28,10
153.78,11,0.0,44.5962,2017-01-07,1
61.02,3,0.0,0.6102,2017-01-07,1
110.11,7,0.0,31.9319,2017-01-07,1
7.89,1,0.0,3.5505,2017-01-07,1
36.024,3,0.2,11.7078,2017-08-13,8
54.336,4,0.2,5.4336,2017-11-02,11
92.52,6,0.0,24.9804,2014-09-19,9
10.272,3,0.2,1.1556,2015-05-31,5
40.74,3,0.0,0.4074,2016-09-13,9
14.4,5,0.0,7.056,2016-09-13,9
149.95,5,0.0,41.986,2016-09-13,9
16.9,2,0.0,5.07,2016-09-13,9
17.61,3,0.0,8.4528,2016-09-13,9
378.0,2,0.0,136.08,2016-09-13,9
17.64,3,0.0,8.6436,2016-09-13,9
373.08,6,0.0,100.7316,2016-09-13,9
1336.44,14,0.0,387.5676,2016-09-13,9
29.97,3,0.0,0.2997,2016-09-13,9
390.368,2,0.2,48.796,2017-11-29,11
101.52,5,0.2,19.035,2017-11-29,11
74.352,3,0.2,23.235,2017-12-04,12
15.7,5,0.0,7.065,2017-05-02,5
59.52,3,0.0,15.4752,2017-05-02,5
34.4,5,0.0,15.824,2017-05-02,5
313.176,2,0.4,-120.0508,2016-12-25,12
866.646,3,0.1,173.3292,2016-12-25,12
795.408,6,0.2,59.6556,2014-09-30,9
35.856,9,0.2,12.9978,2014-07-12,7
23.84,4,0.2,3.278,2014-07-12,7
43.13,1,0.0,14.6642,2016-09-08,9
30.87,7,0.0,14.2002,2016-09-08,9
70.12,4,0.0,21.036,2017-08-06,8
509.9575,5,0.15,41.9965,2015-05-14,5
122.91,3,0.0,34.4148,2015-05-14,5
97.568,2,0.2,-6.098,2015-05-14,5
722.352,3,0.2,81.2646,2015-05-14,5
11.52,5,0.2,4.176,2017-01-20,1
167.84,8,0.0,11.7488,2016-05-30,5
172.11,1,0.4,-94.6605,2014-04-08,4
99.98,2,0.0,7.9984,2014-07-23,7
156.792,1,0.2,17.6391,2017-05-30,5
35.36,2,0.2,-3.094,2017-05-30,5
13.592,1,0.2,-0.3398,2017-05-30,5
386.68,2,0.3,-5.524,2016-03-13,3
379.96,5,0.2,47.495,2016-03-13,3
539.91,3,0.4,-116.9805,2016-03-13,3
41.24,5,0.2,13.9185,2016-03-13,3
51.897,1,0.7,-41.5176,2016-03-13,3
552.56,5,0.2,-138.14,2016-03-13,3
23.16,5,0.7,-15.44,2016-03-13,3
126.08,2,0.2,-28.368,2016-03-13,3
449.1,3,0.7,-643.71,2016-03-13,3
195.104,4,0.2,21.9492,2017-04-10,4
36.672,3,0.2,6.4176,2017-04-10,4
85.246,2,0.3,-6.089,2016-06-25,6
32.712,2,0.6,-26.1696,2016-06-25,6
11.43,3,0.0,5.3721,2014-03-17,3
30.44,2,0.0,14.9156,2014-03-17,3
12.96,2,0.0,6.3504,2014-03-17,3
16.0,4,0.0,7.68,2014-03-17,3
32.67,3,0.0,8.4942,2014-03-17,3
4.464,3,0.2,-0.9486,2014-08-09,8
9.345,5,0.7,-6.5415,2014-08-09,8
9.144,3,0.2,3.0861,2015-07-26,7
23.136,6,0.2,8.3868,2015-07-26,7
99.2,5,0.0,25.792,2015-07-26,7
21.36,5,0.2,7.209,2014-02-15,2
46.9,5,0.0,13.132,2015-03-24,3
18.72,5,0.2,6.552,2017-09-02,9
236.528,2,0.2,-2.9566,2017-09-02,9
18.9,3,0.0,8.694,2015-11-16,11
10.688,2,0.2,3.7408,2014-12-09,12
237.096,3,0.2,20.7459,2014-12-09,12
5.184,1,0.2,1.8144,2017-02-03,2
65.584,2,0.2,23.7742,2017-02-03,2
22.2,1,0.6,-26.085,2017-02-03,2
419.4,5,0.2,146.79,2017-02-03,2
88.92,5,0.2,14.4495,2017-11-11,11
9.912,3,0.2,3.2214,2017-09-17,9
318.43,5,0.3,-77.333,2017-09-17,9
5.8,5,0.8,-10.15,2017-09-17,9
1415.76,6,0.2,88.485,2017-09-17,9
148.48,2,0.2,16.704,2017-06-25,6
9.248,4,0.2,3.1212,2016-07-30,7
1036.624,2,0.2,51.8312,2016-07-30,7
569.64,2,0.0,148.1064,2015-04-16,4
9.14,1,0.0,4.57,2015-04-16,4
1196.86,7,0.0,119.686,2015-04-16,4
523.26,9,0.0,125.5824,2015-04-16,4
639.968,4,0.2,215.9892,2015-04-11,4
52.76,2,0.0,24.2696,2015-04-11,4
538.92,9,0.0,80.838,2015-02-27,2
14.88,2,0.0,3.72,2016-09-08,9
34.24,8,0.0,15.408,2016-09-08,9
261.74,2,0.0,65.435,2016-09-08,9
87.84,8,0.0,23.7168,2016-05-19,5
34.92,4,0.0,11.8728,2017-11-11,11
14.94,3,0.0,7.0218,2014-09-15,9
14.56,2,0.0,6.2608,2014-09-15,9
3.576,4,0.7,-2.8608,2015-09-15,9
147.184,2,0.2,-29.4368,2015-09-15,9
1499.95,5,0.0,449.985,2016-07-01,7
13.568,4,0.2,3.2224,2016-04-10,4
2573.82,9,0.0,746.4078,2014-01-06,1
609.98,2,0.0,274.491,2014-01-06,1
5.48,2,0.0,1.4796,2014-01-06,1
391.98,2,0.0,113.6742,2014-01-06,1
755.96,4,0.0,204.1092,2014-01-06,1
31.12,4,0.0,0.3112,2014-01-06,1
6.54,1,0.0,3.0084,2014-01-06,1
12.78,1,0.0,5.751,2016-09-01,9
18.464,4,0.2,6.924,2014-09-23,9
445.802,7,0.3,-108.2662,2014-12-15,12
2.48,1,0.0,0.868,2017-12-28,12
25.9,5,0.0,12.691,2017-12-28,12
29.9,5,0.0,14.651,2015-12-19,12
2249.91,9,0.0,517.4793,2015-12-19,12
1053.164,4,0.3,-105.3164,2015-12-19,12
12.96,2,0.0,6.2208,2017-11-05,11
106.68,6,0.0,33.0708,2015-09-10,9
119.94,6,0.0,5.997,2017-11-16,11
10.272,3,0.2,3.21,2017-09-11,9
512.19,5,0.3,-65.853,2017-09-11,9
1.556,2,0.8,-4.2012,2017-09-11,9
4.448,2,0.2,1.4456,2017-07-14,7
276.69,3,0.0,49.8042,2017-07-14,7
4.96,4,0.0,2.3312,2017-07-14,7
71.92,4,0.0,20.8568,2017-07-14,7
18.84,3,0.0,7.9128,2017-07-14,7
140.97,3,0.0,19.7358,2017-07-14,7
470.376,3,0.2,52.9173,2017-07-14,7
6.08,2,0.0,2.0672,2017-03-30,3
164.792,1,0.2,18.5391,2017-03-30,3
23.36,2,0.0,11.68,2016-01-31,1
12.176,4,0.8,-18.8728,2017-06-08,6
46.384,2,0.2,5.2182,2014-11-02,11
362.92,2,0.0,105.2468,2014-11-02,11
9.248,2,0.2,3.3524,2017-07-14,7
1889.946,9,0.4,-377.9892,2017-07-14,7
62.04,5,0.2,4.653,2017-07-14,7
396.92,5,0.2,148.845,2017-07-14,7
239.456,7,0.2,17.9592,2017-07-14,7
13.12,5,0.2,2.132,2017-07-14,7
29.36,2,0.0,13.5056,2017-12-09,12
214.9,5,0.0,62.321,2017-12-09,12
15.92,4,0.0,7.4824,2017-12-09,12
146.45,5,0.0,48.3285,2017-12-09,12
15.14,1,0.0,0.6056,2017-12-09,12
5.76,2,0.0,2.6496,2017-12-09,12
1399.98,2,0.0,629.991,2017-12-09,12
8.952,2,0.7,-7.46,2016-09-05,9
8.856,6,0.7,-6.4944,2016-09-05,9
85.246,2,0.3,-1.2178,2016-09-05,9
21.728,7,0.2,7.6048,2014-09-10,9
1487.04,5,0.2,148.704,2014-09-10,9
71.88,6,0.0,33.0648,2017-09-26,9
9.24,3,0.0,2.9568,2017-09-26,9
35.88,6,0.0,16.146,2017-09-26,9
17.04,3,0.2,5.538,2017-09-26,9
931.176,3,0.2,314.2719,2017-09-26,9
266.352,3,0.2,-13.3176,2016-06-17,6
483.136,4,0.2,54.3528,2016-06-17,6
196.784,2,0.2,-22.1382,2017-02-25,2
231.92,5,0.2,5.798,2017-02-25,2
29.7,3,0.0,8.019,2017-03-31,3
13.592,2,0.6,-14.2716,2017-12-03,12
70.88,2,0.0,33.3136,2016-02-19,2
114.288,1,0.2,12.8574,2017-12-02,12
36.624,8,0.7,-24.416,2017-12-02,12
242.352,8,0.7,-363.528,2017-12-02,12
49.616,2,0.2,4.9616,2017-12-02,12
508.704,6,0.2,0.0,2017-12-02,12
57.36,6,0.2,-14.34,2017-12-02,12
906.68,5,0.2,68.001,2017-12-02,12
719.952,6,0.2,71.9952,2014-10-10,10
755.944,7,0.2,66.1451,2014-10-10,10
11.98,5,0.8,-19.168,2014-10-10,10
0.898,1,0.8,-1.5715,2014-10-10,10
21.204,3,0.6,-11.6622,2016-09-05,9
34.74,3,0.0,17.37,2014-11-20,11
833.94,6,0.0,216.8244,2014-11-20,11
12.96,3,0.2,4.536,2014-11-20,11
25.92,4,0.0,12.4416,2014-11-20,11
349.965,7,0.5,-216.9783,2014-05-10,5
22.32,5,0.2,5.301,2014-05-10,5
158.28,6,0.0,72.8088,2017-11-27,11
497.94,3,0.0,224.073,2017-11-27,11
533.94,3,0.0,154.8426,2014-11-01,11
167.94,3,0.0,82.2906,2014-11-01,11
31.68,6,0.0,9.8208,2014-11-01,11
170.786,1,0.3,0.0,2016-12-30,12
198.744,4,0.3,0.0,2016-09-03,9
63.824,2,0.2,13.5626,2017-10-05,10
435.168,4,0.2,-59.8356,2016-01-30,1
48.58,1,0.0,7.7728,2016-01-30,1
47.976,3,0.2,8.3958,2017-04-21,4
20.736,4,0.2,7.2576,2017-04-21,4
26.46,9,0.0,11.907,2014-12-05,12
49.12,4,0.0,23.0864,2014-12-05,12
15.0,3,0.0,7.2,2014-12-05,12
194.7,5,0.0,9.735,2014-10-21,10
591.32,4,0.0,112.3508,2014-10-21,10
2.84,1,0.0,0.8804,2014-10-21,10
221.96,2,0.0,4.4392,2015-12-08,12
236.0,4,0.0,40.12,2015-12-08,12
41.94,2,0.0,15.0984,2014-11-02,11
52.792,1,0.2,4.6193,2014-11-02,11
563.94,3,0.0,112.788,2016-12-18,12
2625.12,8,0.0,735.0336,2015-11-23,11
17.94,3,0.0,4.485,2015-11-23,11
422.856,3,0.2,15.8571,2015-08-13,8
127.764,2,0.1,2.8392,2015-04-16,4
3499.93,7,0.0,909.9818,2014-03-21,3
14.4,5,0.0,6.624,2014-03-21,3
122.97,3,0.0,60.2553,2014-03-21,3
9.32,4,0.0,2.7028,2014-03-21,3
122.94,3,0.0,59.0112,2014-03-21,3
17.31,3,0.0,5.193,2017-11-16,11
128.744,7,0.2,12.8744,2015-09-25,9
58.248,9,0.2,11.6496,2016-09-05,9
71.246,2,0.3,-19.3382,2016-09-05,9
7.872,3,0.2,0.5904,2016-09-05,9
887.271,3,0.3,-63.3765,2016-09-05,9
146.86,7,0.0,70.4928,2017-04-20,4
36.56,4,0.0,18.28,2017-04-20,4
225.576,3,0.2,22.5576,2015-06-15,6
5.248,2,0.2,0.4592,2014-09-17,9
38.256,3,0.2,4.782,2014-09-17,9
40.24,5,0.2,13.078,2014-09-17,9
29.925,5,0.7,-21.945,2014-09-17,9
148.704,6,0.2,46.47,2014-09-17,9
55.92,10,0.2,16.776,2014-09-17,9
12.96,2,0.0,6.2208,2016-07-08,7
25.176,3,0.6,-33.3582,2016-05-27,5
5.584,2,0.6,-1.6752,2016-05-27,5
1297.368,9,0.2,97.3026,2016-05-27,5
264.32,2,0.2,19.824,2017-12-24,12
25.92,4,0.0,12.4416,2017-05-03,5
22.96,7,0.0,6.6584,2017-05-03,5
19.44,3,0.0,9.3312,2014-02-22,2
9.54,2,0.0,4.293,2015-02-08,2
5.81,1,0.0,1.8011,2015-02-08,2
5.76,2,0.0,1.728,2015-02-08,2
14.91,3,0.0,4.6221,2015-08-24,8
6.642,9,0.7,-4.428,2014-11-30,11
18.54,2,0.0,8.7138,2016-12-10,12
679.96,5,0.2,220.987,2016-12-10,12
189.576,1,0.2,9.4788,2017-10-27,10
71.96,5,0.2,7.196,2017-10-27,10
539.92,5,0.2,47.243,2014-11-25,11
725.344,4,0.2,54.4008,2014-11-25,11
7.44,3,0.0,2.604,2014-11-25,11
39.48,1,0.0,11.0544,2014-07-14,7
850.5,5,0.1,245.7,2015-05-23,5
75.33,9,0.0,19.5858,2015-05-23,5
325.632,6,0.2,28.4928,2015-11-21,11
23.344,2,0.2,-1.459,2015-11-21,11
16.52,5,0.2,5.369,2015-11-21,11
335.72,5,0.2,113.3055,2014-03-30,3
251.944,7,0.2,88.1804,2014-03-30,3
127.302,7,0.3,-9.093,2014-03-30,3
1207.84,8,0.0,314.0384,2017-12-29,12
12.53,1,0.0,5.8891,2017-12-29,12
34.58,1,0.0,10.0282,2017-12-29,12
300.98,1,0.0,87.2842,2017-12-29,12
258.75,3,0.0,77.625,2017-12-29,12
59.52,3,0.0,15.4752,2017-03-02,3
57.96,7,0.0,27.2412,2017-03-02,3
441.96,2,0.0,101.6508,2017-03-02,3
68.04,6,0.0,33.3396,2017-03-02,3
703.71,6,0.7,-938.28,2016-10-06,10
17.904,4,0.7,-14.92,2016-10-06,10
11.976,4,0.7,-9.1816,2016-10-06,10
67.96,5,0.2,0.8495,2016-10-06,10
892.224,3,0.2,89.2224,2015-04-05,4
1299.99,2,0.5,-571.9956,2014-09-09,9
4.544,2,0.2,1.6472,2016-03-15,3
1352.032,4,0.2,84.502,2016-03-15,3
1548.99,9,0.4,-464.697,2015-12-27,12
19.872,3,0.2,6.7068,2015-12-27,12
119.448,3,0.2,-13.4379,2017-08-07,8
118.16,2,0.2,-25.109,2017-08-07,8
19.56,4,0.0,5.4768,2015-03-22,3
80.96,4,0.0,29.1456,2015-11-30,11
25.92,4,0.0,12.4416,2015-11-30,11
106.96,2,0.0,31.0184,2014-04-15,4
187.76,4,0.0,76.9816,2014-04-15,4
76.776,4,0.7,-53.7432,2017-07-30,7
53.9,5,0.0,25.872,2017-06-01,6
76.728,3,0.6,-53.7096,2014-01-07,1
10.43,7,0.8,-18.2525,2014-01-07,1
99.2,5,0.0,25.792,2017-09-29,9
15.92,5,0.2,2.786,2017-09-13,9
129.92,4,0.0,10.3936,2014-10-22,10
30.4,1,0.0,13.984,2016-10-04,10
5399.91,9,0.0,2591.9568,2016-10-04,10
119.1,3,0.0,34.539,2016-10-04,10
40.08,6,0.0,19.2384,2015-11-27,11
59.94,3,0.0,28.1718,2015-11-27,11
259.98,2,0.0,88.3932,2015-11-27,11
170.98,1,0.0,32.4862,2015-11-27,11
38.97,3,0.0,4.6764,2015-11-27,11
154.9,5,0.0,69.705,2015-11-27,11
446.068,4,0.3,0.0,2015-11-27,11
152.94,3,0.0,41.2938,2017-05-06,5
23.472,3,0.2,4.9878,2014-10-08,10
195.64,4,0.0,91.9508,2014-12-31,12
14.94,3,0.0,7.0218,2014-12-31,12
1687.8,4,0.0,742.632,2014-12-31,12
341.96,2,0.0,78.6508,2014-12-31,12
605.88,6,0.0,151.47,2014-12-31,12
186.732,1,0.1,41.496,2015-04-28,4
3812.97,3,0.0,1906.485,2015-04-28,4
26.424,9,0.2,9.5787,2015-02-14,2
625.99,1,0.0,187.797,2015-02-14,2
1568.61,9,0.0,329.4081,2016-11-25,11
17.3,1,0.0,8.304,2016-11-25,11
160.0,8,0.0,62.4,2016-11-25,11
179.94,3,0.0,50.3832,2017-07-15,7
872.94,3,0.0,157.1292,2017-07-15,7
12.96,2,0.0,6.2208,2017-07-15,7
88.8,6,0.0,44.4,2014-12-29,12
319.968,4,0.2,35.9964,2014-12-29,12
167.888,7,0.2,14.6902,2016-03-22,3
163.96,5,0.2,59.4355,2017-07-02,7
5.232,4,0.8,-8.1096,2017-07-02,7
1199.98,2,0.0,467.9922,2017-12-14,12
73.85,1,0.0,2.2155,2017-12-14,12
25.71,3,0.0,6.6846,2017-12-14,12
17.28,6,0.0,8.1216,2017-12-14,12
526.582,2,0.3,-52.6582,2017-12-14,12
11.56,2,0.0,5.6644,2016-08-26,8
209.97,3,0.0,58.7916,2016-08-26,8
447.84,4,0.0,98.5248,2016-08-26,8
479.97,3,0.0,163.1898,2016-08-26,8
8.64,3,0.0,2.5056,2016-08-26,8
11.68,2,0.0,4.2048,2017-10-15,10
40.776,3,0.2,0.5097,2014-10-25,10
13.698,3,0.7,-9.5886,2014-10-25,10
87.8,5,0.2,32.925,2015-04-02,4
77.952,3,0.2,15.5904,2017-10-28,10
147.184,2,0.2,-29.4368,2017-10-28,10
47.952,3,0.2,16.1838,2017-10-28,10
250.26,6,0.0,72.5754,2014-12-05,12
40.776,3,0.2,0.5097,2017-11-03,11
29.6,5,0.2,9.25,2015-01-06,1
1.938,2,0.7,-1.3566,2015-01-06,1
159.96,4,0.0,51.1872,2017-09-09,9
59.52,3,0.0,15.4752,2015-01-05,1
17.48,2,0.0,8.2156,2015-01-05,1
13.168,2,0.2,4.6088,2015-01-05,1
40.74,3,0.0,12.222,2017-04-16,4
179.886,1,0.3,-2.5698,2015-09-10,9
286.256,1,0.2,17.891,2016-09-25,9
24.224,2,0.2,-4.8448,2016-09-25,9
331.536,3,0.2,-82.884,2016-09-25,9
17.52,3,0.0,6.3072,2015-03-16,3
17.856,4,0.2,4.2408,2016-11-26,11
431.976,3,0.2,-75.5958,2016-09-26,9
291.136,4,0.2,-25.4744,2017-06-13,6
114.848,4,0.2,35.89,2017-09-18,9
10.688,2,0.2,3.7408,2017-06-02,6
15.232,4,0.2,5.5216,2016-05-15,5
12.42,3,0.0,5.2164,2017-09-15,9
19.44,3,0.0,9.3312,2016-08-22,8
70.368,4,0.2,26.388,2014-05-30,5
12.672,9,0.2,1.4256,2017-12-18,12
89.95,5,0.0,43.176,2017-07-30,7
6.58,2,0.0,3.0268,2014-11-21,11
94.99,1,0.0,28.497,2014-11-21,11
35.12,2,0.2,13.17,2015-09-24,9
25.92,4,0.0,12.4416,2017-08-20,8
7.96,2,0.0,3.7412,2016-06-17,6
566.97,3,0.0,153.0819,2016-06-17,6
9.84,3,0.0,2.8536,2016-06-17,6
25.488,2,0.2,4.779,2015-12-19,12
7.56,6,0.0,0.3024,2015-05-31,5
60.84,3,0.0,19.4688,2015-06-18,6
450.04,2,0.0,58.5052,2015-06-18,6
34.6,2,0.0,16.608,2015-06-18,6
467.97,3,0.0,140.391,2015-06-18,6
33.02,2,0.0,15.8496,2015-06-18,6
17.088,2,0.2,1.068,2015-11-30,11
3.008,2,0.2,0.3384,2015-12-21,12
268.24,7,0.2,93.884,2017-11-17,11
431.16,5,0.2,107.79,2017-11-17,11
43.6,4,0.0,12.208,2017-11-13,11
154.95,3,0.0,30.99,2017-11-13,11
15.552,3,0.2,5.4432,2016-10-24,10
42.208,2,0.2,13.7176,2014-12-06,12
10.368,2,0.2,3.6288,2017-12-03,12
2.224,1,0.2,0.556,2017-09-26,9
74.52,9,0.0,35.0244,2015-02-03,2
17.52,3,0.0,5.256,2017-08-12,8
1779.9,5,0.0,373.779,2017-08-12,8
219.9,5,0.0,59.373,2017-08-12,8
7.152,3,0.2,0.7152,2015-08-24,8
26.72,5,0.2,9.352,2017-11-12,11
1039.728,2,0.2,90.9762,2016-08-01,8
45.96,2,0.0,13.788,2016-08-01,8
456.588,2,0.7,-304.392,2016-11-25,11
4499.985,5,0.7,-6599.978,2016-11-25,11
59.976,3,0.2,11.9952,2016-11-25,11
6.12,3,0.0,2.8764,2016-04-13,4
10.98,1,0.0,2.9646,2014-12-27,12
7.86,3,0.0,3.6156,2014-12-27,12
51.45,3,0.0,13.8915,2014-12-27,12
37.056,3,0.2,13.896,2014-12-27,12
203.92,4,0.0,55.0584,2016-04-18,4
29.56,4,0.0,7.9812,2016-04-18,4
8.568,3,0.8,-14.5656,2015-03-08,3
45.248,2,0.2,3.9592,2016-11-04,11
876.3,10,0.4,-292.1,2016-11-04,11
185.376,2,0.2,-34.758,2016-11-04,11
25.06,2,0.0,11.7782,2014-11-29,11
2.89,1,0.8,-4.7685,2016-05-17,5
7.896,3,0.2,2.4675,2016-05-17,5
22.608,3,0.6,-10.1736,2016-05-17,5
30.528,8,0.2,9.54,2016-05-17,5
4.842,3,0.7,-3.3894,2017-09-19,9
1.8,5,0.8,-2.88,2016-12-19,12
39.984,2,0.2,-1.4994,2017-10-12,10
32.4,5,0.0,15.876,2015-12-12,12
97.88,2,0.0,48.94,2015-12-12,12
307.168,4,0.2,30.7168,2015-07-12,7
26.9,5,0.0,13.181,2015-10-02,10
47.01,3,0.0,22.0947,2017-03-24,3
469.99,1,0.0,136.2971,2017-03-24,3
207.846,3,0.1,2.3094,2017-03-24,3
324.744,3,0.2,-77.1267,2017-06-01,6
40.48,2,0.0,14.5728,2014-03-24,3
12.0,4,0.2,4.2,2015-09-22,9
720.064,4,0.2,-63.0056,2015-09-22,9
25.424,1,0.2,-4.767,2015-09-22,9
2.816,2,0.2,0.3168,2015-09-22,9
3.204,2,0.7,-2.5632,2015-09-22,9
30.828,7,0.7,-24.6624,2016-01-08,1
47.616,3,0.2,5.952,2016-01-08,1
108.784,2,0.2,10.8784,2016-01-08,1
4.77,1,0.0,2.1465,2016-02-14,2
7.98,3,0.0,2.0748,2016-02-14,2
550.431,3,0.3,-47.1798,2016-02-14,2
10.56,6,0.0,4.6464,2016-02-14,2
1497.666,2,0.15,140.9568,2017-06-08,6
17.52,2,0.2,-3.504,2017-06-08,6
113.22,3,0.0,29.4372,2016-10-21,10
35.88,6,0.0,17.5812,2016-10-21,10
4535.976,3,0.2,1644.2913,2016-10-21,10
11.84,8,0.0,5.6832,2017-01-26,1
592.74,6,0.0,160.0398,2017-12-08,12
111.672,9,0.2,6.9795,2016-10-21,10
8.64,3,0.0,2.5056,2014-08-26,8
149.97,3,0.0,52.4895,2014-08-26,8
232.88,5,0.2,17.466,2014-05-16,5
90.882,1,0.1,15.147,2015-02-03,2
508.768,4,0.2,38.1576,2017-10-31,10
9.912,3,0.2,3.2214,2017-10-31,10
63.936,3,0.2,6.3936,2015-04-26,4
59.52,3,0.0,15.4752,2015-04-26,4
311.976,3,0.2,38.997,2015-04-26,4
50.352,3,0.2,17.6232,2015-04-26,4
19.136,2,0.2,1.9136,2016-05-09,5
13.12,5,0.2,2.132,2015-01-24,1
241.568,2,0.2,-15.098,2015-04-13,4
479.92,2,0.2,41.993,2015-04-13,4
307.136,4,0.2,-11.5176,2015-09-25,9
12.6,2,0.0,5.796,2015-09-25,9
159.98,2,0.0,57.5928,2015-09-25,9
6.12,3,0.0,2.8764,2014-03-28,3
1184.72,4,0.0,106.6248,2014-03-28,3
45.96,2,0.0,13.788,2016-07-17,7
58.05,3,0.0,26.703,2014-04-19,4
71.28,11,0.0,34.2144,2014-04-19,4
124.404,4,0.3,-21.3264,2017-07-21,7
154.9,5,0.0,69.705,2015-09-27,9
1871.88,12,0.0,561.564,2015-09-27,9
16.192,2,0.6,-6.8816,2016-02-27,2
18.936,3,0.2,-3.7872,2016-05-02,5
12.672,3,0.2,-3.168,2016-05-02,5
5.04,2,0.2,1.764,2016-05-02,5
8.448,2,0.2,2.9568,2014-12-09,12
20.388,2,0.8,-53.0088,2014-12-09,12
9.96,2,0.0,4.8804,2015-12-25,12
320.64,4,0.0,89.7792,2017-12-07,12
52.0,4,0.0,23.4,2017-12-07,12
25.584,2,0.2,8.9544,2014-05-30,5
464.0,5,0.0,134.56,2014-05-30,5
235.95,3,0.0,77.8635,2014-05-30,5
39.96,4,0.0,17.982,2014-05-30,5
18.528,4,0.7,-12.352,2017-03-02,3
17.9,2,0.0,3.401,2015-10-12,10
81.96,2,0.0,0.0,2015-10-12,10
272.736,3,0.2,-64.7748,2015-07-14,7
18.496,4,0.2,6.7048,2015-07-14,7
441.92,2,0.2,49.716,2015-07-14,7
127.764,6,0.7,-191.646,2015-07-14,7
166.44,3,0.0,79.8912,2014-11-19,11
13.38,2,0.0,6.1548,2016-05-27,5
24.0,2,0.2,-2.7,2017-07-03,7
24.448,4,0.2,8.8624,2017-09-25,9
6.16,2,0.0,2.9568,2016-10-03,10
915.136,4,0.2,102.9528,2016-10-03,10
8.56,2,0.0,3.852,2016-10-03,10
97.82,2,0.0,45.9754,2016-10-03,10
31.104,6,0.2,11.2752,2017-09-09,9
11.176,1,0.2,0.8382,2017-09-09,9
5.04,2,0.2,1.764,2015-03-12,3
242.176,4,0.6,-302.72,2016-11-29,11
337.176,2,0.4,-118.0116,2016-06-14,6
13.344,6,0.2,1.0008,2017-12-03,12
76.752,6,0.2,10.5534,2017-12-03,12
102.336,8,0.2,14.0712,2017-12-03,12
10.32,2,0.2,3.741,2017-12-03,12
47.32,7,0.2,5.915,2017-12-03,12
23.376,3,0.2,7.0128,2017-12-03,12
16.72,5,0.2,3.344,2017-12-03,12
16.192,1,0.2,4.6552,2017-12-03,12
32.4,5,0.0,15.552,2016-08-16,8
19.89,9,0.0,5.3703,2016-12-25,12
399.98,2,0.0,171.9914,2016-12-25,12
343.85,5,0.0,137.54,2016-12-25,12
106.32,3,0.0,49.9704,2016-12-25,12
13.92,3,0.2,4.35,2017-07-23,7
82.4,5,0.0,40.376,2017-06-21,6
6.24,2,0.0,3.0576,2017-06-21,6
447.84,8,0.0,219.4416,2017-06-21,6
272.048,7,0.2,30.6054,2017-08-13,8
1614.582,6,0.7,-1237.8462,2017-08-13,8
24.32,5,0.2,9.12,2017-08-13,8
1.584,2,0.2,0.4752,2017-08-13,8
31.984,1,0.2,0.0,2017-08-13,8
14.76,5,0.2,4.797,2017-08-13,8
423.648,2,0.2,47.6604,2017-08-13,8
76.64,2,0.2,26.824,2015-11-07,11
4.464,1,0.2,1.674,2015-10-15,10
3.96,10,0.8,-6.93,2015-10-15,10
715.64,2,0.0,178.91,2016-07-30,7
268.704,3,0.2,6.7176,2016-12-03,12
21.92,8,0.0,5.9184,2016-12-03,12
48.72,3,0.0,7.308,2016-12-03,12
205.666,2,0.15,-12.098,2016-12-03,12
30.344,2,0.6,-31.8612,2016-04-28,4
25.696,2,0.2,1.9272,2017-08-25,8
3404.5,5,0.0,1668.205,2017-06-17,6
101.34,3,0.0,8.1072,2017-06-17,6
344.372,4,0.3,-93.4724,2015-11-20,11
30.384,1,0.2,3.798,2017-09-04,9
22.848,2,0.2,7.4256,2015-07-04,7
38.62,2,0.0,10.8136,2017-09-15,9
59.98,2,0.0,10.7964,2017-09-15,9
174.3,3,0.0,81.921,2017-03-13,3
383.96,5,0.2,38.396,2017-09-24,9
15.57,3,0.7,-11.418,2017-09-24,9
22.32,4,0.0,10.7136,2016-08-13,8
103.6,7,0.0,51.8,2016-08-13,8
2.97,3,0.0,1.3365,2017-11-20,11
569.99,1,0.0,170.997,2017-11-20,11
50.97,3,0.0,9.1746,2017-11-20,11
298.116,6,0.3,-4.2588,2017-07-25,7
59.52,3,0.0,17.856,2016-03-25,3
230.28,3,0.2,23.028,2016-07-15,7
105.52,5,0.2,34.294,2016-07-15,7
23.36,2,0.0,11.68,2017-08-17,8
71.976,3,0.2,8.997,2017-08-17,8
8.56,2,0.0,3.852,2017-08-17,8
13.92,3,0.2,4.872,2017-08-17,8
2518.29,9,0.0,654.7554,2017-08-17,8
540.57,3,0.0,140.5482,2017-08-17,8
221.056,8,0.2,77.3696,2017-08-17,8
81.424,2,0.2,-9.1602,2016-12-14,12
134.8,10,0.0,35.048,2016-12-14,12
39.582,9,0.8,-59.373,2017-12-25,12
44.688,7,0.2,5.0274,2017-12-25,12
31.744,2,0.2,2.3808,2017-12-25,12
40.98,5,0.8,-65.568,2017-12-25,12
3.168,3,0.8,-5.0688,2017-12-25,12
18.84,5,0.2,-3.5325,2014-03-01,3
362.25,6,0.3,0.0,2014-03-01,3
63.552,6,0.6,-34.9536,2014-03-01,3
129.552,3,0.2,-22.6716,2014-03-01,3
5.984,2,0.2,2.244,2015-11-19,11
861.76,4,0.0,249.9104,2015-11-19,11
66.96,4,0.0,2.6784,2014-04-01,4
6.24,2,0.0,3.0576,2014-04-01,4
435.168,4,0.2,-59.8356,2017-10-05,10
14.9,5,0.0,6.854,2017-10-05,10
15.8,4,0.0,4.108,2017-10-05,10
72.9,5,0.0,26.973,2017-10-05,10
206.352,3,0.2,5.1588,2017-10-05,10
7.992,1,0.2,2.6973,2017-10-05,10
81.36,5,0.2,-19.323,2017-11-18,11
20.232,8,0.7,-16.1856,2017-11-18,11
389.056,4,0.2,48.632,2017-11-18,11
20.736,4,0.2,7.2576,2017-11-18,11
41.472,8,0.2,14.5152,2017-11-18,11
33.36,4,0.0,16.68,2015-03-23,3
90.882,3,0.7,-190.8522,2016-10-10,10
15.992,1,0.2,-2.9985,2016-10-10,10
120.784,1,0.2,13.5882,2016-10-10,10
519.792,4,0.4,-112.6216,2015-08-16,8
31.176,3,0.2,-5.4558,2015-08-16,8
10.368,2,0.2,3.6288,2015-08-16,8
2.724,2,0.7,-1.9068,2015-08-16,8
254.352,3,0.2,0.0,2015-08-16,8
3.762,3,0.7,-2.7588,2015-08-16,8
10.272,3,0.2,3.21,2015-08-16,8
659.97,3,0.0,197.991,2014-05-31,5
113.73,3,0.0,32.9817,2014-05-31,5
5.104,1,0.2,1.6588,2015-08-27,8
16.448,2,0.2,5.5512,2014-01-03,1
81.92,4,0.0,22.1184,2014-09-10,9
254.9,5,0.0,76.47,2014-09-10,9
15.12,5,0.2,4.914,2017-01-22,1
7.872,3,0.2,0.8856,2017-01-22,1
8.32,5,0.2,2.808,2016-04-21,4
89.95,5,0.0,43.176,2016-07-20,7
25.2,4,0.0,11.592,2016-08-23,8
37.59,3,0.0,17.6673,2016-08-23,8
14.97,1,0.0,4.1916,2016-08-23,8
1.98,2,0.0,0.891,2016-08-23,8
39.936,4,0.7,-26.624,2016-06-14,6
18.464,2,0.2,2.308,2016-06-14,6
4.896,3,0.7,-3.4272,2015-11-20,11
145.764,6,0.7,-247.7988,2015-11-20,11
9.612,6,0.7,-7.3692,2015-11-20,11
199.75,5,0.0,87.89,2017-11-03,11
1673.184,12,0.2,20.9148,2017-11-03,11
12.18,7,0.0,3.8976,2014-05-04,5
57.68,4,0.0,19.0344,2014-05-04,5
263.96,4,0.0,76.5484,2015-11-08,11
299.94,6,0.0,128.9742,2015-12-12,12
25.76,7,0.0,0.5152,2015-12-12,12
271.9,2,0.0,78.851,2014-12-01,12
45.84,3,0.0,15.5856,2014-12-01,12
9.82,2,0.0,3.2406,2014-12-01,12
93.36,12,0.0,0.9336,2016-10-07,10
541.24,4,0.0,5.4124,2015-11-17,11
106.32,3,0.0,49.9704,2015-11-17,11
1323.9,5,0.0,383.931,2015-11-17,11
126.624,6,0.2,41.1528,2014-03-17,3
125.944,7,0.2,15.743,2015-06-20,6
663.92,5,0.2,207.475,2017-05-25,5
120.0,8,0.0,13.2,2017-05-25,5
3.29,1,0.0,1.4805,2017-05-25,5
18.84,3,0.0,6.0288,2017-05-25,5
60.672,6,0.2,12.8928,2014-09-09,9
30.816,9,0.2,2.6964,2014-09-09,9
52.792,1,0.2,4.6193,2017-10-17,10
83.9,10,0.0,20.975,2017-11-02,11
11.76,2,0.0,5.7624,2017-11-02,11
4.992,3,0.8,-12.9792,2014-07-21,7
87.92,5,0.2,29.673,2014-07-21,7
657.93,5,0.3,-93.99,2014-07-21,7
1.044,1,0.8,-1.827,2014-07-21,7
210.68,2,0.0,50.5632,2015-09-11,9
78.8,1,0.0,1.576,2015-09-11,9
19.99,1,0.0,6.7966,2015-09-11,9
772.68,4,0.0,108.1752,2015-09-11,9
106.08,6,0.2,-9.282,2016-10-21,10
23.076,3,0.6,-10.9611,2016-01-07,1
25.92,5,0.2,9.072,2016-01-07,1
47.952,3,0.2,16.1838,2015-06-25,6
0.984,2,0.8,-1.476,2015-06-25,6
75.384,9,0.6,-20.7306,2015-06-25,6
4.608,2,0.2,1.6704,2015-06-25,6
37.68,6,0.0,16.956,2015-09-20,9
41.91,3,0.0,10.8966,2017-07-10,7
435.999,3,0.15,5.1294,2017-06-30,6
388.704,6,0.2,38.8704,2017-08-21,8
572.58,6,0.0,34.3548,2017-08-21,8
33.18,2,0.0,11.613,2017-08-21,8
63.88,4,0.0,24.9132,2017-03-11,3
26.72,1,0.0,11.7568,2017-03-11,3
295.056,9,0.2,106.9578,2017-09-15,9
393.25,5,0.0,129.7725,2016-09-20,9
2.214,3,0.7,-1.476,2016-12-15,12
16.272,3,0.2,5.2884,2017-11-03,11
706.86,7,0.0,197.9208,2016-07-03,7
5.97,5,0.7,-4.577,2014-09-26,9
21.184,1,0.2,4.7664,2014-09-26,9
41.376,6,0.2,3.1032,2014-09-26,9
17.94,3,0.0,4.485,2014-07-14,7
2.655,1,0.7,-1.8585,2017-09-28,9
892.35,5,0.0,267.705,2015-08-28,8
307.666,2,0.15,28.9568,2015-08-28,8
728.82,9,0.0,29.1528,2015-08-28,8
41.36,5,0.2,13.959,2015-08-28,8
43.176,3,0.2,15.1116,2015-08-28,8
4.16,2,0.0,1.7472,2015-08-28,8
61.4,5,0.0,28.858,2015-09-20,9
24.448,2,0.2,8.8624,2015-09-20,9
263.96,4,0.0,71.2692,2016-11-07,11
359.97,3,0.0,100.7916,2016-11-07,11
12.96,2,0.0,6.2208,2016-11-07,11
116.82,3,0.0,5.841,2016-11-07,11
276.784,2,0.2,89.9548,2016-11-07,11
239.97,3,0.0,86.3892,2015-10-20,10
16.02,6,0.0,6.0876,2015-10-20,10
454.56,5,0.2,-107.958,2017-01-01,1
141.42,5,0.6,-187.3815,2017-01-01,1
310.744,4,0.3,-26.6352,2017-01-01,1
12.736,4,0.2,2.2288,2017-01-01,1
6.47,5,0.8,-9.705,2017-01-01,1
13.748,14,0.8,-22.6842,2017-01-01,1
15.224,2,0.8,-38.8212,2017-01-01,1
27.42,3,0.0,9.3228,2015-06-23,6
165.98,1,0.0,74.691,2015-06-23,6
75.0,3,0.0,18.0,2015-06-23,6
134.272,8,0.2,46.9952,2016-11-22,11
146.544,6,0.2,47.6268,2015-10-26,10
131.904,3,0.2,47.8152,2015-10-26,10
203.88,5,0.2,20.388,2015-10-26,10
14.301,7,0.7,-10.4874,2015-10-26,10
718.64,10,0.2,-161.694,2015-10-26,10
61.1,5,0.0,18.33,2016-10-20,10
28.08,3,0.2,5.265,2017-04-28,4
10.496,4,0.2,1.1808,2016-09-29,9
39.92,2,0.2,12.974,2015-07-10,7
77.58,9,0.0,20.1708,2015-08-07,8
269.36,7,0.0,70.0336,2014-12-07,12
5.76,2,0.0,2.8224,2015-12-10,12
109.9,5,0.0,32.97,2017-11-08,11
23.88,3,0.0,10.5072,2017-07-27,7
26.2,4,0.0,12.052,2017-07-27,7
12.96,2,0.0,6.2208,2017-07-27,7
234.95,5,0.0,32.893,2017-07-27,7
118.25,5,0.0,34.2925,2017-12-28,12
4.28,1,0.0,1.926,2017-12-28,12
26.85,3,0.0,5.1015,2016-03-10,3
3357.6,3,0.2,377.73,2016-03-10,3
8.26,2,0.0,3.7996,2015-05-22,5
2973.32,7,0.2,334.4985,2015-05-22,5
104.79,7,0.0,29.3412,2015-05-22,5
775.728,6,0.2,58.1796,2015-05-22,5
89.0664,1,0.32,-17.0274,2017-02-17,2
175.44,6,0.2,52.632,2017-02-17,2
438.336,4,0.2,-87.6672,2017-02-17,2
215.544,4,0.3,-58.5048,2017-12-08,12
55.584,6,0.2,20.844,2017-11-18,11
127.386,2,0.3,-25.4772,2017-11-18,11
248.43,5,0.3,-17.745,2016-12-01,12
11.648,4,0.8,-30.8672,2016-12-01,12
85.246,2,0.3,-1.2178,2016-12-01,12
20.64,5,0.2,2.322,2017-10-03,10
148.02,3,0.0,41.4456,2017-08-29,8
33.29,1,0.0,7.9896,2017-11-24,11
204.95,5,0.0,100.4255,2017-06-30,6
526.344,4,0.3,-75.192,2017-07-22,7
41.96,2,0.0,10.9096,2016-11-11,11
451.152,3,0.2,0.0,2016-11-11,11
31.504,11,0.2,11.0264,2016-11-11,11
30.672,3,0.2,9.585,2014-12-09,12
1079.976,4,0.4,125.9972,2014-12-09,12
161.568,2,0.2,-28.2744,2017-09-07,9
2.934,3,0.8,-4.9878,2015-02-06,2
18.528,2,0.2,4.4004,2015-02-06,2
670.752,3,0.2,-125.766,2015-02-06,2
64.96,5,0.6,-43.848,2017-08-26,8
41.94,2,0.0,15.0984,2014-07-20,7
11.96,2,0.0,5.8604,2014-07-20,7
13.12,4,0.0,3.8048,2014-07-20,7
535.41,3,0.0,160.623,2014-07-20,7
72.78,3,0.6,-70.9605,2015-10-08,10
36.84,3,0.0,17.3148,2015-02-16,2
87.71,7,0.0,41.2237,2015-02-16,2
562.2925,7,0.45,-255.5875,2016-08-12,8
56.52,9,0.0,21.4776,2014-11-09,11
11.264,8,0.2,1.2672,2016-07-18,7
284.08,10,0.2,24.857,2016-07-18,7
18.496,4,0.2,6.7048,2016-07-18,7
14.73,3,0.0,7.2177,2016-02-05,2
186.54,3,0.0,50.3658,2016-02-05,2
557.728,4,0.2,6.9716,2016-02-05,2
159.968,4,0.2,-31.9936,2016-02-05,2
471.9,6,0.0,155.727,2014-06-20,6
3.52,2,0.0,1.6896,2014-06-20,6
49.12,4,0.0,23.0864,2017-06-09,6
20.16,7,0.0,9.8784,2016-12-27,12
10.68,2,0.0,5.0196,2014-01-26,1
141.96,2,0.0,39.7488,2014-01-26,1
32.48,2,0.0,4.872,2017-03-23,3
20.04,3,0.0,9.6192,2017-03-23,3
13999.96,4,0.0,6719.9808,2017-03-23,3
238.0,2,0.0,38.08,2017-03-20,3
61.96,2,0.0,27.882,2017-03-20,3
239.372,2,0.3,-23.9372,2016-10-04,10
595.0,5,0.0,95.2,2016-11-18,11
16.032,3,0.2,5.6112,2017-12-26,12
199.75,5,0.0,87.89,2016-03-09,3
227.96,2,0.0,36.4736,2016-02-16,2
293.52,6,0.0,76.3152,2015-09-28,9
307.98,2,0.0,89.3142,2015-09-28,9
96.96,6,0.0,33.936,2015-11-02,11
117.488,7,0.2,41.1208,2015-11-02,11
11.952,3,0.2,4.1832,2015-11-02,11
512.499,3,0.15,-30.147,2015-11-02,11
863.128,7,0.2,-32.3673,2016-07-31,7
2036.86,7,0.0,366.6348,2017-11-06,11
449.568,2,0.2,-73.0548,2017-11-06,11
108.96,3,0.0,32.688,2017-11-06,11
264.18,7,0.0,68.6868,2016-02-14,2
2.88,1,0.0,1.4112,2014-07-09,7
41.904,6,0.2,14.1426,2014-07-09,7
23.92,4,0.0,4.0664,2014-07-09,7
156.512,4,0.2,52.8228,2016-01-30,1
128.34,6,0.0,37.2186,2016-09-22,9
474.95,5,0.0,142.485,2017-12-22,12
999.98,2,0.0,449.991,2016-09-02,9
277.5,4,0.5,-188.7,2015-08-02,8
1252.704,8,0.4,-480.2032,2015-11-21,11
110.97,5,0.4,-24.0435,2015-11-21,11
22.608,3,0.6,-10.1736,2017-05-18,5
1.892,1,0.6,-0.9933,2017-05-18,5
63.312,3,0.2,20.5764,2017-07-23,7
7.824,1,0.2,2.934,2015-09-13,9
170.072,4,0.3,-12.148,2015-09-13,9
62.82,9,0.0,29.5254,2016-12-10,12
19.44,3,0.0,9.3312,2015-10-02,10
7.38,1,0.0,3.6162,2015-10-02,10
38.88,6,0.0,18.6624,2017-11-17,11
187.76,4,0.0,76.9816,2017-11-17,11
6.048,7,0.7,-4.2336,2015-11-30,11
98.352,3,0.2,9.8352,2015-11-30,11
335.744,2,0.2,25.1808,2015-11-30,11
8.96,2,0.0,4.3904,2015-12-06,12
89.568,4,0.2,-1.1196,2017-09-05,9
71.96,5,0.2,7.196,2017-09-05,9
15.552,3,0.2,5.4432,2017-09-05,9
10.43,5,0.8,-18.2525,2017-04-24,4
72.784,1,0.2,-18.196,2017-04-24,4
67.15,5,0.0,16.7875,2015-11-08,11
549.98,2,0.0,142.9948,2015-11-08,11
11.82,3,0.0,4.728,2015-11-08,11
4643.8,4,0.0,2229.024,2015-11-08,11
577.764,2,0.1,115.5528,2015-11-08,11
191.5155,1,0.45,-76.6062,2015-04-26,4
2.624,1,0.2,0.4264,2015-04-26,4
1369.764,6,0.7,-913.176,2015-09-20,9
294.368,4,0.2,-58.8736,2015-09-20,9
81.568,2,0.2,7.1372,2017-09-07,9
44.46,5,0.6,-17.784,2016-11-07,11
314.088,3,0.2,19.6305,2016-11-07,11
6.336,4,0.7,-4.6464,2015-09-25,9
10.48,1,0.2,3.799,2015-09-25,9
2.469,1,0.7,-1.8106,2015-09-25,9
3.264,2,0.7,-2.2848,2015-09-25,9
4.344,3,0.2,0.8688,2014-10-03,10
31.776,3,0.6,-19.0656,2014-10-03,10
4.928,2,0.2,1.7248,2014-10-03,10
1.788,3,0.8,-3.0396,2014-10-03,10
15.072,4,0.2,-3.768,2014-10-03,10
12.624,2,0.2,-2.5248,2014-02-18,2
185.88,6,0.0,83.646,2016-06-12,6
12.96,2,0.0,6.2208,2016-06-12,6
189.7,10,0.0,91.056,2017-11-01,11
40.99,1,0.0,20.0851,2017-11-01,11
82.64,2,0.0,7.4376,2016-04-04,4
31.02,2,0.0,8.0652,2016-04-04,4
89.97,3,0.0,37.7874,2016-04-04,4
35.97,3,0.0,9.7119,2016-06-30,6
1266.86,7,0.0,291.3778,2016-06-30,6
169.45,5,0.0,42.3625,2014-09-22,9
40.68,2,0.0,0.4068,2014-09-22,9
3.328,2,0.2,0.416,2017-05-01,5
933.262,4,0.45,-458.1468,2017-05-01,5
2803.92,5,0.2,0.0,2017-05-01,5
4.768,2,0.2,-0.7748,2017-10-20,10
6.672,1,0.2,2.502,2017-10-20,10
4.448,2,0.2,1.112,2017-10-20,10
43.936,4,0.2,6.0412,2017-10-20,10
23.744,2,0.2,8.3104,2014-09-01,9
357.0,3,0.0,57.12,2014-09-01,9
806.336,8,0.2,50.396,2014-08-12,8
85.44,3,0.0,31.6128,2014-08-12,8
344.91,3,0.0,10.3473,2014-08-19,8
70.97,5,0.8,-191.619,2015-05-10,5
36.784,2,0.2,3.6784,2015-05-10,5
743.988,2,0.4,-123.998,2016-05-10,5
11.212,2,0.8,-16.818,2015-03-05,3
4.712,2,0.6,-1.8848,2015-03-05,3
180.98,5,0.8,-470.548,2015-03-05,3
60.416,2,0.2,6.0416,2015-03-05,3
299.99,1,0.0,89.997,2017-08-12,8
192.16,4,0.0,92.2368,2017-08-12,8
242.624,8,0.2,27.2952,2017-08-12,8
46.74,3,0.0,11.685,2017-08-12,8
174.95,5,0.0,12.2465,2017-08-12,8
100.704,6,0.2,37.764,2017-08-12,8
368.91,9,0.0,180.7659,2016-06-26,6
8.02,1,0.0,3.7694,2016-06-26,6
171.04,4,0.0,44.4704,2016-06-26,6
19.44,3,0.0,9.3312,2016-12-15,12
13.092,4,0.7,-10.0372,2015-09-13,9
122.94,3,0.0,30.735,2014-12-30,12
35.448,7,0.2,12.8499,2014-12-30,12
19.98,2,0.0,5.1948,2014-04-29,4
69.375,1,0.5,-47.175,2017-01-30,1
31.68,4,0.2,2.772,2017-01-30,1
2003.168,4,0.2,250.396,2017-01-30,1
9.344,2,0.2,3.1536,2017-01-30,1
2563.056,8,0.1,313.2624,2016-12-25,12
387.136,4,0.2,4.8392,2016-10-20,10
3.424,1,0.2,0.2996,2015-06-13,6
1085.42,7,0.0,282.2092,2017-06-30,6
43.056,9,0.2,15.6078,2015-06-26,6
3.762,3,0.7,-2.7588,2016-02-21,2
34.86,2,0.7,-26.726,2016-02-21,2
432.456,3,0.2,32.4342,2016-02-21,2
675.06,3,0.0,87.7578,2017-04-22,4
65.232,3,0.2,22.0158,2017-05-09,5
207.0,3,0.2,25.875,2017-05-09,5
600.53,2,0.3,137.264,2015-12-21,12
59.904,2,0.2,14.2272,2015-12-21,12
637.44,8,0.2,135.456,2015-12-21,12
51.756,3,0.6,-33.6414,2015-12-21,12
31.104,6,0.2,10.8864,2014-08-12,8
47.96,5,0.2,4.1965,2014-08-12,8
158.928,7,0.2,41.7186,2014-08-12,8
211.248,6,0.2,15.8436,2014-08-12,8
5.552,2,0.2,-1.041,2014-08-12,8
2.952,1,0.2,0.9963,2014-08-12,8
10.332,3,0.7,-7.5768,2015-12-11,12
18.368,4,0.2,5.9696,2017-11-03,11
299.9,2,0.0,74.975,2017-03-13,3
26.55,9,0.0,12.744,2016-05-30,5
111.98,2,0.0,26.8752,2016-05-30,5
4.928,2,0.2,0.7392,2015-07-05,7
11.784,3,0.2,4.2717,2015-07-05,7
7.98,3,0.0,2.0748,2014-03-11,3
180.96,2,0.0,81.432,2015-04-20,4
1649.95,5,0.0,659.98,2017-07-26,7
362.352,3,0.2,45.294,2017-07-26,7
73.584,2,0.2,8.2782,2014-10-31,10
486.368,4,0.2,36.4776,2017-11-03,11
32.4,5,0.0,15.552,2016-08-11,8
41.86,7,0.0,19.2556,2016-08-11,8
77.56,2,0.0,35.6776,2016-08-11,8
37.17,9,0.0,11.151,2016-07-25,7
137.352,3,0.2,8.5845,2014-03-01,3
376.509,3,0.3,-43.0296,2014-03-01,3
62.72,4,0.0,24.4608,2017-01-26,1
2939.93,7,0.0,764.3818,2017-01-26,1
512.358,3,0.3,-14.6388,2014-07-12,7
3.488,2,0.2,0.5668,2014-07-12,7
22.288,7,0.2,3.9004,2014-07-12,7
16.032,3,0.2,5.6112,2014-07-12,7
1.752,1,0.2,0.1533,2017-04-11,4
20.992,8,0.2,2.3616,2017-04-11,4
11.21,1,0.0,3.363,2017-11-13,11
45.04,2,0.2,4.504,2015-12-05,12
15.624,2,0.8,-24.9984,2016-09-26,9
8.74,2,0.0,2.2724,2016-11-19,11
44.75,5,0.0,20.585,2016-11-19,11
61.68,5,0.2,5.397,2017-09-08,9
158.376,3,0.2,13.8579,2017-09-08,9
2.864,4,0.8,-4.5824,2017-07-21,7
94.192,7,0.8,-164.836,2017-07-21,7
143.7,3,0.0,68.976,2017-10-06,10
6.48,1,0.0,3.1104,2017-10-06,10
7.88,4,0.0,2.5216,2017-11-07,11
11.21,1,0.0,3.363,2016-03-09,3
354.9,5,0.0,88.725,2016-03-09,3
17.94,3,0.0,8.7906,2016-03-09,3
51.8,4,0.0,23.31,2016-03-09,3
299.52,9,0.0,149.76,2017-05-13,5
7.7,2,0.0,3.157,2016-07-02,7
23.92,4,0.0,11.7208,2014-12-27,12
498.0,5,0.0,184.26,2014-12-27,12
436.704,6,0.2,-38.2116,2017-04-13,4
32.4,5,0.0,15.552,2014-11-14,11
61.44,3,0.0,16.5888,2017-06-11,6
73.36,7,0.0,19.8072,2016-11-25,11
59.2,5,0.2,22.2,2014-03-21,3
32.952,3,0.2,6.5904,2014-03-21,3
218.376,3,0.2,-10.9188,2014-03-21,3
31.4,5,0.0,13.188,2015-04-30,4
9.48,1,0.0,3.792,2015-04-30,4
209.5,10,0.0,58.66,2015-04-30,4
24.3,5,0.0,10.449,2015-04-30,4
6.48,1,0.0,3.1104,2015-04-30,4
32.448,2,0.2,7.3008,2017-05-03,5
26.388,4,0.7,-17.592,2017-05-03,5
373.47,5,0.4,-112.041,2017-05-03,5
64.2,5,0.7,-44.94,2017-05-03,5
8.0,2,0.2,2.8,2017-05-03,5
186.54,3,0.0,41.0388,2016-08-26,8
87.08,7,0.0,24.3824,2014-04-11,4
105.584,2,0.2,9.2386,2014-04-11,4
217.44,6,0.0,91.3248,2014-04-11,4
31.744,2,0.2,3.968,2017-01-02,1
5.432,2,0.8,-13.58,2017-01-02,1
913.43,5,0.3,-169.637,2017-01-02,1
372.144,3,0.2,27.9108,2017-01-02,1
751.984,2,0.2,84.5982,2017-04-28,4
604.768,4,0.2,60.4768,2017-01-30,1
27.36,4,0.0,7.3872,2014-09-07,9
20.56,2,0.0,9.6632,2014-09-07,9
83.92,5,0.2,31.47,2014-09-07,9
902.712,3,0.2,33.8517,2016-06-11,6
120.666,2,0.15,21.294,2016-10-17,10
4.984,1,0.8,-8.4728,2014-12-27,12
82.26,3,0.0,33.7266,2016-11-24,11
29.74,1,0.0,4.461,2016-11-10,11
87.36,6,0.0,23.5872,2015-01-05,1
56.16,6,0.2,17.55,2015-01-05,1
64.384,1,0.2,8.048,2017-03-21,3
64.784,1,0.2,-14.5764,2015-11-12,11
15.552,3,0.2,5.6376,2015-11-12,11
223.888,7,0.2,69.965,2015-11-12,11
10.896,3,0.2,3.405,2014-09-09,9
84.784,2,0.2,-20.1362,2016-03-17,3
241.5,4,0.3,0.0,2016-02-08,2
59.97,3,0.0,14.9925,2016-11-26,11
13.36,2,0.0,6.4128,2016-11-26,11
11.808,3,0.2,4.1328,2017-09-04,9
16.24,1,0.0,2.436,2015-05-28,5
77.55,5,0.0,21.714,2015-05-28,5
76.12,2,0.0,22.0748,2014-11-01,11
17.184,6,0.2,6.2292,2016-12-27,12
11.76,2,0.0,5.7624,2017-12-04,12
27.46,2,0.0,9.8856,2017-12-23,12
137.94,3,0.0,35.8644,2016-12-01,12
111.15,5,0.0,48.906,2016-12-01,12
901.95,3,0.0,297.6435,2016-12-01,12
366.009,3,0.3,-47.0583,2016-12-01,12
310.688,7,0.2,108.7408,2014-06-30,6
7.68,5,0.8,-11.52,2014-09-03,9
155.372,2,0.3,-35.5136,2017-11-02,11
10.744,1,0.2,0.8058,2015-04-13,4
232.4,5,0.2,78.435,2015-12-05,12
164.646,3,0.1,12.8058,2015-12-05,12
22.68,2,0.0,11.1132,2015-12-05,12
105.52,4,0.0,48.5392,2016-02-01,2
83.92,4,0.0,5.8744,2017-07-08,7
141.9,5,0.0,58.179,2017-07-08,7
39.98,2,0.0,9.1954,2017-07-08,7
28.91,7,0.0,8.673,2017-07-08,7
174.95,5,0.0,45.487,2017-07-08,7
110.528,4,0.2,38.6848,2015-12-11,12
630.024,4,0.4,-199.5076,2016-11-15,11
27.86,7,0.0,9.1938,2016-05-09,5
933.408,4,0.3,-173.3472,2017-03-10,3
51.84,10,0.2,18.144,2016-12-17,12
165.6,3,0.2,-6.21,2016-12-17,12
106.32,3,0.0,49.9704,2017-04-06,4
147.92,5,0.2,46.225,2017-05-09,5
104.28,3,0.0,26.07,2017-05-09,5
286.85,1,0.0,63.107,2017-05-09,5
66.96,4,0.0,2.6784,2017-05-09,5
199.98,2,0.0,87.9912,2017-05-09,5
45.0,3,0.0,4.95,2017-10-12,10
17.9,5,0.0,8.771,2017-10-12,10
40.48,2,0.0,17.4064,2017-10-12,10
2154.9,5,0.0,129.294,2017-10-12,10
18.432,8,0.7,-12.288,2016-08-28,8
10.944,2,0.2,0.9576,2015-10-02,10
4.36,2,0.0,0.1744,2017-11-23,11
62.352,6,0.2,-10.9116,2017-11-12,11
303.92,5,0.2,-30.392,2016-12-19,12
129.3,2,0.0,6.465,2014-03-30,3
274.2,10,0.0,112.422,2017-11-08,11
6.048,4,0.2,-1.3608,2014-09-14,9
6.848,2,0.2,2.14,2014-09-14,9
9.96,5,0.6,-6.723,2014-09-14,9
8.552,2,0.8,-13.6832,2014-09-14,9
45.584,11,0.2,16.5242,2015-09-20,9
25.488,2,0.2,4.4604,2015-12-10,12
136.96,4,0.2,51.36,2014-05-28,5
49.616,2,0.2,4.9616,2017-03-14,3
10.584,3,0.2,3.4398,2016-12-08,12
84.416,4,0.2,27.4352,2017-05-06,5
431.94,2,0.4,-71.99,2016-03-06,3
2.043,1,0.7,-1.4982,2016-03-06,3
68.238,3,0.4,-12.5103,2016-03-06,3
240.744,4,0.3,-13.7568,2017-10-23,10
35.0,4,0.0,14.7,2017-10-23,10
210.68,2,0.0,50.5632,2017-10-23,10
637.896,3,0.3,-127.5792,2017-10-23,10
43.44,8,0.0,21.2856,2017-10-23,10
2.22,1,0.0,0.666,2017-10-23,10
1679.96,5,0.2,125.997,2014-04-28,4
344.372,4,0.3,-93.4724,2016-04-18,4
1554.936,3,0.2,77.7468,2016-04-18,4
127.88,5,0.6,-67.137,2016-04-18,4
222.384,2,0.2,22.2384,2016-05-22,5
106.869,3,0.3,-29.0073,2017-05-28,5
3.564,3,0.8,-6.237,2017-05-28,5
25.68,3,0.8,-39.804,2014-08-25,8
12.384,3,0.8,-19.8144,2014-08-25,8
25.3,5,0.0,11.891,2014-08-30,8
95.94,3,0.0,9.594,2014-08-30,8
7.5,2,0.0,3.6,2015-09-03,9
302.376,3,0.2,22.6782,2014-03-28,3
46.688,4,0.2,-2.918,2015-05-10,5
17.94,3,0.0,3.0498,2015-04-09,4
370.14,3,0.0,144.3546,2015-04-09,4
8.928,2,0.2,3.1248,2016-09-19,9
2678.94,6,0.0,241.1046,2016-11-11,11
387.136,4,0.2,-14.5176,2017-04-23,4
45.408,2,0.2,11.9196,2017-04-23,4
77.952,3,0.2,-11.6928,2017-04-23,4
3.0,1,0.2,1.05,2017-04-23,4
9.952,1,0.2,0.9952,2015-10-22,10
37.896,4,0.7,-29.0536,2017-04-09,4
65.584,2,0.2,23.7742,2017-04-09,4
44.784,1,0.2,16.2342,2017-10-27,10
1035.8,4,0.0,269.308,2015-10-30,10
5.76,2,0.0,1.6704,2017-12-18,12
19.98,2,0.0,8.991,2016-03-12,3
35.98,2,0.0,10.0744,2014-07-21,7
16.656,3,0.2,3.3312,2016-05-24,5
20.7,2,0.0,9.936,2017-02-11,2
83.7,5,0.0,41.013,2016-09-20,9
199.8,10,0.0,71.928,2017-09-24,9
45.68,2,0.0,21.0128,2017-03-27,3
110.96,2,0.0,53.2608,2017-03-27,3
11.94,3,0.0,5.97,2017-03-27,3
8749.95,5,0.0,2799.984,2016-02-02,2
36.4,8,0.0,18.2,2016-02-02,2
18.69,7,0.0,7.1022,2016-02-02,2
5.94,3,0.0,0.1188,2017-07-07,7
60.736,8,0.2,20.4984,2015-10-23,10
479.976,3,0.2,161.9919,2015-10-23,10
6.08,1,0.8,-10.336,2015-10-23,10
165.6,3,0.2,-6.21,2016-12-02,12
59.52,3,0.0,15.4752,2014-03-05,3
479.97,3,0.0,177.5889,2014-03-05,3
18.62,2,0.0,5.3998,2014-03-05,3
49.632,6,0.2,16.7508,2014-03-05,3
97.82,2,0.0,45.9754,2014-03-05,3
15.984,2,0.2,1.1988,2015-03-01,3
184.752,3,0.2,-20.7846,2015-03-01,3
12.96,2,0.0,6.2208,2014-02-20,2
366.744,4,0.3,-110.0232,2016-05-02,5
8.856,9,0.8,-14.1696,2016-03-08,3
27.96,5,0.2,8.388,2016-03-08,3
146.352,3,0.2,49.3938,2016-03-08,3
175.23,11,0.0,61.3305,2015-12-11,12
125.99,1,0.0,31.4975,2015-12-11,12
23.0,2,0.0,10.35,2015-12-11,12
25.584,2,0.2,8.9544,2016-12-22,12
73.784,2,0.6,-77.4732,2016-02-02,2
20.736,4,0.2,7.2576,2017-06-05,6
17.52,3,0.0,8.2344,2015-08-21,8
35.76,12,0.0,10.0128,2015-08-21,8
3.64,2,0.0,0.9828,2016-04-07,4
30.336,6,0.6,-17.4432,2017-06-04,6
12.99,1,0.0,1.5588,2017-12-04,12
182.22,3,0.0,45.555,2017-12-04,12
302.94,3,0.0,18.1764,2017-12-04,12
54.992,14,0.2,8.9362,2016-01-11,1
12.99,1,0.0,0.2598,2016-04-01,4
55.86,7,0.0,27.93,2017-09-21,9
44.376,2,0.4,-7.396,2017-03-16,3
51.264,6,0.2,7.6896,2017-03-16,3
5.193,3,0.7,-3.462,2017-03-16,3
159.984,2,0.2,43.9956,2017-03-16,3
54.224,2,0.2,3.389,2017-03-16,3
241.424,2,0.2,-36.2136,2017-11-10,11
33.36,4,0.0,16.68,2016-11-30,11
13.76,2,0.0,6.3296,2016-11-30,11
496.86,7,0.0,24.843,2016-11-30,11
389.97,3,0.0,35.0973,2016-11-30,11
9.82,2,0.0,4.8118,2015-01-13,1
56.4,3,0.0,3.384,2014-05-16,5
18.312,4,0.7,-12.208,2015-06-07,6
25.92,5,0.2,9.072,2015-06-07,6
8.016,3,0.2,1.002,2015-06-07,6
479.984,2,0.2,59.998,2017-03-09,3
30.84,5,0.2,9.6375,2017-03-09,3
33.568,2,0.2,1.6784,2015-12-22,12
422.625,7,0.3,0.0,2015-12-22,12
199.98,2,0.0,83.9916,2014-08-06,8
20.24,1,0.0,8.7032,2016-03-27,3
39.92,4,0.0,11.1776,2016-03-27,3
32.54,2,0.0,15.9446,2016-03-27,3
39.0,3,0.0,17.55,2015-12-05,12
12.6,4,0.0,6.048,2015-12-05,12
24.64,4,0.2,4.004,2015-09-11,9
6.264,3,0.2,2.0358,2015-07-17,7
14.432,4,0.2,3.4276,2015-07-17,7
719.976,3,0.2,134.9955,2014-05-30,5
239.92,8,0.0,23.992,2017-11-13,11
1056.86,7,0.0,158.529,2016-12-09,12
447.944,7,0.2,89.5888,2015-03-22,3
150.408,9,0.2,-33.8418,2015-03-22,3
453.576,3,0.2,39.6879,2016-12-23,12
45.36,9,0.2,14.742,2016-12-23,12
287.88,3,0.2,35.985,2016-12-23,12
131.88,3,0.2,14.8365,2016-12-23,12
2.328,2,0.6,-0.7566,2016-12-23,12
1454.9,5,0.0,378.274,2016-04-02,4
4.842,3,0.7,-3.5508,2017-04-30,4
220.704,6,0.2,-8.2764,2017-04-30,4
67.176,3,0.2,6.7176,2016-11-17,11
15.232,4,0.2,5.5216,2016-11-17,11
31.104,6,0.2,10.8864,2016-11-10,11
968.744,7,0.2,314.8418,2016-12-06,12
222.352,13,0.2,77.8232,2016-12-06,12
479.984,2,0.2,89.997,2016-12-06,12
10.272,3,0.2,3.21,2016-04-03,4
998.85,5,0.4,-199.77,2014-11-28,11
24.56,2,0.0,11.5432,2015-10-20,10
5.67,3,0.0,0.1134,2014-09-19,9
14.336,4,0.2,0.896,2017-08-27,8
102.3,1,0.0,26.598,2017-07-03,7
607.52,2,0.0,97.2032,2017-12-22,12
31.16,2,0.0,7.79,2017-12-22,12
2.61,1,0.0,1.2006,2016-12-27,12
10.332,3,0.6,-5.9409,2014-05-20,5
10.368,2,0.2,3.6288,2014-05-20,5
20.784,2,0.2,-3.6372,2014-05-20,5
66.96,5,0.2,-13.392,2014-05-20,5
17.248,2,0.2,6.0368,2014-02-04,2
11.088,7,0.7,-8.1312,2017-12-09,12
1287.45,5,0.0,244.6155,2017-07-11,7
168.1,5,0.0,43.706,2017-07-11,7
51.968,2,0.2,-10.3936,2015-05-15,5
4.768,2,0.2,0.4768,2017-01-29,1
7.98,3,0.0,3.9102,2017-09-29,9
18.688,2,0.2,7.008,2017-04-23,4
11.664,3,0.2,3.3534,2017-04-23,4
191.976,3,0.2,38.3952,2017-11-09,11
499.168,4,0.2,31.198,2017-11-09,11
11.88,2,0.0,5.346,2014-05-05,5
35.44,1,0.0,16.6568,2014-05-05,5
67.136,4,0.2,25.176,2016-10-27,10
4.32,3,0.2,1.512,2014-11-26,11
14.94,3,0.0,7.0218,2014-11-26,11
40.54,2,0.0,11.3512,2014-11-26,11
7.312,1,0.2,2.5592,2014-11-26,11
475.944,7,0.2,59.493,2014-12-31,12
30.08,2,0.2,-5.264,2016-01-03,1
165.6,3,0.2,-6.21,2016-01-03,1
180.96,5,0.2,13.572,2016-01-03,1
23.18,2,0.0,7.6494,2017-08-18,8
56.96,2,0.0,21.0752,2014-06-04,6
15.56,4,0.0,4.0456,2014-06-04,6
353.568,2,0.2,-44.196,2014-06-04,6
13.96,2,0.0,6.7008,2014-06-04,6
82.95,5,0.0,29.0325,2017-11-13,11
39.68,2,0.0,10.3168,2016-01-28,1
479.97,3,0.0,177.5889,2016-11-09,11
7.38,2,0.0,3.4686,2016-09-10,9
14.256,3,0.2,4.455,2016-09-10,9
81.98,2,0.0,40.1702,2016-09-10,9
39.624,3,0.2,13.8684,2016-09-10,9
399.672,7,0.2,-14.9877,2017-03-03,3
65.12,4,0.0,16.9312,2017-09-08,9
30.56,5,0.6,-19.864,2017-11-06,11
20.768,2,0.2,2.3364,2017-05-13,5
39.808,4,0.2,3.9808,2016-11-27,11
121.104,6,0.7,-100.92,2015-11-13,11
111.96,5,0.2,-1.3995,2015-11-13,11
15.696,3,0.2,5.1012,2015-12-08,12
70.26,3,0.0,18.9702,2015-09-07,9
90.0,5,0.0,16.2,2015-09-07,9
6.096,2,0.2,2.0574,2015-09-07,9
481.176,2,0.4,-120.294,2015-09-07,9
7.24,4,0.0,2.3892,2015-09-07,9
177.45,5,0.5,-78.078,2016-07-28,7
1369.764,6,0.7,-913.176,2016-07-28,7
9.48,3,0.2,0.711,2016-07-28,7
130.98,2,0.5,-89.0664,2017-08-25,8
174.95,5,0.0,45.487,2014-04-30,4
826.0,5,0.0,214.76,2014-04-30,4
139.58,7,0.0,39.0824,2017-04-27,4
399.95,5,0.0,143.982,2017-07-23,7
12.39,3,0.0,5.8233,2014-12-13,12
760.98,5,0.8,-1141.47,2017-01-12,1
67.86,6,0.7,-45.24,2017-12-02,12
31.504,11,0.2,11.814,2015-11-08,11
5.04,1,0.2,1.638,2015-11-08,11
39.879,7,0.7,-29.2446,2015-11-08,11
4.712,1,0.2,1.4136,2015-11-08,11
194.352,3,0.2,19.4352,2016-11-25,11
97.424,2,0.2,10.9602,2015-12-05,12
704.76,5,0.2,26.4285,2016-07-29,7
27.396,3,0.7,-20.0904,2016-07-29,7
5.7,5,0.0,2.679,2014-09-13,9
14.19,3,0.0,5.5341,2014-09-13,9
7.3,2,0.0,2.19,2014-09-13,9
199.98,2,0.0,75.9924,2014-09-13,9
144.96,4,0.0,60.8832,2014-09-13,9
118.0,2,0.0,20.06,2014-09-13,9
48.94,1,0.0,24.47,2014-09-13,9
22.66,2,0.0,9.7438,2014-09-13,9
0.836,1,0.8,-1.3376,2016-06-21,6
30.96,6,0.2,11.223,2016-09-03,9
723.92,5,0.2,-81.441,2017-11-25,11
21.968,4,0.6,-15.9268,2015-05-12,5
619.152,6,0.2,69.6546,2015-05-12,5
127.904,7,0.2,41.5688,2015-05-12,5
94.2,5,0.0,39.564,2017-03-30,3
49.5,5,0.0,13.365,2016-11-17,11
16.52,5,0.2,1.652,2016-12-30,12
55.36,4,0.2,19.376,2016-12-22,12
11.56,1,0.2,3.757,2016-12-22,12
17.12,4,0.0,7.704,2015-12-20,12
182.352,3,0.2,-18.2352,2014-12-27,12
118.16,2,0.2,-25.109,2014-12-27,12
18.368,2,0.2,6.1992,2017-02-16,2
600.558,3,0.3,-8.5794,2017-02-16,2
50.352,3,0.2,-8.1822,2017-02-16,2
28.032,6,0.2,3.504,2017-02-16,2
7.692,1,0.6,-3.6537,2017-02-16,2
517.405,5,0.3,-81.3065,2017-10-24,10
8.608,8,0.8,-13.3424,2016-09-02,9
159.56,5,0.2,33.9065,2016-09-02,9
2104.55,7,0.0,694.5015,2016-12-01,12
40.7,5,0.0,11.803,2016-12-01,12
47.79,3,0.0,16.2486,2014-11-05,11
5.16,2,0.0,1.3416,2017-11-25,11
21.21,7,0.0,4.4541,2016-12-16,12
96.36,6,0.0,25.0536,2017-11-14,11
231.72,2,0.0,11.586,2016-06-26,6
17.9,5,0.0,8.95,2016-06-26,6
12.48,2,0.0,5.616,2016-06-26,6
8.016,3,0.2,1.1022,2014-12-26,12
259.896,2,0.4,-56.3108,2016-08-14,8
247.188,2,0.4,-49.4376,2016-08-14,8
279.96,5,0.2,48.993,2016-08-14,8
450.0,5,0.0,162.0,2016-10-24,10
19.44,3,0.0,9.5256,2014-08-23,8
300.904,1,0.2,11.2839,2017-09-15,9
239.976,3,0.2,26.9973,2017-06-15,6
31.168,4,0.2,9.3504,2017-06-15,6
120.96,2,0.4,-28.224,2017-06-15,6
2239.936,8,0.2,223.9936,2017-06-15,6
76.608,8,0.2,6.7032,2017-06-15,6
142.776,1,0.2,17.847,2017-06-15,6
91.36,5,0.2,29.692,2017-06-15,6
3.552,2,0.2,0.444,2015-03-01,3
115.136,8,0.2,11.5136,2016-07-23,7
4.71,1,0.0,0.0,2014-10-01,10
172.764,2,0.1,13.4372,2014-09-08,9
3.52,2,0.0,1.6896,2014-09-08,9
79.968,4,0.2,-17.9928,2014-11-16,11
305.9745,3,0.15,25.1979,2014-11-16,11
344.91,3,0.0,10.3473,2014-11-16,11
626.352,3,0.2,-23.4882,2014-03-03,3
359.499,3,0.15,-29.6058,2015-12-03,12
71.952,6,0.2,5.3964,2017-07-11,7
29.8,5,0.2,9.3125,2017-07-11,7
1.824,1,0.7,-1.3984,2017-11-16,11
64.384,4,0.8,-160.96,2016-06-12,6
6.984,2,0.6,-4.5396,2016-06-12,6
11.264,8,0.2,3.9424,2016-06-12,6
15.552,3,0.2,5.6376,2016-06-12,6
379.372,2,0.3,-119.2312,2016-06-12,6
67.536,9,0.2,6.7536,2016-06-12,6
1.524,2,0.8,-2.667,2016-06-12,6
37.408,7,0.2,13.0928,2016-12-29,12
25.344,6,0.2,8.8704,2016-12-29,12
46.2,4,0.0,21.252,2017-03-18,3
4.728,3,0.2,0.7092,2015-12-27,12
53.352,3,0.2,16.0056,2015-12-27,12
131.104,2,0.2,8.194,2015-12-27,12
22.512,3,0.2,2.2512,2015-12-27,12
72.744,7,0.2,-12.7302,2015-12-27,12
52.59,3,0.0,15.777,2015-07-31,7
19.44,3,0.0,9.3312,2017-06-27,6
126.3,3,0.0,40.416,2017-06-27,6
1287.45,5,0.0,244.6155,2017-06-27,6
64.96,4,0.0,9.744,2014-02-07,2
535.41,3,0.0,160.623,2016-09-04,9
8.1,5,0.7,-5.94,2017-04-06,4
13.248,4,0.2,3.6432,2017-12-08,12
83.988,2,0.4,-20.997,2017-12-08,12
73.2,5,0.0,21.228,2016-07-24,7
10.74,3,0.0,5.1552,2015-11-09,11
11.032,1,0.2,3.0338,2015-10-02,10
53.04,3,0.2,-4.641,2015-10-02,10
17.12,4,0.0,4.9648,2015-11-22,11
59.94,3,0.0,28.1718,2015-11-22,11
210.58,2,0.0,12.6348,2017-02-02,2
30.96,2,0.2,10.062,2017-02-02,2
239.984,2,0.2,38.9974,2017-02-02,2
3050.376,3,0.2,1143.891,2015-06-16,6
133.98,2,0.0,33.495,2015-06-16,6
93.248,4,0.2,31.4712,2016-05-05,5
177.48,3,0.2,19.9665,2016-05-05,5
17.712,6,0.2,5.9778,2017-09-09,9
4.86,3,0.7,-3.564,2017-09-09,9
6.258,2,0.7,-5.215,2017-09-09,9
37.68,2,0.0,10.5504,2016-07-22,7
51.84,8,0.0,24.8832,2016-07-22,7
27.42,3,0.0,9.3228,2016-07-22,7
5.4,3,0.0,2.592,2016-07-22,7
1270.99,1,0.0,635.495,2016-01-31,1
125.36,8,0.0,58.9192,2016-01-31,1
14.03,1,0.0,4.0687,2016-12-29,12
27.96,2,0.0,7.2696,2016-12-29,12
5.344,2,0.2,0.7348,2015-11-21,11
1.696,2,0.8,-2.544,2015-11-21,11
24.588,3,0.8,-67.617,2015-11-21,11
7.98,5,0.8,-13.167,2015-11-21,11
288.0,4,0.2,57.6,2015-10-05,10
146.952,3,0.2,9.1845,2016-09-12,9
83.136,4,0.2,5.196,2016-09-12,9
942.784,4,0.2,94.2784,2017-09-14,9
74.352,3,0.2,23.235,2017-09-14,9
26.88,6,0.0,6.72,2015-02-23,2
10.896,2,0.2,3.8136,2015-02-23,2
3.536,2,0.2,0.3094,2016-12-05,12
528.43,5,0.3,0.0,2016-07-02,7
41.472,8,0.2,14.5152,2016-07-02,7
287.976,3,0.2,7.1994,2017-12-13,12
29.304,3,0.2,2.5641,2015-03-20,3
55.328,2,0.2,6.2244,2015-03-01,3
1227.9984,6,0.32,-36.1176,2015-03-01,3
20.416,4,0.2,6.6352,2016-09-15,9
1128.39,3,0.0,259.5297,2016-09-15,9
4.608,2,0.2,1.6704,2017-03-17,3
195.96,5,0.2,19.596,2017-05-28,5
15.552,3,0.2,5.4432,2017-05-28,5
271.968,4,0.2,54.3936,2017-05-28,5
698.352,3,0.2,52.3764,2017-06-15,6
77.728,2,0.2,-3.8864,2017-06-15,6
46.62,9,0.0,21.4452,2015-09-06,9
537.544,7,0.2,47.0351,2017-03-18,3
14.62,2,0.0,6.8714,2014-12-19,12
22.55,5,0.0,8.7945,2014-12-19,12
583.8,5,0.2,72.975,2014-12-19,12
211.168,4,0.2,15.8376,2014-12-19,12
12.96,2,0.0,6.2208,2016-07-07,7
45.98,2,0.0,12.8744,2016-07-07,7
1294.75,5,0.0,336.635,2016-04-06,4
1799.97,5,0.4,239.996,2014-05-08,5
10.688,2,0.2,3.7408,2017-11-23,11
221.98,2,0.0,62.1544,2016-11-10,11
341.96,2,0.0,54.7136,2016-11-10,11
34.77,3,0.0,11.4741,2014-12-31,12
18.9,3,0.0,8.694,2014-12-31,12
102.72,3,0.2,37.236,2017-08-19,8
40.48,2,0.0,14.5728,2016-09-12,9
33.282,3,0.7,-27.735,2017-10-26,10
118.65,5,0.4,19.775,2017-10-26,10
14.76,5,0.2,4.9815,2017-10-26,10
37.52,4,0.0,18.0096,2017-05-30,5
207.144,3,0.1,48.3336,2016-03-08,3
13.9,5,0.0,3.753,2016-03-08,3
266.352,3,0.2,13.3176,2015-07-26,7
307.98,2,0.0,89.3142,2015-11-23,11
44.1,6,0.0,20.727,2015-11-23,11
13.12,4,0.0,5.6416,2015-11-23,11
16.56,2,0.0,7.7832,2015-11-23,11
38.88,6,0.0,18.6624,2015-11-23,11
335.52,4,0.2,117.432,2015-11-28,11
959.984,2,0.2,311.9948,2017-11-03,11
4.086,2,0.7,-2.9964,2017-11-03,11
55.984,2,0.2,4.1988,2017-11-03,11
10.688,2,0.2,3.7408,2017-11-03,11
8.856,3,0.2,2.8782,2017-03-21,3
6.912,3,0.2,2.5056,2015-12-19,12
26.72,5,0.2,9.352,2014-04-02,4
33.488,7,0.2,10.465,2014-04-02,4
10.56,2,0.0,4.752,2015-06-05,6
386.34,2,0.0,54.0876,2014-10-06,10
33.44,10,0.2,11.704,2016-08-21,8
39.96,2,0.0,14.3856,2015-11-15,11
1217.568,2,0.2,456.588,2015-06-22,6
15.51,1,0.0,3.8775,2017-09-24,9
89.9,2,0.0,25.172,2017-09-24,9
14.28,4,0.0,3.7128,2017-09-24,9
12.72,3,0.0,4.9608,2017-09-24,9
15.75,5,0.0,7.56,2017-09-24,9
70.95,3,0.0,18.447,2014-04-06,4
65.568,2,0.2,23.7684,2014-04-06,4
299.97,3,0.0,131.9868,2014-04-06,4
89.97,3,0.0,39.5868,2016-02-09,2
31.86,2,0.0,11.151,2016-02-09,2
67.15,5,0.0,16.7875,2014-11-18,11
7.236,3,0.7,-6.03,2017-12-18,12
4.824,3,0.2,1.7487,2017-12-18,12
91.36,5,0.2,29.692,2017-12-18,12
130.112,2,0.2,13.0112,2017-12-18,12
74.24,1,0.2,8.352,2015-07-02,7
159.84,10,0.2,45.954,2015-07-02,7
2.892,2,0.7,-2.3136,2015-07-02,7
9.392,2,0.2,3.2872,2015-07-02,7
123.92,4,0.0,55.764,2014-10-08,10
55.6,5,0.2,6.255,2015-09-22,9
617.976,3,0.2,-7.7247,2015-09-22,9
21.312,3,0.2,7.992,2017-12-24,12
209.94,6,0.0,39.8886,2017-10-13,10
31.984,2,0.2,-7.996,2017-10-13,10
5083.96,5,0.2,1906.485,2017-10-13,10
35.96,1,0.2,3.596,2017-08-20,8
31.05,3,0.0,14.904,2015-09-11,9
8.92,4,0.0,3.9248,2015-09-11,9
209.6,4,0.0,96.416,2015-09-11,9
111.04,4,0.0,29.9808,2015-09-11,9
38.88,6,0.0,18.6624,2015-09-11,9
36.27,3,0.0,10.881,2015-12-20,12
493.43,5,0.3,-70.49,2014-09-20,9
11.12,2,0.2,3.475,2014-09-20,9
686.4,2,0.2,77.22,2016-11-04,11
15.92,5,0.2,5.373,2017-12-01,12
70.68,12,0.0,31.0992,2017-12-01,12
541.24,4,0.0,5.4124,2017-12-01,12
101.994,2,0.7,-71.3958,2014-10-10,10
18.264,2,0.7,-13.3936,2014-10-10,10
21.99,5,0.8,-32.985,2017-11-14,11
185.376,2,0.2,-34.758,2016-08-13,8
58.924,1,0.8,-153.2024,2016-08-13,8
480.0,4,0.0,225.6,2017-09-17,9
34.05,3,0.0,9.534,2017-09-17,9
192.72,11,0.0,92.5056,2015-03-23,3
239.97,3,0.0,86.3892,2015-03-23,3
50.12,7,0.2,-0.6265,2016-06-30,6
15.984,2,0.2,1.3986,2017-10-20,10
14.352,3,0.2,4.485,2017-10-20,10
6.528,4,0.7,-4.5696,2014-08-25,8
2.862,3,0.7,-2.2896,2014-08-25,8
20.856,8,0.7,-16.6848,2014-08-25,8
276.28,2,0.0,0.0,2014-07-27,7
629.64,9,0.0,107.0388,2017-12-01,12
449.97,3,0.0,220.4853,2016-10-17,10
1927.59,7,0.0,751.7601,2016-10-17,10
121.78,2,0.0,30.445,2016-09-16,9
2676.672,9,0.2,267.6672,2015-12-01,12
489.23,2,0.3,41.934,2014-08-05,8
312.03,3,0.0,43.6842,2016-08-15,8
17.94,3,0.0,3.0498,2016-08-15,8
165.6,3,0.2,10.35,2016-08-15,8
37.52,4,0.0,18.0096,2016-08-15,8
494.97,3,0.0,148.491,2015-08-07,8
25.06,2,0.0,11.7782,2015-08-07,8
32.064,3,0.6,-12.8256,2016-05-31,5
18.496,4,0.2,6.7048,2016-05-31,5
191.079,3,0.3,-38.2158,2016-05-31,5
10.368,2,0.2,3.6288,2016-05-31,5
30.53,1,0.0,14.0438,2016-07-01,7
30.84,3,0.0,6.168,2016-07-01,7
75.06,9,0.0,33.777,2016-07-01,7
66.976,7,0.2,6.6976,2016-12-18,12
182.72,8,0.0,84.0512,2015-01-26,1
21.93,3,0.0,10.3071,2017-10-28,10
95.976,3,0.2,15.5961,2017-11-04,11
143.928,9,0.2,-32.3838,2017-11-04,11
3.564,2,0.7,-2.97,2017-11-04,11
4.928,2,0.2,1.7248,2017-11-04,11
856.656,6,0.2,107.082,2016-05-09,5
13.184,4,0.8,-20.4352,2016-05-09,5
48.784,4,0.8,-131.7168,2016-05-09,5
76.64,2,0.2,26.824,2016-05-09,5
18.528,6,0.8,-27.792,2016-05-09,5
177.68,2,0.0,46.1968,2014-04-02,4
159.98,2,0.0,57.5928,2014-04-28,4
52.68,3,0.2,19.755,2016-10-04,10
11.568,3,0.2,2.6028,2016-10-04,10
4.572,4,0.7,-3.81,2017-06-11,6
1439.968,4,0.2,143.9968,2016-01-30,1
1.728,3,0.8,-2.6784,2016-01-30,1
626.1,3,0.5,-538.446,2016-01-30,1
99.2,5,0.0,25.792,2015-09-27,9
609.98,4,0.3,-113.282,2015-04-13,4
211.372,2,0.3,-45.294,2015-04-13,4
239.976,3,0.2,17.9982,2015-04-13,4
99.95,5,0.0,22.9885,2017-12-18,12
29.34,3,0.0,10.8558,2017-12-18,12
16.74,2,0.0,4.3524,2016-03-14,3
12.672,3,0.2,3.96,2017-08-27,8
1119.888,14,0.2,209.979,2017-08-27,8
204.85,5,0.0,53.261,2015-12-17,12
135.984,2,0.2,16.998,2015-12-17,12
16.4,5,0.0,7.052,2015-12-17,12
92.96,2,0.2,31.374,2015-12-17,12
7.632,3,0.2,-1.8126,2014-08-22,8
4.158,7,0.7,-3.465,2016-11-03,11
179.991,3,0.7,-251.9874,2016-11-03,11
239.358,3,0.3,-47.8716,2017-10-10,10
164.88,3,0.0,80.7912,2014-12-07,12
10.95,3,0.0,3.285,2014-11-15,11
19.44,3,0.0,9.3312,2017-12-24,12
12.3,5,0.0,6.15,2017-12-24,12
13.97,1,0.0,3.6322,2014-12-24,12
934.956,6,0.4,-249.3216,2017-12-22,12
46.864,2,0.2,7.6154,2017-12-22,12
26.16,3,0.2,1.962,2017-12-22,12
23.128,7,0.2,2.891,2017-12-22,12
59.24,5,0.2,16.291,2017-12-22,12
155.456,4,0.2,-7.7728,2014-08-08,8
8.56,2,0.0,3.852,2014-09-20,9
21.0,3,0.2,5.775,2017-12-25,12
120.0,2,0.5,-7.2,2017-12-25,12
299.96,5,0.2,37.495,2017-11-25,11
67.84,5,0.8,-179.776,2017-11-25,11
853.93,5,0.3,-24.398,2017-11-25,11
18.688,4,0.2,3.7376,2017-11-25,11
273.96,2,0.0,71.2296,2016-11-05,11
89.97,3,0.0,18.8937,2016-11-05,11
756.8,5,0.0,75.68,2016-11-05,11
1.248,2,0.8,-1.9344,2017-11-06,11
72.0,1,0.2,14.4,2016-11-03,11
470.155,7,0.3,-13.433,2016-11-03,11
39.128,1,0.2,-8.8038,2014-12-30,12
19.728,9,0.2,1.7262,2017-12-02,12
151.188,2,0.4,-25.198,2017-12-02,12
271.764,2,0.1,60.392,2017-03-24,3
47.496,1,0.2,-1.1874,2014-11-19,11
344.981,7,0.15,28.4102,2017-04-25,4
36.288,7,0.2,12.7008,2017-11-23,11
78.304,2,0.2,29.364,2017-11-23,11
127.785,1,0.3,-31.0335,2017-11-23,11
6.104,2,0.8,-9.156,2017-11-23,11
5.76,2,0.0,2.8224,2014-11-03,11
1.72,1,0.8,-2.838,2015-10-19,10
8.952,2,0.8,-14.7708,2014-02-06,2
2.334,3,0.8,-6.3018,2016-03-06,3
1.728,4,0.8,-2.7648,2016-03-06,3
159.04,5,0.6,-194.824,2016-03-06,3
145.98,2,0.5,-99.2664,2016-03-06,3
77.952,3,0.2,12.6672,2015-12-03,12
95.97,5,0.7,-73.577,2015-12-03,12
105.584,2,0.2,9.2386,2015-12-03,12
9.344,2,0.2,1.168,2015-12-03,12
9.68,2,0.0,3.7752,2015-12-24,12
4899.93,7,0.0,2302.9671,2015-12-24,12
104.75,5,0.0,21.9975,2017-10-01,10
18.528,2,0.2,4.4004,2017-10-16,10
1875.258,7,0.4,-968.8833,2017-10-16,10
91.36,5,0.2,29.692,2014-08-15,8
152.24,5,0.2,17.127,2014-08-15,8
35.184,2,0.2,12.3144,2017-11-11,11
56.704,2,0.2,19.1376,2017-03-20,3
274.064,7,0.2,102.774,2017-03-20,3
458.43,5,0.3,-124.431,2017-05-13,5
8.226,3,0.7,-6.0324,2014-06-22,6
5.95,1,0.0,0.833,2014-12-02,12
15.24,3,0.0,7.1628,2014-12-02,12
239.94,6,0.0,26.3934,2015-04-05,4
23.84,8,0.0,6.4368,2015-04-05,4
92.52,6,0.0,24.9804,2017-11-18,11
37.76,1,0.0,10.5728,2017-11-18,11
7.38,2,0.0,3.4686,2017-11-18,11
5.82,2,0.0,2.7354,2017-11-18,11
3.816,1,0.2,1.1925,2017-07-12,7
26.16,4,0.0,12.8184,2017-05-19,5
100.8,2,0.2,21.42,2015-12-20,12
135.8,7,0.0,66.542,2016-02-21,2
13.9,5,0.0,3.753,2017-03-18,3
19.4,5,0.0,9.312,2017-03-18,3
13.488,2,0.2,4.3836,2016-12-17,12
11.416,1,0.2,3.8529,2016-12-17,12
17.64,3,0.0,8.6436,2016-03-26,3
17.04,3,0.2,5.538,2016-03-26,3
99.98,2,0.0,7.9984,2014-12-16,12
29.46,6,0.0,9.7218,2014-12-16,12
166.92,13,0.7,-116.844,2015-11-15,11
98.328,3,0.2,9.8328,2016-08-22,8
117.882,1,0.1,1.3098,2015-06-29,6
20.97,3,0.0,9.0171,2016-06-26,6
139.96,4,0.0,9.7972,2016-06-26,6
37.74,3,0.0,12.8316,2016-06-26,6
14.82,3,0.0,6.2244,2016-09-17,9
191.82,3,0.0,61.3824,2016-09-17,9
13.904,2,0.2,4.5188,2014-07-18,7
314.6,4,0.0,103.818,2017-09-01,9
283.56,4,0.0,45.3696,2017-09-01,9
487.96,2,0.0,146.388,2017-06-22,6
1793.98,2,0.0,843.1706,2014-09-02,9
2.992,4,0.8,-4.488,2015-10-01,10
108.768,4,0.2,2.7192,2015-10-01,10
25.92,4,0.0,12.4416,2015-04-07,4
22.58,2,0.0,5.8708,2015-04-07,4
55.176,3,0.2,-12.4146,2017-11-21,11
9892.74,13,0.0,4946.37,2016-12-17,12
73.915,1,0.5,-45.8273,2014-09-19,9
337.088,4,0.2,16.8544,2014-09-28,9
61.44,3,0.0,16.5888,2015-09-22,9
479.97,3,0.0,163.1898,2016-11-07,11
5.984,2,0.2,2.244,2017-12-16,12
189.95,5,0.0,45.588,2017-12-16,12
149.95,5,0.0,31.4895,2017-12-16,12
29.95,5,0.0,8.6855,2017-12-16,12
44.4,3,0.0,22.2,2017-12-16,12
66.03,3,0.0,17.1678,2014-09-21,9
10.86,2,0.0,5.3214,2015-05-18,5
3.36,2,0.0,0.84,2014-03-26,3
27.936,4,0.2,9.4284,2014-03-26,3
28.784,2,0.2,2.8784,2014-03-26,3
21.96,2,0.0,6.1488,2017-09-22,9
21.98,2,0.0,8.5722,2015-09-12,9
2621.322,11,0.1,553.3902,2015-11-02,11
74.76,7,0.0,23.9232,2015-10-20,10
364.776,3,0.2,27.3582,2015-10-20,10
1115.17,7,0.0,334.551,2016-06-14,6
89.696,4,0.2,33.636,2015-11-20,11
50.12,4,0.0,23.5564,2015-11-20,11
36.48,6,0.0,18.24,2016-02-28,2
322.192,13,0.2,100.685,2014-10-14,10
2.946,3,0.8,-4.8609,2014-10-14,10
19.136,4,0.2,6.9368,2014-10-14,10
23.08,2,0.0,6.924,2017-05-26,5
90.48,2,0.0,23.5248,2016-02-04,2
215.976,3,0.2,-2.6997,2016-09-02,9
65.94,3,0.0,30.9918,2016-09-02,9
11.352,3,0.2,2.6961,2017-12-04,12
24.56,2,0.0,6.8768,2015-06-12,6
16.56,2,0.0,7.7832,2016-09-04,9
279.95,5,0.0,67.188,2016-09-04,9
828.84,6,0.0,0.0,2014-04-21,4
7.218,3,0.7,-5.5338,2015-11-05,11
27.2,4,0.2,2.04,2015-11-05,11
89.97,3,0.0,18.8937,2014-11-03,11
318.08,4,0.0,34.9888,2016-02-16,2
5.8,1,0.0,2.61,2016-02-16,2
143.952,6,0.2,17.994,2017-09-11,9
19.44,3,0.0,9.3312,2017-09-11,9
5.56,2,0.0,1.4456,2017-11-02,11
146.73,3,0.0,2.9346,2015-02-06,2
29.9,5,0.0,13.455,2015-02-06,2
276.784,2,0.2,89.9548,2016-09-10,9
93.032,2,0.8,-251.1864,2016-09-26,9
454.965,5,0.3,-136.4895,2016-09-26,9
246.168,3,0.2,21.5397,2015-12-15,12
295.4,5,0.2,-62.7725,2016-09-17,9
348.56,8,0.0,104.568,2017-10-13,10
15.552,3,0.2,5.4432,2015-06-28,6
482.94,6,0.5,-376.6932,2015-06-28,6
299.98,2,0.0,83.9944,2015-06-01,6
403.68,6,0.0,181.656,2015-06-01,6
41.9,2,0.0,11.732,2015-06-01,6
28.91,7,0.0,13.2986,2015-06-01,6
32.4,5,0.0,15.552,2014-04-12,4
369.544,7,0.2,27.7158,2017-10-12,10
10.368,2,0.2,3.7584,2017-10-12,10
791.88,3,0.2,128.6805,2017-10-12,10
23.64,3,0.2,5.319,2015-11-07,11
84.784,2,0.2,-16.9568,2015-11-07,11
64.96,5,0.6,-84.448,2015-11-07,11
32.06,10,0.8,-51.296,2015-11-07,11
177.648,2,0.2,-28.8678,2015-11-07,11
287.91,3,0.4,33.5895,2015-11-07,11
22.368,2,0.2,1.6776,2015-05-25,5
32.368,7,0.2,11.7334,2015-05-25,5
207.984,2,0.2,36.3972,2015-05-25,5
36.4,5,0.0,17.472,2014-10-13,10
22.96,2,0.0,4.3624,2014-10-13,10
315.2,4,0.0,6.304,2014-10-13,10
15.18,3,0.0,7.1346,2014-10-13,10
623.96,5,0.2,38.9975,2016-02-07,2
429.6,2,0.4,-93.08,2017-01-19,1
31.968,2,0.2,6.3936,2017-01-19,1
887.271,3,0.3,-63.3765,2017-01-19,1
21.696,4,0.2,7.0512,2017-01-19,1
22.05,7,0.0,10.584,2016-06-06,6
99.9,5,0.0,46.953,2016-06-06,6
90.86,7,0.0,26.3494,2017-03-18,3
7.78,1,0.0,3.501,2017-11-24,11
78.759,9,0.7,-57.7566,2016-11-26,11
9.552,3,0.6,-3.8208,2016-08-18,8
5.344,4,0.6,-2.1376,2016-08-18,8
8.28,2,0.0,3.4776,2015-11-28,11
50.136,3,0.2,-11.2806,2017-05-25,5
88.074,7,0.7,-58.716,2017-09-04,9
301.47,3,0.5,-241.176,2016-03-24,3
18.656,2,0.2,1.6324,2016-03-24,3
27.46,2,0.0,9.8856,2017-05-28,5
125.13,3,0.0,36.2877,2017-05-28,5
555.96,5,0.2,41.697,2015-08-31,8
129.552,3,0.2,-22.6716,2016-04-12,4
51.984,1,0.2,-5.1984,2016-04-12,4
10.272,3,0.2,3.4668,2016-04-12,4
18.336,2,0.7,-12.224,2014-02-02,2
180.96,5,0.2,13.572,2014-02-02,2
475.944,7,0.2,95.1888,2014-09-02,9
159.98,2,0.0,47.994,2017-09-30,9
43.6,4,0.0,12.208,2016-09-05,9
8.288,2,0.2,3.0044,2017-05-20,5
1123.128,9,0.2,70.1955,2017-05-20,5
64.9,5,0.0,18.821,2017-05-20,5
2.808,3,0.8,-4.4928,2015-09-20,9
99.98,2,0.0,42.9914,2016-01-23,1
8.04,6,0.0,2.7336,2016-01-23,1
1564.29,13,0.0,406.7154,2016-01-23,1
138.56,4,0.0,66.5088,2014-06-01,6
65.52,5,0.1,12.376,2014-06-01,6
14.576,2,0.2,2.3686,2015-09-24,9
23.2,2,0.2,1.45,2015-09-24,9
16.464,7,0.2,1.8522,2015-09-24,9
19.312,2,0.2,3.1382,2016-08-01,8
40.08,6,0.0,19.2384,2014-01-23,1
101.96,2,0.0,27.5292,2014-08-04,8
259.74,13,0.0,124.6752,2014-08-04,8
255.42,9,0.0,104.7222,2014-08-04,8
4.338,3,0.7,-3.0366,2016-08-09,8
11.88,5,0.7,-7.92,2016-08-09,8
405.86,7,0.0,32.4688,2016-12-08,12
680.01,3,0.0,176.8026,2016-12-08,12
2.376,3,0.2,0.7425,2015-06-08,6
143.128,2,0.8,-393.602,2015-06-08,6
4476.8,4,0.2,503.64,2016-06-24,6
104.85,1,0.0,50.328,2016-06-24,6
241.44,3,0.0,72.432,2016-06-24,6
319.76,14,0.0,147.0896,2016-03-15,3
45.68,2,0.0,21.0128,2016-03-15,3
31.96,2,0.0,1.598,2016-12-01,12
47.9,1,0.0,22.992,2016-12-01,12
1112.94,3,0.0,222.588,2016-12-01,12
22.92,3,0.0,11.2308,2016-12-01,12
71.976,3,0.2,8.997,2017-06-12,6
19.44,3,0.0,9.3312,2017-06-12,6
31.086,3,0.7,-20.724,2016-03-19,3
13.98,2,0.0,3.9144,2016-11-14,11
23.65,1,0.0,6.149,2016-11-14,11
707.88,3,0.2,44.2425,2017-08-07,8
11.952,3,0.2,4.1832,2017-08-07,8
31.128,3,0.2,11.673,2017-08-07,8
55.76,4,0.0,7.8064,2017-08-07,8
24.56,2,0.0,11.5432,2017-08-07,8
51.75,1,0.0,15.525,2017-08-07,8
207.184,1,0.2,25.898,2017-08-07,8
1473.1,5,0.0,412.468,2017-08-07,8
3.488,2,0.2,-0.6976,2015-08-21,8
21.728,4,0.2,3.8024,2015-08-21,8
663.072,6,0.2,-165.768,2015-08-21,8
99.588,2,0.7,-82.99,2015-08-21,8
49.568,2,0.2,15.49,2015-08-21,8
29.372,7,0.8,-46.9952,2015-11-02,11
344.704,2,0.2,38.7792,2015-11-02,11
47.992,7,0.2,3.5994,2014-11-30,11
102.24,4,0.2,-16.614,2014-11-30,11
39.96,2,0.0,19.1808,2014-05-10,5
1432.0,5,0.2,125.3,2014-05-10,5
41.04,6,0.0,11.0808,2014-05-10,5
256.784,1,0.2,32.098,2014-05-10,5
120.98,1,0.0,12.098,2016-10-17,10
315.98,1,0.0,148.5106,2016-10-17,10
28.752,3,0.2,10.0632,2016-10-30,10
114.95,5,0.0,32.186,2016-10-30,10
23.04,8,0.0,6.912,2016-12-01,12
15.48,3,0.0,4.4892,2016-04-21,4
51.84,8,0.0,24.8832,2016-04-21,4
39.816,3,0.2,7.4655,2017-08-03,8
16.06,1,0.0,4.1756,2017-08-03,8
7.28,1,0.0,3.4944,2017-12-11,12
5.4,3,0.0,2.592,2017-12-11,12
19.44,3,0.0,9.3312,2015-03-14,3
39.88,2,0.0,11.1664,2014-12-08,12
79.44,3,0.0,28.5984,2014-12-08,12
20.664,7,0.2,6.9741,2017-09-30,9
32.4,5,0.0,15.552,2016-11-21,11
13.762,1,0.8,-24.7716,2017-11-24,11
15.28,2,0.0,7.4872,2017-11-14,11
44.688,7,0.2,3.3516,2015-08-16,8
301.47,3,0.5,-204.9996,2015-08-16,8
11.07,3,0.0,5.2029,2017-10-13,10
1504.52,4,0.0,346.0396,2017-10-13,10
25.92,4,0.0,12.4416,2017-10-13,10
7.536,6,0.8,-13.188,2017-11-04,11
1.408,2,0.8,-2.3232,2017-11-04,11
4.144,4,0.8,-6.4232,2017-11-04,11
52.752,3,0.2,-12.5286,2017-11-04,11
381.36,7,0.0,106.7808,2017-03-19,3
6.72,4,0.0,3.36,2014-11-03,11
15.192,3,0.2,5.5071,2017-07-23,7
58.32,9,0.0,27.9936,2017-07-23,7
946.764,6,0.7,-694.2936,2014-12-27,12
94.68,9,0.0,31.2444,2016-09-02,9
23.67,3,0.0,0.9468,2016-09-02,9
1091.168,4,0.2,68.198,2016-09-02,9
18.69,7,0.0,5.2332,2016-09-02,9
568.728,3,0.2,28.4364,2016-09-02,9
7.312,1,0.2,2.5592,2016-09-02,9
147.568,2,0.2,-3.6892,2017-02-11,2
56.784,7,0.2,20.5842,2017-10-27,10
5.607,3,0.7,-3.9249,2017-10-27,10
6.576,3,0.2,0.5754,2017-10-27,10
14.304,6,0.2,4.6488,2014-07-09,7
119.833,1,0.15,7.049,2014-07-09,7
5.56,2,0.0,2.224,2014-07-09,7
32.4,5,0.0,15.552,2014-07-09,7
9.84,3,0.0,2.8536,2017-05-22,5
2.78,1,0.0,0.7228,2017-05-22,5
3.64,1,0.2,1.365,2016-11-10,11
881.93,7,0.0,220.4825,2016-11-10,11
115.84,8,0.0,54.4448,2016-12-02,12
107.648,2,0.2,33.64,2017-03-02,3
199.95,5,0.0,63.984,2017-09-23,9
12.96,2,0.0,6.2208,2017-09-23,9
60.89,1,0.0,15.2225,2014-02-11,2
14.94,3,0.0,6.8724,2014-02-11,2
9.64,2,0.0,4.4344,2014-02-11,2
332.94,3,0.0,53.2704,2014-02-11,2
51.9,3,0.0,24.393,2014-02-11,2
64.96,2,0.0,2.5984,2014-02-11,2
25.5,3,0.0,6.63,2017-11-11,11
215.976,3,0.2,-2.6997,2017-09-02,9
389.97,3,0.0,35.0973,2015-10-09,10
269.91,5,0.1,53.982,2015-10-09,10
11.673,3,0.7,-7.782,2017-11-24,11
64.848,7,0.2,24.318,2017-11-24,11
14.56,2,0.0,5.5328,2014-02-08,2
102.582,1,0.1,6.8388,2015-09-25,9
20.04,3,0.0,9.6192,2015-09-25,9
32.088,7,0.2,11.2308,2017-08-21,8
4305.552,6,0.2,1453.1238,2017-08-21,8
10.02,3,0.0,4.4088,2016-05-12,5
631.96,4,0.0,303.3408,2016-05-12,5
1577.94,3,0.0,757.4112,2017-09-02,9
255.85,7,0.0,112.574,2014-10-10,10
184.704,6,0.2,13.8528,2016-05-26,5
47.92,2,0.2,11.98,2016-05-26,5
15.936,4,0.2,5.1792,2017-12-01,12
8.001,7,0.7,-5.6007,2017-12-01,12
398.972,2,0.3,-28.498,2017-12-01,12
163.88,2,0.0,40.97,2016-09-20,9
67.9,5,0.0,20.37,2017-09-11,9
72.224,4,0.2,25.2784,2016-12-30,12
11.696,2,0.2,3.9474,2017-09-02,9
392.94,3,0.0,43.2234,2014-11-18,11
18.176,1,0.2,4.7712,2015-11-21,11
6.888,3,0.8,-11.0208,2017-06-19,6
457.485,3,0.3,-84.9615,2017-06-19,6
1079.316,6,0.3,-15.4188,2017-11-30,11
48.91,1,0.0,22.9877,2014-04-23,4
9.84,3,0.0,2.8536,2014-09-23,9
34.5,3,0.0,15.525,2014-09-23,9
0.556,1,0.8,-0.9452,2017-03-02,3
43.8,6,0.0,20.586,2017-11-17,11
13.872,3,0.2,5.0286,2017-05-28,5
115.96,4,0.5,-64.9376,2017-05-28,5
41.424,2,0.2,8.2848,2015-04-18,4
244.768,4,0.2,24.4768,2015-04-18,4
74.352,3,0.2,6.5058,2015-04-18,4
4.312,2,0.8,-6.8992,2015-04-18,4
56.686,1,0.3,-20.245,2015-04-18,4
97.968,2,0.2,6.123,2015-04-18,4
7.872,3,0.2,0.8856,2015-04-18,4
15.552,3,0.2,5.4432,2015-04-18,4
1.476,1,0.8,-2.2878,2015-04-18,4
8.4,5,0.0,2.184,2015-09-19,9
6.56,2,0.0,1.9024,2014-03-25,3
14.88,2,0.0,3.72,2014-03-25,3
45.48,4,0.0,15.918,2014-03-25,3
25.44,6,0.0,9.9216,2014-03-25,3
146.688,8,0.2,45.84,2016-08-26,8
4.928,2,0.2,1.7248,2017-03-06,3
63.488,4,0.2,4.7616,2017-03-06,3
418.32,7,0.0,117.1296,2015-11-11,11
123.858,2,0.1,46.7908,2015-11-11,11
118.782,3,0.4,-27.7158,2016-04-05,4
769.184,4,0.2,-163.4516,2016-04-05,4
47.904,1,0.2,-2.994,2017-02-21,2
13.36,2,0.0,6.4128,2017-07-20,7
163.764,2,0.1,25.4744,2017-07-20,7
183.92,4,0.0,31.2664,2017-07-20,7
11.376,3,0.6,-5.688,2016-11-04,11
66.112,4,0.6,-84.2928,2016-11-04,11
211.04,8,0.0,97.0784,2017-09-23,9
594.816,2,0.2,59.4816,2017-09-23,9
72.96,3,0.2,23.712,2017-09-23,9
80.96,4,0.0,34.8128,2017-09-07,9
455.712,2,0.2,34.1784,2017-09-07,9
25.98,1,0.0,7.2744,2017-09-07,9
45.28,4,0.0,15.3952,2015-11-28,11
15.56,2,0.0,7.3132,2015-11-12,11
859.2,3,0.2,75.18,2016-09-29,9
195.68,4,0.0,50.8768,2017-09-11,9
14.2,4,0.0,6.674,2017-09-11,9
314.352,3,0.2,-15.7176,2017-05-01,5
4.608,2,0.2,1.4976,2017-05-01,5
17.9,5,0.0,8.771,2017-09-16,9
2.992,1,0.2,1.122,2014-10-19,10
20.064,6,0.2,7.0224,2014-10-19,10
146.73,3,0.0,68.9631,2014-10-19,10
18.75,5,0.0,9.0,2014-10-19,10
117.576,3,0.2,11.7576,2014-10-19,10
51.184,7,0.2,19.194,2016-03-13,3
455.97,5,0.4,-106.393,2017-02-17,2
5.715,5,0.7,-4.7625,2017-02-17,2
57.594,1,0.4,-11.5188,2017-02-17,2
30.144,2,0.2,8.2896,2017-02-17,2
899.43,5,0.3,-12.849,2017-02-17,2
842.72,8,0.0,202.2528,2016-12-22,12
41.96,2,0.0,10.9096,2016-12-22,12
13.216,4,0.2,4.4604,2016-09-23,9
184.752,3,0.2,-20.7846,2016-09-23,9
520.464,2,0.3,-14.8704,2017-09-24,9
11.424,3,0.2,3.7128,2017-09-24,9
19.44,3,0.0,9.3312,2015-12-01,12
3.64,2,0.0,1.0192,2015-12-01,12
18.54,2,0.0,8.7138,2015-12-01,12
43.12,5,0.2,15.092,2016-01-25,1
313.722,3,0.4,-99.3453,2016-01-25,1
45.98,1,0.0,7.8166,2016-01-25,1
428.68,7,0.0,0.0,2016-01-25,1
30.576,6,0.2,10.3194,2017-03-21,3
13.02,7,0.0,0.3906,2017-03-21,3
22.14,3,0.0,6.4206,2017-03-21,3
359.32,4,0.0,7.1864,2017-03-21,3
11.56,2,0.0,5.6644,2014-08-22,8
68.48,2,0.2,25.68,2014-06-08,6
1676.88,6,0.0,83.844,2014-06-08,6
37.94,2,0.0,18.2112,2016-04-07,4
272.97,3,0.0,43.6752,2017-11-07,11
41.568,4,0.2,-4.1568,2015-05-29,5
317.058,3,0.3,-86.0586,2015-05-29,5
8.04,5,0.2,2.9145,2015-05-29,5
419.944,7,0.2,52.493,2017-05-07,5
61.38,6,0.0,15.9588,2016-06-05,6
50.0,2,0.0,10.5,2015-12-14,12
31.8,3,0.0,13.674,2017-12-25,12
32.56,2,0.0,8.4656,2017-12-17,12
7.072,2,0.2,2.3868,2016-05-10,5
45.528,3,0.2,15.9348,2014-12-23,12
64.784,1,0.2,6.4784,2014-12-23,12
424.272,2,0.2,-10.6068,2014-12-23,12
1.344,1,0.2,0.504,2014-12-23,12
83.92,5,0.2,-1.049,2014-12-23,12
25.92,4,0.0,12.4416,2017-08-11,8
120.576,8,0.2,33.1584,2017-08-27,8
79.92,4,0.0,37.5624,2017-01-19,1
12.28,1,0.0,5.7716,2017-01-19,1
542.94,3,0.0,152.0232,2017-01-19,1
2.04,1,0.0,0.9588,2017-01-19,1
228.92,5,0.2,14.3075,2015-06-19,6
7.992,1,0.2,2.5974,2017-03-13,3
582.336,8,0.2,-29.1168,2015-10-25,10
629.95,5,0.0,157.4875,2014-09-20,9
631.782,2,0.1,140.396,2014-09-20,9
801.568,2,0.2,-10.0196,2014-09-20,9
75.18,6,0.0,35.3346,2014-09-20,9
30.98,1,0.0,8.0548,2014-09-20,9
1349.91,9,0.0,661.4559,2014-09-20,9
14.112,6,0.2,1.2348,2016-11-11,11
31.12,4,0.0,14.6264,2015-09-16,9
4.272,2,0.2,0.9612,2014-06-24,6
209.148,2,0.4,-66.2302,2016-08-12,8
1591.02,6,0.0,286.3836,2016-08-12,8
7.92,5,0.2,1.683,2017-04-13,4
574.91,2,0.3,156.047,2014-03-14,3
8.448,2,0.2,2.64,2014-03-14,3
1071.0,9,0.0,171.36,2017-09-22,9
12.07,1,0.0,3.9831,2017-09-22,9
3.273,1,0.7,-2.5093,2017-12-10,12
87.92,5,0.2,15.386,2017-12-10,12
104.696,1,0.2,6.5435,2016-03-10,3
2803.92,5,0.2,0.0,2015-01-27,1
6.816,2,0.8,-11.5872,2016-09-26,9
249.584,2,0.2,15.599,2015-10-18,10
17.94,3,0.0,8.7906,2015-10-18,10
10.11,3,0.0,3.2352,2015-10-18,10
10.368,2,0.2,3.6288,2014-10-27,10
11.952,3,0.2,4.0338,2014-10-27,10
15.224,2,0.8,-38.8212,2017-10-02,10
21.984,6,0.8,-56.0592,2017-10-02,10
604.752,6,0.2,60.4752,2014-07-23,7
40.7,5,0.0,11.803,2014-07-23,7
302.376,3,0.2,37.797,2014-07-23,7
45.0,3,0.0,4.95,2014-07-23,7
3785.292,6,0.1,420.588,2014-09-12,9
35.4,5,0.0,13.452,2016-09-15,9
199.9,5,0.0,39.98,2014-11-27,11
1212.96,8,0.3,-69.312,2014-05-11,5
1099.96,5,0.2,82.497,2015-08-28,8
103.481,1,0.3,-16.2613,2015-08-28,8
5.904,2,0.2,1.9926,2015-06-19,6
30.08,2,0.2,-5.264,2015-08-17,8
36.288,7,0.2,12.7008,2015-08-17,8
10.272,3,0.2,1.1556,2015-08-17,8
252.8,4,0.2,-31.6,2015-08-17,8
2.946,2,0.7,-2.0622,2015-09-25,9
12.96,2,0.0,6.2208,2017-05-26,5
285.576,4,0.4,-57.1152,2017-07-31,7
22.24,2,0.2,2.502,2014-10-12,10
14.62,2,0.0,6.7252,2014-05-25,5
48.36,5,0.2,6.045,2014-12-29,12
16.256,2,0.2,1.2192,2017-04-07,4
219.184,2,0.2,19.1786,2017-04-07,4
95.84,4,0.2,34.742,2015-03-01,3
12.39,3,0.0,5.6994,2015-05-29,5
35.88,6,0.0,16.146,2016-09-22,9
477.3,5,0.0,138.417,2017-05-27,5
12.32,4,0.0,5.9136,2016-09-17,9
8.608,2,0.2,3.0128,2014-09-08,9
136.26,9,0.0,5.4504,2017-06-03,6
186.15,3,0.0,55.845,2015-09-28,9
81.792,6,0.2,26.5824,2015-09-28,9
47.19,3,0.0,13.6851,2015-09-28,9
36.784,2,0.2,-8.2764,2015-09-28,9
91.475,1,0.5,-1.8295,2016-06-16,6
27.192,3,0.2,0.3399,2017-05-27,5
12.06,5,0.7,-10.05,2017-05-27,5
144.6,3,0.0,41.934,2014-10-09,10
15.992,1,0.2,-2.9985,2014-10-09,10
34.44,3,0.0,17.22,2014-11-17,11
321.552,6,0.2,20.097,2014-10-19,10
701.96,2,0.0,168.4704,2017-11-25,11
19.456,4,0.2,3.4048,2014-02-27,2
17.28,6,0.0,7.9488,2014-12-21,12
31.96,2,0.0,1.598,2016-11-19,11
164.688,6,0.2,55.5822,2017-11-05,11
166.5,2,0.4,-66.6,2017-11-05,11
12.96,2,0.0,6.2208,2017-11-05,11
110.96,2,0.0,53.2608,2017-11-05,11
99.98,2,0.0,3.9992,2017-11-05,11
11.424,1,0.2,3.7128,2017-11-05,11
128.124,2,0.1,24.2012,2017-11-05,11
101.4,5,0.0,38.532,2017-11-05,11
5.904,2,0.2,1.9926,2015-05-31,5
173.488,7,0.2,54.215,2015-05-31,5
51.56,2,0.6,-61.872,2015-05-31,5
3.564,3,0.8,-6.237,2015-05-31,5
13.16,5,0.2,4.1125,2014-09-07,9
3.828,3,0.8,-6.5076,2014-09-07,9
304.99,5,0.8,-533.7325,2014-09-07,9
18.16,2,0.2,1.816,2017-11-06,11
319.984,2,0.2,91.9954,2015-06-20,6
19.68,6,0.0,6.4944,2014-07-22,7
781.864,10,0.32,-137.976,2016-12-02,12
30.816,9,0.2,9.63,2016-12-02,12
673.344,3,0.3,-76.9536,2017-10-12,10
6.54,3,0.0,2.1582,2017-12-11,12
572.8,2,0.2,50.12,2015-10-01,10
197.05,7,0.0,59.115,2016-08-05,8
2022.272,8,0.2,682.5168,2017-01-03,1
9.12,3,0.0,3.1008,2017-01-03,1
38.16,9,0.0,19.08,2017-11-07,11
1592.85,7,0.0,350.427,2016-01-03,1
11.88,2,0.0,5.346,2016-01-03,1
120.0,6,0.0,46.8,2016-05-12,5
8.67,1,0.0,2.3409,2016-05-12,5
4.41,1,0.0,2.0286,2017-11-05,11
167.94,3,0.0,82.2906,2017-11-05,11
67.8,10,0.0,31.188,2017-11-05,11
26.94,3,0.0,11.3148,2016-05-26,5
32.04,3,0.0,8.01,2015-11-20,11
32.13,9,0.0,8.3538,2016-04-22,4
2.88,1,0.0,0.8064,2016-04-22,4
1091.93,7,0.0,272.9825,2016-10-14,10
111.96,2,0.0,54.8604,2016-10-14,10
26.7,2,0.0,7.476,2014-04-05,4
40.2,5,0.0,18.09,2014-04-05,4
13.89,3,0.0,4.5837,2014-04-05,4
689.82,6,0.0,20.6946,2014-04-05,4
38.34,9,0.0,15.7194,2016-08-06,8
9.264,3,0.8,-13.896,2014-12-14,12
204.6664,1,0.32,-6.0196,2017-05-30,5
1649.75,5,0.0,544.4175,2016-10-14,10
91.056,6,0.2,31.8696,2014-03-14,3
54.208,14,0.2,8.8088,2014-02-17,2
26.982,3,0.4,4.0473,2015-08-24,8
6.912,3,0.2,2.5056,2015-08-24,8
435.504,3,0.2,48.9942,2015-08-24,8
81.08,4,0.0,22.7024,2017-05-08,5
93.02,2,0.0,3.7208,2016-02-04,2
323.976,3,0.2,36.4473,2014-12-19,12
15.552,3,0.2,5.4432,2014-12-19,12
32.592,3,0.2,-7.7406,2014-12-19,12
83.92,5,0.2,29.372,2017-12-05,12
199.9,5,0.0,39.98,2017-12-05,12
31.176,3,0.2,-7.0146,2017-12-05,12
172.752,6,0.2,60.4632,2017-12-05,12
9.296,2,0.2,3.0212,2017-12-05,12
12.768,2,0.2,0.9576,2017-03-24,3
52.76,2,0.0,24.2696,2017-07-08,7
55.616,2,0.2,5.5616,2017-10-26,10
427.644,14,0.1,80.7772,2016-10-27,10
40.67,7,0.0,12.6077,2016-10-27,10
33.48,2,0.0,1.3392,2016-10-27,10
9.728,2,0.2,3.2832,2016-10-27,10
8.856,3,0.6,-6.8634,2017-06-12,6
477.666,2,0.15,84.294,2016-09-25,9
16.9,5,0.0,7.774,2017-09-07,9
39.96,2,0.0,18.7812,2017-09-07,9
191.968,7,0.2,16.7972,2015-05-11,5
35.52,3,0.2,13.32,2015-08-06,8
6.23,5,0.8,-9.6565,2015-08-06,8
56.704,2,0.2,19.1376,2015-08-06,8
369.1992,3,0.32,-114.0174,2015-08-06,8
1.98,2,0.0,0.891,2014-10-29,10
75.88,2,0.0,35.6636,2014-10-29,10
6.848,2,0.2,2.14,2016-06-18,6
4.626,2,0.7,-3.855,2016-06-18,6
453.6,3,0.2,90.72,2016-06-18,6
13.848,3,0.2,5.193,2015-05-03,5
577.584,6,0.2,43.3188,2015-11-10,11
151.96,4,0.0,36.4704,2015-05-30,5
68.432,7,0.2,8.554,2016-09-22,9
71.12,5,0.2,9.779,2015-11-28,11
3.008,2,0.2,0.564,2015-11-28,11
184.66,7,0.0,84.9436,2015-12-03,12
5.312,2,0.6,-1.5936,2014-10-17,10
132.52,5,0.2,34.7865,2016-05-03,5
195.64,5,0.2,-44.019,2016-05-03,5
51.968,2,0.2,10.3936,2016-05-03,5
431.976,3,0.2,-75.5958,2016-05-03,5
224.937,3,0.7,-164.9538,2016-05-03,5
6.0,2,0.2,2.1,2016-05-03,5
11.76,2,0.0,5.7624,2015-06-01,6
1125.488,7,0.2,98.4802,2014-03-31,3
12.645,5,0.7,-10.116,2014-03-31,3
4.032,2,0.2,1.0584,2014-03-31,3
79.96,4,0.0,22.3888,2017-07-05,7
6.732,6,0.7,-4.488,2015-09-24,9
33.568,2,0.2,1.6784,2015-09-24,9
15.84,2,0.2,5.544,2015-09-24,9
24.424,1,0.2,7.9378,2015-09-24,9
17.12,5,0.2,1.926,2015-09-24,9
31.56,3,0.0,10.4148,2015-08-13,8
105.686,1,0.3,-28.6862,2015-05-26,5
399.54,2,0.4,-79.908,2015-05-26,5
104.93,5,0.3,-4.497,2015-05-26,5
1079.85,3,0.0,323.955,2017-09-14,9
70.98,1,0.0,3.549,2017-09-14,9
29.95,5,0.0,8.6855,2017-09-14,9
589.41,5,0.1,-6.549,2017-09-14,9
9.648,6,0.2,3.4974,2016-06-07,6
400.784,1,0.2,-5.0098,2017-06-25,6
53.72,4,0.0,13.9672,2017-08-26,8
31.008,1,0.2,11.2404,2016-08-26,8
61.12,5,0.2,22.156,2016-11-18,11
195.136,4,0.2,-43.9056,2017-04-17,4
121.536,4,0.2,15.192,2017-07-23,7
17.472,3,0.2,5.6784,2014-05-11,5
104.58,9,0.8,-172.557,2014-05-11,5
24.7,5,0.6,-9.88,2016-07-28,7
302.72,5,0.6,-378.4,2016-07-28,7
8.56,2,0.0,3.852,2017-09-14,9
11.56,2,0.0,5.6644,2017-09-14,9
25.86,3,0.0,6.7236,2017-01-24,1
276.784,2,0.2,89.9548,2017-01-24,1
110.352,3,0.2,8.2764,2017-01-24,1
60.84,3,0.0,19.4688,2015-09-19,9
35.208,1,0.2,2.6406,2015-04-14,4
41.472,8,0.2,14.5152,2017-05-08,5
239.5,5,0.0,114.96,2016-09-04,9
34.2,5,0.0,9.234,2014-05-19,5
376.866,3,0.4,-213.5574,2016-06-17,6
197.72,4,0.0,55.3616,2015-11-02,11
70.72,4,0.2,-6.188,2017-11-04,11
194.352,3,0.2,-43.7292,2017-11-04,11
21.6,6,0.0,9.936,2017-12-05,12
11.07,3,0.0,5.2029,2017-12-05,12
282.84,4,0.0,19.7988,2016-05-16,5
27.72,9,0.0,13.3056,2016-05-16,5
11.68,4,0.0,5.256,2017-10-24,10
239.984,2,0.2,23.9984,2016-09-18,9
22.98,1,0.0,6.894,2014-11-11,11
102.13,7,0.0,15.3195,2014-11-11,11
2033.584,2,0.2,762.594,2014-11-11,11
5.76,2,0.0,1.6704,2016-08-22,8
899.982,3,0.4,74.9985,2017-11-16,11
86.352,3,0.2,5.397,2017-11-16,11
139.96,5,0.2,-1.7495,2017-11-16,11
16.704,6,0.2,1.2528,2014-09-26,9
3.152,2,0.2,0.4728,2014-09-26,9
32.896,4,0.2,11.1024,2014-09-26,9
21.392,2,0.8,-54.5496,2017-06-29,6
307.314,3,0.3,-39.5118,2017-06-29,6
409.9992,3,0.32,-96.4704,2017-06-29,6
9.248,2,0.2,3.3524,2017-09-23,9
14.67,3,0.0,6.7482,2014-11-23,11
37.408,7,0.2,13.0928,2014-01-13,1
3.438,2,0.7,-2.5212,2014-01-13,1
7.152,3,0.2,2.3244,2016-05-31,5
179.7,6,0.0,88.053,2016-05-31,5
90.64,8,0.0,38.9752,2017-02-13,2
177.0,3,0.0,30.09,2014-10-14,10
79.45,7,0.0,22.246,2014-10-14,10
1628.82,9,0.0,260.6112,2014-10-14,10
137.54,2,0.0,55.016,2014-11-18,11
730.2,4,0.0,94.926,2014-11-18,11
11.56,2,0.0,5.6644,2017-11-12,11
4297.644,13,0.4,-1862.3124,2015-01-28,1
20.65,5,0.0,9.499,2014-03-07,3
204.9,5,0.0,0.0,2014-03-07,3
436.704,6,0.2,21.8352,2014-03-07,3
481.568,2,0.2,54.1764,2014-03-07,3
89.544,7,0.2,12.3123,2017-06-08,6
35.168,2,0.2,-8.3524,2017-06-08,6
72.588,2,0.7,-48.392,2017-06-08,6
221.16,4,0.0,57.5016,2014-11-19,11
281.97,3,0.0,78.9516,2014-11-19,11
3406.664,8,0.15,160.3136,2016-11-26,11
37.17,9,0.0,10.4076,2016-11-26,11
64.96,2,0.0,19.488,2016-11-26,11
595.38,6,0.0,297.69,2016-11-26,11
95.984,2,0.2,11.998,2017-01-23,1
4.938,2,0.7,-3.6212,2017-01-23,1
97.44,3,0.0,35.0784,2014-09-22,9
3.984,1,0.2,1.3944,2014-09-22,9
13.04,4,0.0,5.7376,2014-09-22,9
579.528,4,0.1,83.7096,2014-09-22,9
18.75,5,0.0,9.0,2014-03-26,3
3023.928,9,0.2,226.7946,2016-06-06,6
26.96,2,0.0,3.7744,2016-06-06,6
477.6,3,0.2,161.19,2016-06-06,6
193.95,3,0.0,9.6975,2017-08-31,8
12.96,2,0.0,6.2208,2015-12-07,12
119.94,3,0.0,23.988,2017-11-16,11
12.42,3,0.0,4.4712,2017-11-16,11
18.088,7,0.2,6.5569,2016-04-23,4
71.97,3,0.0,35.985,2016-04-23,4
14.94,3,0.0,6.8724,2017-04-02,4
64.68,7,0.2,8.085,2015-08-13,8
22.0,5,0.2,1.375,2017-11-13,11
7.968,2,0.2,2.6892,2016-12-23,12
1499.97,5,0.4,-374.9925,2016-12-23,12
26.632,1,0.2,1.3316,2014-07-22,7
41.6,4,0.0,14.144,2016-05-06,5
64.02,6,0.0,29.4492,2014-11-28,11
6.99,3,0.0,2.0271,2016-04-18,4
6.84,1,0.0,1.8468,2016-04-18,4
323.1,2,0.0,61.389,2015-12-27,12
668.16,9,0.2,75.168,2015-12-27,12
8.64,3,0.0,4.2336,2017-12-13,12
38.88,6,0.0,18.6624,2017-12-13,12
201.04,8,0.0,54.2808,2017-12-13,12
12.96,2,0.0,6.3504,2017-12-13,12
16.59,1,0.0,5.8065,2017-01-02,1
35.1,6,0.0,10.179,2017-05-30,5
11.646,9,0.8,-17.469,2017-09-30,9
32.4,5,0.0,15.552,2017-06-20,6
503.96,4,0.0,125.99,2017-06-20,6
7.04,4,0.0,2.0416,2017-04-04,4
613.9992,3,0.32,-18.0588,2015-11-13,11
470.36,11,0.0,122.2936,2015-08-28,8
31.08,6,0.0,15.2292,2017-09-24,9
7.3,2,0.0,2.19,2017-09-24,9
73.536,4,0.2,9.192,2016-12-11,12
491.55,5,0.0,240.8595,2014-06-10,6
30.336,4,0.2,9.48,2016-03-11,3
22.83,3,0.0,10.7301,2017-12-15,12
54.32,4,0.0,16.296,2017-12-15,12
196.776,3,0.2,14.7582,2017-12-15,12
3.62,2,0.0,1.1946,2016-10-30,10
11.54,1,0.0,5.5392,2017-07-31,7
849.95,5,0.0,390.977,2017-07-31,7
11.01,3,0.0,5.3949,2017-07-31,7
39.624,3,0.2,13.8684,2017-10-19,10
242.136,3,0.2,12.1068,2016-10-21,10
12.39,3,0.0,5.6994,2016-10-21,10
19.96,2,0.0,5.5888,2016-10-21,10
340.92,3,0.0,3.4092,2016-10-21,10
273.568,2,0.2,-34.196,2014-11-05,11
13.194,2,0.7,-8.796,2014-11-05,11
1080.096,6,0.2,-94.5084,2014-11-05,11
51.56,5,0.2,-6.445,2014-11-05,11
58.416,2,0.2,16.7946,2014-11-05,11
57.584,2,0.2,20.1544,2016-11-07,11
37.312,4,0.2,2.7984,2016-08-12,8
79.96,5,0.2,7.996,2016-05-30,5
223.96,5,0.2,11.198,2016-05-30,5
221.024,2,0.2,-55.256,2017-11-12,11
18.96,2,0.0,7.584,2016-09-22,9
326.646,3,0.1,39.9234,2016-02-16,2
89.97,3,0.0,39.5868,2016-02-16,2
296.712,13,0.2,100.1403,2014-12-22,12
12.224,2,0.2,4.4312,2015-12-05,12
89.97,3,0.0,37.7874,2017-09-17,9
286.86,7,0.0,80.3208,2017-12-02,12
979.95,5,0.0,284.1855,2017-12-02,12
4.36,2,0.0,0.1744,2017-12-02,12
10.048,2,0.2,3.14,2014-09-29,9
807.75,5,0.0,153.4725,2014-09-29,9
34.24,8,0.0,9.9296,2017-11-14,11
500.24,13,0.0,145.0696,2014-08-20,8
20.12,2,0.0,9.2552,2014-08-20,8
896.99,1,0.0,421.5853,2014-08-20,8
5.88,1,0.2,1.9845,2014-11-19,11
269.98,2,0.0,72.8946,2015-06-29,6
310.12,2,0.0,80.6312,2017-03-16,3
70.464,6,0.2,22.9008,2017-03-16,3
19.68,5,0.2,6.888,2017-03-16,3
140.67,3,0.0,54.8613,2017-03-16,3
4404.9,5,0.0,1013.127,2015-11-08,11
62.65,5,0.0,29.4455,2017-11-28,11
9.45,3,0.0,4.536,2016-06-16,6
268.576,4,0.2,90.6444,2017-01-21,1
364.08,2,0.2,9.102,2017-11-24,11
71.088,2,0.2,-1.7772,2017-11-24,11
10.984,2,0.6,-7.9634,2014-11-11,11
797.944,4,0.3,-56.996,2014-11-11,11
159.98,2,0.0,57.5928,2016-03-04,3
5.344,2,0.2,0.668,2016-10-11,10
27.72,3,0.2,3.465,2016-10-11,10
2.496,1,0.2,0.9048,2016-07-01,7
8.26,2,0.0,3.7996,2017-03-27,3
17.76,2,0.0,8.88,2017-03-27,3
332.94,3,0.0,9.9882,2017-03-27,3
292.1,2,0.0,58.42,2017-03-27,3
206.1,5,0.0,55.647,2017-03-27,3
17.64,4,0.0,8.1144,2017-03-27,3
1403.92,5,0.2,70.196,2016-10-31,10
4.3,2,0.0,1.419,2017-11-04,11
239.97,3,0.0,86.3892,2014-02-14,2
81.96,2,0.0,22.9488,2014-02-14,2
238.62,2,0.0,4.7724,2014-02-14,2
139.8,5,0.2,12.2325,2014-06-18,6
9.84,2,0.0,4.7232,2017-02-28,2
7.78,1,0.0,3.501,2017-02-28,2
54.9,5,0.0,26.901,2017-12-09,12
50.04,6,0.0,25.02,2017-12-07,12
339.92,5,0.2,8.498,2016-11-24,11
10.528,4,0.2,3.4216,2016-11-24,11
42.384,2,0.2,4.2384,2016-11-24,11
123.92,5,0.2,38.725,2016-07-03,7
135.95,1,0.0,39.4255,2016-06-26,6
2177.584,8,0.8,-3701.8928,2014-07-26,7
17.496,3,0.6,-10.0602,2014-07-26,7
16.784,4,0.8,-26.8544,2014-07-26,7
431.136,9,0.2,-26.946,2014-07-26,7
8.88,5,0.8,-13.32,2014-07-26,7
4.836,2,0.8,-12.09,2014-07-26,7
437.85,3,0.0,131.355,2016-09-14,9
673.568,2,0.2,252.588,2016-09-14,9
274.8,5,0.0,134.652,2015-05-31,5
62.18,1,0.0,16.7886,2015-05-31,5
8.28,2,0.0,2.9808,2015-05-31,5
48.81,3,0.0,23.9169,2015-05-09,5
149.9,5,0.0,40.473,2014-11-05,11
1023.332,5,0.32,-30.098,2017-03-27,3
600.558,3,0.3,-8.5794,2017-03-27,3
39.992,1,0.2,6.9986,2017-03-27,3
211.246,2,0.3,-66.3916,2017-03-27,3
56.064,6,0.2,21.024,2014-05-21,5
107.772,2,0.3,-29.2524,2014-05-21,5
4.832,1,0.2,1.6308,2014-05-21,5
18.24,3,0.8,-31.008,2014-05-21,5
3.798,3,0.8,-5.8869,2016-05-21,5
10.368,2,0.2,1.5552,2015-01-12,1
235.188,2,0.4,-43.1178,2015-01-12,1
26.376,4,0.4,2.6376,2015-01-12,1
10.384,2,0.2,2.2066,2015-01-12,1
107.118,3,0.4,-21.4236,2015-01-12,1
97.3,7,0.0,28.217,2017-09-29,9
3.328,2,0.2,1.2064,2015-07-18,7
135.99,1,0.0,36.7173,2015-07-18,7
7.38,1,0.0,2.1402,2015-07-18,7
45.568,2,0.2,9.6832,2016-10-21,10
28.752,8,0.7,-21.0848,2016-10-21,10
194.848,4,0.2,12.178,2017-07-27,7
2.112,2,0.8,-3.3792,2017-07-21,7
25.92,5,0.2,9.072,2014-11-07,11
120.768,4,0.2,9.0576,2014-11-07,11
25.92,4,0.0,12.4416,2016-11-27,11
34.65,3,0.0,9.702,2016-11-27,11
204.95,5,0.0,100.4255,2016-11-27,11
79.95,5,0.0,38.376,2016-11-27,11
173.488,7,0.2,54.215,2015-06-08,6
516.96,4,0.2,-6.462,2015-06-08,6
173.208,7,0.2,45.4671,2015-06-08,6
4.448,2,0.2,0.3336,2015-06-08,6
9.0,3,0.2,3.15,2015-06-08,6
42.24,10,0.2,13.2,2015-06-08,6
18.264,2,0.7,-13.3936,2015-06-08,6
152.91,3,0.0,42.8148,2014-08-15,8
92.94,3,0.0,41.823,2014-08-15,8
17.856,4,0.2,6.2496,2014-08-15,8
46.44,3,0.2,15.093,2014-08-15,8
195.136,4,0.2,-12.196,2014-08-15,8
129.3,2,0.0,6.465,2017-06-19,6
11.568,3,0.2,3.7596,2017-06-19,6
242.352,3,0.2,15.147,2017-07-16,7
319.968,4,0.2,95.9904,2014-12-16,12
8.624,7,0.6,-2.5872,2014-12-16,12
3.984,1,0.2,1.4442,2014-05-18,5
895.944,7,0.2,190.3881,2017-09-14,9
14.0,4,0.6,-6.3,2016-10-10,10
16.392,2,0.8,-26.2272,2016-10-10,10
10.9,5,0.0,5.123,2016-09-25,9
29.6,2,0.0,14.8,2016-09-25,9
4.98,1,0.0,2.2908,2016-09-25,9
479.976,3,0.2,161.9919,2016-09-25,9
44.736,8,0.2,4.4736,2016-09-25,9
5.76,2,0.0,1.6704,2016-09-25,9
483.136,4,0.2,60.392,2016-09-25,9
15.936,4,0.2,5.1792,2014-06-03,6
61.544,7,0.6,-40.0036,2014-06-03,6
132.696,3,0.2,9.9522,2014-06-03,6
43.1,5,0.0,11.206,2017-09-02,9
511.5,5,0.0,132.99,2017-09-02,9
147.92,5,0.2,46.225,2017-09-02,9
39.68,2,0.0,16.2688,2014-04-12,4
12.56,2,0.0,4.0192,2016-05-02,5
90.48,3,0.2,33.93,2016-05-02,5
13.08,2,0.0,6.0168,2016-05-02,5
214.7,5,0.0,83.733,2016-05-02,5
50.32,4,0.0,21.1344,2017-06-19,6
24.56,2,0.0,11.5432,2017-06-19,6
43.68,6,0.0,20.9664,2014-11-06,11
3393.68,8,0.0,610.8624,2015-03-26,3
67.4,5,0.0,17.524,2017-01-14,1
2.52,2,0.0,0.1008,2017-01-14,1
67.8,4,0.0,1.356,2017-01-14,1
18.76,2,0.0,5.2528,2017-01-14,1
12.12,4,0.0,2.5452,2017-01-14,1
11.34,1,0.0,5.5566,2017-01-14,1
159.8,4,0.0,70.312,2017-01-14,1
18.96,2,0.0,8.532,2017-01-14,1
1085.42,7,0.0,282.2092,2015-03-26,3
13.11,3,0.0,3.4086,2015-03-26,3
68.704,2,0.2,16.3172,2014-11-01,11
3.132,2,0.7,-2.61,2014-11-01,11
22.428,3,0.7,-17.9424,2014-11-01,11
290.336,2,0.2,32.6628,2017-10-06,10
19.152,2,0.2,1.197,2017-10-06,10
6.48,1,0.0,3.1104,2016-12-10,12
63.968,2,0.2,19.99,2016-09-22,9
6.36,2,0.0,0.0636,2015-12-29,12
848.544,4,0.2,-21.2136,2017-04-20,4
8.7,5,0.7,-6.38,2017-04-20,4
122.382,3,0.4,-24.4764,2017-04-20,4
573.174,7,0.1,63.686,2016-08-21,8
85.056,3,0.2,28.7064,2015-05-29,5
14.04,3,0.0,6.7392,2014-08-12,8
272.61,13,0.0,98.1396,2014-08-12,8
11.16,2,0.0,5.58,2014-04-03,4
62.31,3,0.0,22.4316,2014-04-03,4
159.98,2,0.0,57.5928,2014-04-03,4
5.94,3,0.0,0.0,2014-01-23,1
9.96,2,0.0,4.6812,2017-10-12,10
79.99,1,0.0,28.7964,2015-08-08,8
8.94,3,0.0,2.4138,2017-03-19,3
20.62,2,0.0,9.6914,2016-07-25,7
124.25,7,0.0,48.4575,2016-07-25,7
297.55,5,0.0,83.314,2016-07-25,7
403.56,4,0.0,96.8544,2016-07-25,7
95.2,5,0.0,27.608,2016-07-25,7
153.824,11,0.2,38.456,2014-09-26,9
62.016,2,0.2,22.4808,2014-06-17,6
466.32,3,0.2,34.974,2016-06-06,6
82.64,2,0.2,0.0,2016-06-06,6
330.588,1,0.4,-143.2548,2014-03-28,3
237.096,3,0.2,20.7459,2017-08-21,8
22.752,3,0.2,7.11,2017-08-21,8
6.672,1,0.2,2.085,2017-08-21,8
25.128,3,0.6,-6.9102,2014-11-12,11
127.984,2,0.2,25.5968,2014-11-12,11
131.88,7,0.0,55.3896,2015-09-13,9
25.032,3,0.2,7.8225,2015-09-13,9
717.72,3,0.2,71.772,2015-09-13,9
207.35,5,0.0,24.882,2015-09-13,9
44.67,3,0.0,12.0609,2015-09-13,9
209.7,2,0.0,100.656,2015-09-13,9
115.36,7,0.0,56.5264,2014-04-05,4
362.136,3,0.2,-54.3204,2015-10-10,10
31.05,3,0.0,14.904,2015-10-10,10
12.96,2,0.0,6.2208,2017-01-29,1
94.85,5,0.0,45.528,2017-01-29,1
13.48,1,0.0,3.5048,2017-01-29,1
14.91,3,0.0,4.6221,2017-01-29,1
39.98,1,0.0,17.991,2015-09-24,9
528.43,5,0.3,-143.431,2016-03-15,3
22.386,7,0.8,-35.8176,2016-03-15,3
5.742,3,0.7,-4.5936,2014-11-24,11
191.968,4,0.2,28.7952,2017-05-06,5
49.848,3,0.2,16.8237,2015-03-20,3
23.99,1,0.0,11.995,2015-03-20,3
1087.936,8,0.2,353.5792,2015-03-20,3
199.98,2,0.0,53.9946,2015-03-20,3
83.92,4,0.0,20.1408,2015-03-20,3
24.27,3,0.0,8.7372,2016-09-04,9
2799.96,5,0.2,944.9865,2016-09-04,9
9.872,2,0.2,3.4552,2015-11-13,11
683.332,4,0.15,-40.196,2015-11-13,11
29.96,7,0.0,13.482,2015-11-13,11
164.85,3,0.0,47.8065,2014-07-11,7
33.528,3,0.2,2.5146,2016-04-07,4
36.744,3,0.2,3.6744,2016-04-07,4
102.93,3,0.0,48.3771,2017-06-24,6
71.088,2,0.2,-1.7772,2016-06-03,6
60.35,5,0.0,19.9155,2016-12-12,12
35.52,4,0.0,9.9456,2016-12-12,12
11.2,7,0.0,4.816,2016-12-12,12
223.58,14,0.0,87.1962,2017-11-24,11
998.82,9,0.0,29.9646,2014-12-28,12
51.15,5,0.0,13.299,2014-12-28,12
40.74,3,0.0,0.4074,2015-04-12,4
3.424,1,0.2,1.07,2014-03-02,3
151.2,3,0.2,32.13,2014-03-02,3
1925.88,6,0.0,539.2464,2017-06-01,6
2405.2,8,0.0,793.716,2017-06-01,6
83.97,3,0.0,15.9543,2017-06-01,6
39.89,1,0.0,14.7593,2017-06-01,6
17.38,2,0.0,8.69,2017-06-01,6
55.264,2,0.2,20.724,2015-12-14,12
6.48,1,0.0,3.1104,2015-12-14,12
34.248,3,0.2,11.5587,2015-12-14,12
273.568,2,0.2,10.2588,2015-12-14,12
46.35,5,0.0,21.7845,2014-11-11,11
223.92,4,0.0,109.7208,2014-11-11,11
7.3,2,0.0,2.19,2014-11-11,11
9.344,2,0.2,1.8688,2017-10-06,10
18.0,1,0.0,3.24,2017-09-16,9
65.584,2,0.2,23.7742,2015-03-19,3
383.4656,4,0.32,-67.6704,2015-03-19,3
10.368,2,0.2,3.6288,2015-07-26,7
13.4,1,0.0,6.432,2016-12-05,12
4.98,1,0.0,2.3406,2016-12-05,12
109.69,7,0.0,51.5543,2016-12-05,12
40.2,5,0.0,18.09,2017-12-11,12
735.98,2,0.0,331.191,2017-12-11,12
22.75,7,0.0,6.5975,2017-12-11,12
119.56,2,0.0,54.9976,2015-06-28,6
140.75,5,0.0,42.225,2015-06-28,6
99.568,2,0.2,33.6042,2016-09-11,9
271.96,5,0.2,27.196,2016-12-06,12
18.69,7,0.0,5.2332,2016-12-06,12
13.36,2,0.0,6.4128,2016-12-06,12
249.584,2,0.2,31.198,2016-12-06,12
13.86,7,0.0,0.0,2016-12-06,12
13.376,4,0.2,4.6816,2016-12-06,12
437.472,14,0.2,153.1152,2016-12-06,12
85.98,1,0.0,22.3548,2015-09-06,9
16.52,5,0.2,5.369,2017-08-03,8
35.56,7,0.0,16.7132,2016-09-22,9
97.98,2,0.0,27.4344,2016-09-22,9
31.5,10,0.0,15.12,2015-05-17,5
55.6,4,0.0,16.124,2015-05-17,5
36.24,1,0.0,15.2208,2016-09-29,9
79.99,1,0.0,28.7964,2017-11-17,11
206.1,5,0.0,55.647,2017-11-17,11
25.248,3,0.2,4.1028,2014-01-21,1
91.96,2,0.0,15.6332,2017-02-26,2
258.576,2,0.2,19.3932,2017-02-26,2
29.6,4,0.0,13.32,2017-02-26,2
243.16,2,0.0,72.948,2017-05-04,5
